[0.146s] DEBUG:colcon:Command line arguments: ['/usr/bin/colcon', 'build']
[0.146s] DEBUG:colcon:Parsed command line arguments: Namespace(log_base=None, log_level=None, verb_name='build', build_base='build', install_base='install', merge_install=False, symlink_install=False, test_result_base=None, continue_on_error=False, executor='parallel', parallel_workers=8, event_handlers=None, ignore_user_meta=False, metas=['./colcon.meta'], base_paths=['.'], packages_ignore=None, packages_ignore_regex=None, paths=None, packages_up_to=None, packages_up_to_regex=None, packages_above=None, packages_above_and_dependencies=None, packages_above_depth=None, packages_select_by_dep=None, packages_skip_by_dep=None, packages_skip_up_to=None, packages_select_build_failed=False, packages_skip_build_finished=False, packages_select_test_failures=False, packages_skip_test_passed=False, packages_select=None, packages_skip=None, packages_select_regex=None, packages_skip_regex=None, packages_start=None, packages_end=None, cmake_args=None, cmake_target=None, cmake_target_skip_unavailable=False, cmake_clean_cache=False, cmake_clean_first=False, cmake_force_configure=False, ament_cmake_args=None, catkin_cmake_args=None, catkin_skip_building_tests=False, verb_parser=<colcon_defaults.argument_parser.defaults.DefaultArgumentsDecorator object at 0x7f9c4d4cd0>, verb_extension=<colcon_core.verb.build.BuildVerb object at 0x7f9c6023e0>, main=<bound method BuildVerb.main of <colcon_core.verb.build.BuildVerb object at 0x7f9c6023e0>>)
[0.348s] Level 1:colcon.colcon_core.package_discovery:discover_packages(colcon_meta) check parameters
[0.348s] Level 1:colcon.colcon_core.package_discovery:discover_packages(recursive) check parameters
[0.348s] Level 1:colcon.colcon_core.package_discovery:discover_packages(ignore) check parameters
[0.348s] Level 1:colcon.colcon_core.package_discovery:discover_packages(path) check parameters
[0.348s] Level 1:colcon.colcon_core.package_discovery:discover_packages(colcon_meta) discover
[0.348s] Level 1:colcon.colcon_core.package_discovery:discover_packages(recursive) discover
[0.348s] INFO:colcon.colcon_core.package_discovery:Crawling recursively for packages in '/home/orangepi/marco_ws'
[0.348s] Level 1:colcon.colcon_core.package_identification:_identify(.) by extensions ['ignore', 'ignore_ament_install']
[0.348s] Level 1:colcon.colcon_core.package_identification:_identify(.) by extension 'ignore'
[0.349s] Level 1:colcon.colcon_core.package_identification:_identify(.) by extension 'ignore_ament_install'
[0.349s] Level 1:colcon.colcon_core.package_identification:_identify(.) by extensions ['colcon_pkg']
[0.349s] Level 1:colcon.colcon_core.package_identification:_identify(.) by extension 'colcon_pkg'
[0.349s] Level 1:colcon.colcon_core.package_identification:_identify(.) by extensions ['colcon_meta']
[0.349s] Level 1:colcon.colcon_core.package_identification:_identify(.) by extension 'colcon_meta'
[0.349s] Level 1:colcon.colcon_core.package_identification:_identify(.) by extensions ['ros']
[0.349s] Level 1:colcon.colcon_core.package_identification:_identify(.) by extension 'ros'
[0.366s] Level 1:colcon.colcon_core.package_identification:_identify(.) by extensions ['cmake', 'python']
[0.367s] Level 1:colcon.colcon_core.package_identification:_identify(.) by extension 'cmake'
[0.367s] Level 1:colcon.colcon_core.package_identification:_identify(.) by extension 'python'
[0.367s] Level 1:colcon.colcon_core.package_identification:_identify(.) by extensions ['python_setup_py']
[0.367s] Level 1:colcon.colcon_core.package_identification:_identify(.) by extension 'python_setup_py'
[0.367s] Level 1:colcon.colcon_core.package_identification:_identify(build) by extensions ['ignore', 'ignore_ament_install']
[0.367s] Level 1:colcon.colcon_core.package_identification:_identify(build) by extension 'ignore'
[0.367s] Level 1:colcon.colcon_core.package_identification:_identify(build) ignored
[0.368s] Level 1:colcon.colcon_core.package_identification:_identify(install) by extensions ['ignore', 'ignore_ament_install']
[0.368s] Level 1:colcon.colcon_core.package_identification:_identify(install) by extension 'ignore'
[0.368s] Level 1:colcon.colcon_core.package_identification:_identify(install) ignored
[0.368s] Level 1:colcon.colcon_core.package_identification:_identify(log) by extensions ['ignore', 'ignore_ament_install']
[0.368s] Level 1:colcon.colcon_core.package_identification:_identify(log) by extension 'ignore'
[0.368s] Level 1:colcon.colcon_core.package_identification:_identify(log) ignored
[0.368s] Level 1:colcon.colcon_core.package_identification:_identify(src) by extensions ['ignore', 'ignore_ament_install']
[0.368s] Level 1:colcon.colcon_core.package_identification:_identify(src) by extension 'ignore'
[0.368s] Level 1:colcon.colcon_core.package_identification:_identify(src) by extension 'ignore_ament_install'
[0.368s] Level 1:colcon.colcon_core.package_identification:_identify(src) by extensions ['colcon_pkg']
[0.369s] Level 1:colcon.colcon_core.package_identification:_identify(src) by extension 'colcon_pkg'
[0.369s] Level 1:colcon.colcon_core.package_identification:_identify(src) by extensions ['colcon_meta']
[0.369s] Level 1:colcon.colcon_core.package_identification:_identify(src) by extension 'colcon_meta'
[0.369s] Level 1:colcon.colcon_core.package_identification:_identify(src) by extensions ['ros']
[0.369s] Level 1:colcon.colcon_core.package_identification:_identify(src) by extension 'ros'
[0.369s] Level 1:colcon.colcon_core.package_identification:_identify(src) by extensions ['cmake', 'python']
[0.369s] Level 1:colcon.colcon_core.package_identification:_identify(src) by extension 'cmake'
[0.369s] Level 1:colcon.colcon_core.package_identification:_identify(src) by extension 'python'
[0.369s] Level 1:colcon.colcon_core.package_identification:_identify(src) by extensions ['python_setup_py']
[0.369s] Level 1:colcon.colcon_core.package_identification:_identify(src) by extension 'python_setup_py'
[0.369s] Level 1:colcon.colcon_core.package_identification:_identify(src/lane_tracking) by extensions ['ignore', 'ignore_ament_install']
[0.369s] Level 1:colcon.colcon_core.package_identification:_identify(src/lane_tracking) by extension 'ignore'
[0.369s] Level 1:colcon.colcon_core.package_identification:_identify(src/lane_tracking) by extension 'ignore_ament_install'
[0.369s] Level 1:colcon.colcon_core.package_identification:_identify(src/lane_tracking) by extensions ['colcon_pkg']
[0.369s] Level 1:colcon.colcon_core.package_identification:_identify(src/lane_tracking) by extension 'colcon_pkg'
[0.369s] Level 1:colcon.colcon_core.package_identification:_identify(src/lane_tracking) by extensions ['colcon_meta']
[0.369s] Level 1:colcon.colcon_core.package_identification:_identify(src/lane_tracking) by extension 'colcon_meta'
[0.369s] Level 1:colcon.colcon_core.package_identification:_identify(src/lane_tracking) by extensions ['ros']
[0.369s] Level 1:colcon.colcon_core.package_identification:_identify(src/lane_tracking) by extension 'ros'
[0.373s] DEBUG:colcon.colcon_core.package_identification:Package 'src/lane_tracking' with type 'ros.ament_python' and name 'lane_tracking'
[0.373s] Level 1:colcon.colcon_core.package_identification:_identify(src/marco_base) by extensions ['ignore', 'ignore_ament_install']
[0.373s] Level 1:colcon.colcon_core.package_identification:_identify(src/marco_base) by extension 'ignore'
[0.373s] Level 1:colcon.colcon_core.package_identification:_identify(src/marco_base) by extension 'ignore_ament_install'
[0.373s] Level 1:colcon.colcon_core.package_identification:_identify(src/marco_base) by extensions ['colcon_pkg']
[0.373s] Level 1:colcon.colcon_core.package_identification:_identify(src/marco_base) by extension 'colcon_pkg'
[0.373s] Level 1:colcon.colcon_core.package_identification:_identify(src/marco_base) by extensions ['colcon_meta']
[0.373s] Level 1:colcon.colcon_core.package_identification:_identify(src/marco_base) by extension 'colcon_meta'
[0.374s] Level 1:colcon.colcon_core.package_identification:_identify(src/marco_base) by extensions ['ros']
[0.374s] Level 1:colcon.colcon_core.package_identification:_identify(src/marco_base) by extension 'ros'
[0.375s] DEBUG:colcon.colcon_core.package_identification:Package 'src/marco_base' with type 'ros.ament_python' and name 'marco_base'
[0.375s] Level 1:colcon.colcon_core.package_identification:_identify(src/marco_bringup) by extensions ['ignore', 'ignore_ament_install']
[0.375s] Level 1:colcon.colcon_core.package_identification:_identify(src/marco_bringup) by extension 'ignore'
[0.375s] Level 1:colcon.colcon_core.package_identification:_identify(src/marco_bringup) by extension 'ignore_ament_install'
[0.375s] Level 1:colcon.colcon_core.package_identification:_identify(src/marco_bringup) by extensions ['colcon_pkg']
[0.375s] Level 1:colcon.colcon_core.package_identification:_identify(src/marco_bringup) by extension 'colcon_pkg'
[0.375s] Level 1:colcon.colcon_core.package_identification:_identify(src/marco_bringup) by extensions ['colcon_meta']
[0.375s] Level 1:colcon.colcon_core.package_identification:_identify(src/marco_bringup) by extension 'colcon_meta'
[0.375s] Level 1:colcon.colcon_core.package_identification:_identify(src/marco_bringup) by extensions ['ros']
[0.375s] Level 1:colcon.colcon_core.package_identification:_identify(src/marco_bringup) by extension 'ros'
[0.376s] DEBUG:colcon.colcon_core.package_identification:Package 'src/marco_bringup' with type 'ros.ament_cmake' and name 'marco_bringup'
[0.376s] Level 1:colcon.colcon_core.package_identification:_identify(src/marco_description) by extensions ['ignore', 'ignore_ament_install']
[0.376s] Level 1:colcon.colcon_core.package_identification:_identify(src/marco_description) by extension 'ignore'
[0.376s] Level 1:colcon.colcon_core.package_identification:_identify(src/marco_description) by extension 'ignore_ament_install'
[0.377s] Level 1:colcon.colcon_core.package_identification:_identify(src/marco_description) by extensions ['colcon_pkg']
[0.377s] Level 1:colcon.colcon_core.package_identification:_identify(src/marco_description) by extension 'colcon_pkg'
[0.377s] Level 1:colcon.colcon_core.package_identification:_identify(src/marco_description) by extensions ['colcon_meta']
[0.377s] Level 1:colcon.colcon_core.package_identification:_identify(src/marco_description) by extension 'colcon_meta'
[0.377s] Level 1:colcon.colcon_core.package_identification:_identify(src/marco_description) by extensions ['ros']
[0.377s] Level 1:colcon.colcon_core.package_identification:_identify(src/marco_description) by extension 'ros'
[0.377s] DEBUG:colcon.colcon_core.package_identification:Package 'src/marco_description' with type 'ros.ament_cmake' and name 'marco_description'
[0.377s] Level 1:colcon.colcon_core.package_identification:_identify(src/marco_docking) by extensions ['ignore', 'ignore_ament_install']
[0.377s] Level 1:colcon.colcon_core.package_identification:_identify(src/marco_docking) by extension 'ignore'
[0.377s] Level 1:colcon.colcon_core.package_identification:_identify(src/marco_docking) by extension 'ignore_ament_install'
[0.378s] Level 1:colcon.colcon_core.package_identification:_identify(src/marco_docking) by extensions ['colcon_pkg']
[0.378s] Level 1:colcon.colcon_core.package_identification:_identify(src/marco_docking) by extension 'colcon_pkg'
[0.378s] Level 1:colcon.colcon_core.package_identification:_identify(src/marco_docking) by extensions ['colcon_meta']
[0.378s] Level 1:colcon.colcon_core.package_identification:_identify(src/marco_docking) by extension 'colcon_meta'
[0.378s] Level 1:colcon.colcon_core.package_identification:_identify(src/marco_docking) by extensions ['ros']
[0.378s] Level 1:colcon.colcon_core.package_identification:_identify(src/marco_docking) by extension 'ros'
[0.379s] DEBUG:colcon.colcon_core.package_identification:Package 'src/marco_docking' with type 'ros.ament_python' and name 'marco_docking'
[0.379s] Level 1:colcon.colcon_core.package_identification:_identify(src/marco_localization) by extensions ['ignore', 'ignore_ament_install']
[0.379s] Level 1:colcon.colcon_core.package_identification:_identify(src/marco_localization) by extension 'ignore'
[0.379s] Level 1:colcon.colcon_core.package_identification:_identify(src/marco_localization) by extension 'ignore_ament_install'
[0.379s] Level 1:colcon.colcon_core.package_identification:_identify(src/marco_localization) by extensions ['colcon_pkg']
[0.379s] Level 1:colcon.colcon_core.package_identification:_identify(src/marco_localization) by extension 'colcon_pkg'
[0.379s] Level 1:colcon.colcon_core.package_identification:_identify(src/marco_localization) by extensions ['colcon_meta']
[0.379s] Level 1:colcon.colcon_core.package_identification:_identify(src/marco_localization) by extension 'colcon_meta'
[0.379s] Level 1:colcon.colcon_core.package_identification:_identify(src/marco_localization) by extensions ['ros']
[0.379s] Level 1:colcon.colcon_core.package_identification:_identify(src/marco_localization) by extension 'ros'
[0.380s] DEBUG:colcon.colcon_core.package_identification:Package 'src/marco_localization' with type 'ros.ament_cmake' and name 'marco_localization'
[0.380s] Level 1:colcon.colcon_core.package_identification:_identify(src/marco_mission) by extensions ['ignore', 'ignore_ament_install']
[0.380s] Level 1:colcon.colcon_core.package_identification:_identify(src/marco_mission) by extension 'ignore'
[0.380s] Level 1:colcon.colcon_core.package_identification:_identify(src/marco_mission) by extension 'ignore_ament_install'
[0.380s] Level 1:colcon.colcon_core.package_identification:_identify(src/marco_mission) by extensions ['colcon_pkg']
[0.380s] Level 1:colcon.colcon_core.package_identification:_identify(src/marco_mission) by extension 'colcon_pkg'
[0.380s] Level 1:colcon.colcon_core.package_identification:_identify(src/marco_mission) by extensions ['colcon_meta']
[0.380s] Level 1:colcon.colcon_core.package_identification:_identify(src/marco_mission) by extension 'colcon_meta'
[0.380s] Level 1:colcon.colcon_core.package_identification:_identify(src/marco_mission) by extensions ['ros']
[0.380s] Level 1:colcon.colcon_core.package_identification:_identify(src/marco_mission) by extension 'ros'
[0.381s] DEBUG:colcon.colcon_core.package_identification:Package 'src/marco_mission' with type 'ros.ament_python' and name 'marco_mission'
[0.381s] Level 1:colcon.colcon_core.package_identification:_identify(src/marco_msgs) by extensions ['ignore', 'ignore_ament_install']
[0.381s] Level 1:colcon.colcon_core.package_identification:_identify(src/marco_msgs) by extension 'ignore'
[0.381s] Level 1:colcon.colcon_core.package_identification:_identify(src/marco_msgs) by extension 'ignore_ament_install'
[0.382s] Level 1:colcon.colcon_core.package_identification:_identify(src/marco_msgs) by extensions ['colcon_pkg']
[0.382s] Level 1:colcon.colcon_core.package_identification:_identify(src/marco_msgs) by extension 'colcon_pkg'
[0.382s] Level 1:colcon.colcon_core.package_identification:_identify(src/marco_msgs) by extensions ['colcon_meta']
[0.382s] Level 1:colcon.colcon_core.package_identification:_identify(src/marco_msgs) by extension 'colcon_meta'
[0.382s] Level 1:colcon.colcon_core.package_identification:_identify(src/marco_msgs) by extensions ['ros']
[0.382s] Level 1:colcon.colcon_core.package_identification:_identify(src/marco_msgs) by extension 'ros'
[0.383s] DEBUG:colcon.colcon_core.package_identification:Package 'src/marco_msgs' with type 'ros.ament_cmake' and name 'marco_msgs'
[0.383s] Level 1:colcon.colcon_core.package_identification:_identify(src/marco_navigation) by extensions ['ignore', 'ignore_ament_install']
[0.383s] Level 1:colcon.colcon_core.package_identification:_identify(src/marco_navigation) by extension 'ignore'
[0.383s] Level 1:colcon.colcon_core.package_identification:_identify(src/marco_navigation) by extension 'ignore_ament_install'
[0.383s] Level 1:colcon.colcon_core.package_identification:_identify(src/marco_navigation) by extensions ['colcon_pkg']
[0.383s] Level 1:colcon.colcon_core.package_identification:_identify(src/marco_navigation) by extension 'colcon_pkg'
[0.383s] Level 1:colcon.colcon_core.package_identification:_identify(src/marco_navigation) by extensions ['colcon_meta']
[0.383s] Level 1:colcon.colcon_core.package_identification:_identify(src/marco_navigation) by extension 'colcon_meta'
[0.383s] Level 1:colcon.colcon_core.package_identification:_identify(src/marco_navigation) by extensions ['ros']
[0.383s] Level 1:colcon.colcon_core.package_identification:_identify(src/marco_navigation) by extension 'ros'
[0.384s] DEBUG:colcon.colcon_core.package_identification:Package 'src/marco_navigation' with type 'ros.ament_cmake' and name 'marco_navigation'
[0.384s] Level 1:colcon.colcon_core.package_identification:_identify(src/marco_perception) by extensions ['ignore', 'ignore_ament_install']
[0.384s] Level 1:colcon.colcon_core.package_identification:_identify(src/marco_perception) by extension 'ignore'
[0.384s] Level 1:colcon.colcon_core.package_identification:_identify(src/marco_perception) by extension 'ignore_ament_install'
[0.384s] Level 1:colcon.colcon_core.package_identification:_identify(src/marco_perception) by extensions ['colcon_pkg']
[0.384s] Level 1:colcon.colcon_core.package_identification:_identify(src/marco_perception) by extension 'colcon_pkg'
[0.384s] Level 1:colcon.colcon_core.package_identification:_identify(src/marco_perception) by extensions ['colcon_meta']
[0.384s] Level 1:colcon.colcon_core.package_identification:_identify(src/marco_perception) by extension 'colcon_meta'
[0.384s] Level 1:colcon.colcon_core.package_identification:_identify(src/marco_perception) by extensions ['ros']
[0.384s] Level 1:colcon.colcon_core.package_identification:_identify(src/marco_perception) by extension 'ros'
[0.385s] DEBUG:colcon.colcon_core.package_identification:Package 'src/marco_perception' with type 'ros.ament_python' and name 'marco_perception'
[0.385s] Level 1:colcon.colcon_core.package_identification:_identify(src/marco_safety) by extensions ['ignore', 'ignore_ament_install']
[0.385s] Level 1:colcon.colcon_core.package_identification:_identify(src/marco_safety) by extension 'ignore'
[0.385s] Level 1:colcon.colcon_core.package_identification:_identify(src/marco_safety) by extension 'ignore_ament_install'
[0.385s] Level 1:colcon.colcon_core.package_identification:_identify(src/marco_safety) by extensions ['colcon_pkg']
[0.385s] Level 1:colcon.colcon_core.package_identification:_identify(src/marco_safety) by extension 'colcon_pkg'
[0.385s] Level 1:colcon.colcon_core.package_identification:_identify(src/marco_safety) by extensions ['colcon_meta']
[0.385s] Level 1:colcon.colcon_core.package_identification:_identify(src/marco_safety) by extension 'colcon_meta'
[0.386s] Level 1:colcon.colcon_core.package_identification:_identify(src/marco_safety) by extensions ['ros']
[0.386s] Level 1:colcon.colcon_core.package_identification:_identify(src/marco_safety) by extension 'ros'
[0.386s] DEBUG:colcon.colcon_core.package_identification:Package 'src/marco_safety' with type 'ros.ament_cmake' and name 'marco_safety'
[0.386s] Level 1:colcon.colcon_core.package_identification:_identify(src/marco_simulation) by extensions ['ignore', 'ignore_ament_install']
[0.386s] Level 1:colcon.colcon_core.package_identification:_identify(src/marco_simulation) by extension 'ignore'
[0.386s] Level 1:colcon.colcon_core.package_identification:_identify(src/marco_simulation) by extension 'ignore_ament_install'
[0.386s] Level 1:colcon.colcon_core.package_identification:_identify(src/marco_simulation) by extensions ['colcon_pkg']
[0.386s] Level 1:colcon.colcon_core.package_identification:_identify(src/marco_simulation) by extension 'colcon_pkg'
[0.387s] Level 1:colcon.colcon_core.package_identification:_identify(src/marco_simulation) by extensions ['colcon_meta']
[0.387s] Level 1:colcon.colcon_core.package_identification:_identify(src/marco_simulation) by extension 'colcon_meta'
[0.387s] Level 1:colcon.colcon_core.package_identification:_identify(src/marco_simulation) by extensions ['ros']
[0.387s] Level 1:colcon.colcon_core.package_identification:_identify(src/marco_simulation) by extension 'ros'
[0.387s] DEBUG:colcon.colcon_core.package_identification:Package 'src/marco_simulation' with type 'ros.ament_cmake' and name 'marco_simulation'
[0.387s] Level 1:colcon.colcon_core.package_discovery:discover_packages(recursive) using defaults
[0.387s] Level 1:colcon.colcon_core.package_discovery:discover_packages(ignore) discover
[0.387s] Level 1:colcon.colcon_core.package_discovery:discover_packages(ignore) using defaults
[0.387s] Level 1:colcon.colcon_core.package_discovery:discover_packages(path) discover
[0.387s] Level 1:colcon.colcon_core.package_discovery:discover_packages(path) using defaults
[0.464s] Level 5:colcon.colcon_core.verb:set package 'lane_tracking' build argument 'cmake_args' from command line to 'None'
[0.464s] Level 5:colcon.colcon_core.verb:set package 'lane_tracking' build argument 'cmake_target' from command line to 'None'
[0.464s] Level 5:colcon.colcon_core.verb:set package 'lane_tracking' build argument 'cmake_target_skip_unavailable' from command line to 'False'
[0.464s] Level 5:colcon.colcon_core.verb:set package 'lane_tracking' build argument 'cmake_clean_cache' from command line to 'False'
[0.464s] Level 5:colcon.colcon_core.verb:set package 'lane_tracking' build argument 'cmake_clean_first' from command line to 'False'
[0.464s] Level 5:colcon.colcon_core.verb:set package 'lane_tracking' build argument 'cmake_force_configure' from command line to 'False'
[0.464s] Level 5:colcon.colcon_core.verb:set package 'lane_tracking' build argument 'ament_cmake_args' from command line to 'None'
[0.464s] Level 5:colcon.colcon_core.verb:set package 'lane_tracking' build argument 'catkin_cmake_args' from command line to 'None'
[0.464s] Level 5:colcon.colcon_core.verb:set package 'lane_tracking' build argument 'catkin_skip_building_tests' from command line to 'False'
[0.465s] DEBUG:colcon.colcon_core.verb:Building package 'lane_tracking' with the following arguments: {'ament_cmake_args': None, 'build_base': '/home/orangepi/marco_ws/build/lane_tracking', 'catkin_cmake_args': None, 'catkin_skip_building_tests': False, 'cmake_args': None, 'cmake_clean_cache': False, 'cmake_clean_first': False, 'cmake_force_configure': False, 'cmake_target': None, 'cmake_target_skip_unavailable': False, 'install_base': '/home/orangepi/marco_ws/install/lane_tracking', 'merge_install': False, 'path': '/home/orangepi/marco_ws/src/lane_tracking', 'symlink_install': False, 'test_result_base': None}
[0.465s] Level 5:colcon.colcon_core.verb:set package 'marco_base' build argument 'cmake_args' from command line to 'None'
[0.465s] Level 5:colcon.colcon_core.verb:set package 'marco_base' build argument 'cmake_target' from command line to 'None'
[0.465s] Level 5:colcon.colcon_core.verb:set package 'marco_base' build argument 'cmake_target_skip_unavailable' from command line to 'False'
[0.465s] Level 5:colcon.colcon_core.verb:set package 'marco_base' build argument 'cmake_clean_cache' from command line to 'False'
[0.465s] Level 5:colcon.colcon_core.verb:set package 'marco_base' build argument 'cmake_clean_first' from command line to 'False'
[0.465s] Level 5:colcon.colcon_core.verb:set package 'marco_base' build argument 'cmake_force_configure' from command line to 'False'
[0.465s] Level 5:colcon.colcon_core.verb:set package 'marco_base' build argument 'ament_cmake_args' from command line to 'None'
[0.465s] Level 5:colcon.colcon_core.verb:set package 'marco_base' build argument 'catkin_cmake_args' from command line to 'None'
[0.465s] Level 5:colcon.colcon_core.verb:set package 'marco_base' build argument 'catkin_skip_building_tests' from command line to 'False'
[0.465s] DEBUG:colcon.colcon_core.verb:Building package 'marco_base' with the following arguments: {'ament_cmake_args': None, 'build_base': '/home/orangepi/marco_ws/build/marco_base', 'catkin_cmake_args': None, 'catkin_skip_building_tests': False, 'cmake_args': None, 'cmake_clean_cache': False, 'cmake_clean_first': False, 'cmake_force_configure': False, 'cmake_target': None, 'cmake_target_skip_unavailable': False, 'install_base': '/home/orangepi/marco_ws/install/marco_base', 'merge_install': False, 'path': '/home/orangepi/marco_ws/src/marco_base', 'symlink_install': False, 'test_result_base': None}
[0.466s] Level 5:colcon.colcon_core.verb:set package 'marco_description' build argument 'cmake_args' from command line to 'None'
[0.466s] Level 5:colcon.colcon_core.verb:set package 'marco_description' build argument 'cmake_target' from command line to 'None'
[0.466s] Level 5:colcon.colcon_core.verb:set package 'marco_description' build argument 'cmake_target_skip_unavailable' from command line to 'False'
[0.466s] Level 5:colcon.colcon_core.verb:set package 'marco_description' build argument 'cmake_clean_cache' from command line to 'False'
[0.466s] Level 5:colcon.colcon_core.verb:set package 'marco_description' build argument 'cmake_clean_first' from command line to 'False'
[0.466s] Level 5:colcon.colcon_core.verb:set package 'marco_description' build argument 'cmake_force_configure' from command line to 'False'
[0.466s] Level 5:colcon.colcon_core.verb:set package 'marco_description' build argument 'ament_cmake_args' from command line to 'None'
[0.466s] Level 5:colcon.colcon_core.verb:set package 'marco_description' build argument 'catkin_cmake_args' from command line to 'None'
[0.466s] Level 5:colcon.colcon_core.verb:set package 'marco_description' build argument 'catkin_skip_building_tests' from command line to 'False'
[0.466s] DEBUG:colcon.colcon_core.verb:Building package 'marco_description' with the following arguments: {'ament_cmake_args': None, 'build_base': '/home/orangepi/marco_ws/build/marco_description', 'catkin_cmake_args': None, 'catkin_skip_building_tests': False, 'cmake_args': None, 'cmake_clean_cache': False, 'cmake_clean_first': False, 'cmake_force_configure': False, 'cmake_target': None, 'cmake_target_skip_unavailable': False, 'install_base': '/home/orangepi/marco_ws/install/marco_description', 'merge_install': False, 'path': '/home/orangepi/marco_ws/src/marco_description', 'symlink_install': False, 'test_result_base': None}
[0.467s] Level 5:colcon.colcon_core.verb:set package 'marco_msgs' build argument 'cmake_args' from command line to 'None'
[0.467s] Level 5:colcon.colcon_core.verb:set package 'marco_msgs' build argument 'cmake_target' from command line to 'None'
[0.467s] Level 5:colcon.colcon_core.verb:set package 'marco_msgs' build argument 'cmake_target_skip_unavailable' from command line to 'False'
[0.467s] Level 5:colcon.colcon_core.verb:set package 'marco_msgs' build argument 'cmake_clean_cache' from command line to 'False'
[0.467s] Level 5:colcon.colcon_core.verb:set package 'marco_msgs' build argument 'cmake_clean_first' from command line to 'False'
[0.467s] Level 5:colcon.colcon_core.verb:set package 'marco_msgs' build argument 'cmake_force_configure' from command line to 'False'
[0.467s] Level 5:colcon.colcon_core.verb:set package 'marco_msgs' build argument 'ament_cmake_args' from command line to 'None'
[0.467s] Level 5:colcon.colcon_core.verb:set package 'marco_msgs' build argument 'catkin_cmake_args' from command line to 'None'
[0.467s] Level 5:colcon.colcon_core.verb:set package 'marco_msgs' build argument 'catkin_skip_building_tests' from command line to 'False'
[0.467s] DEBUG:colcon.colcon_core.verb:Building package 'marco_msgs' with the following arguments: {'ament_cmake_args': None, 'build_base': '/home/orangepi/marco_ws/build/marco_msgs', 'catkin_cmake_args': None, 'catkin_skip_building_tests': False, 'cmake_args': None, 'cmake_clean_cache': False, 'cmake_clean_first': False, 'cmake_force_configure': False, 'cmake_target': None, 'cmake_target_skip_unavailable': False, 'install_base': '/home/orangepi/marco_ws/install/marco_msgs', 'merge_install': False, 'path': '/home/orangepi/marco_ws/src/marco_msgs', 'symlink_install': False, 'test_result_base': None}
[0.467s] Level 5:colcon.colcon_core.verb:set package 'marco_navigation' build argument 'cmake_args' from command line to 'None'
[0.467s] Level 5:colcon.colcon_core.verb:set package 'marco_navigation' build argument 'cmake_target' from command line to 'None'
[0.467s] Level 5:colcon.colcon_core.verb:set package 'marco_navigation' build argument 'cmake_target_skip_unavailable' from command line to 'False'
[0.467s] Level 5:colcon.colcon_core.verb:set package 'marco_navigation' build argument 'cmake_clean_cache' from command line to 'False'
[0.467s] Level 5:colcon.colcon_core.verb:set package 'marco_navigation' build argument 'cmake_clean_first' from command line to 'False'
[0.467s] Level 5:colcon.colcon_core.verb:set package 'marco_navigation' build argument 'cmake_force_configure' from command line to 'False'
[0.467s] Level 5:colcon.colcon_core.verb:set package 'marco_navigation' build argument 'ament_cmake_args' from command line to 'None'
[0.467s] Level 5:colcon.colcon_core.verb:set package 'marco_navigation' build argument 'catkin_cmake_args' from command line to 'None'
[0.467s] Level 5:colcon.colcon_core.verb:set package 'marco_navigation' build argument 'catkin_skip_building_tests' from command line to 'False'
[0.467s] DEBUG:colcon.colcon_core.verb:Building package 'marco_navigation' with the following arguments: {'ament_cmake_args': None, 'build_base': '/home/orangepi/marco_ws/build/marco_navigation', 'catkin_cmake_args': None, 'catkin_skip_building_tests': False, 'cmake_args': None, 'cmake_clean_cache': False, 'cmake_clean_first': False, 'cmake_force_configure': False, 'cmake_target': None, 'cmake_target_skip_unavailable': False, 'install_base': '/home/orangepi/marco_ws/install/marco_navigation', 'merge_install': False, 'path': '/home/orangepi/marco_ws/src/marco_navigation', 'symlink_install': False, 'test_result_base': None}
[0.468s] Level 5:colcon.colcon_core.verb:set package 'marco_safety' build argument 'cmake_args' from command line to 'None'
[0.468s] Level 5:colcon.colcon_core.verb:set package 'marco_safety' build argument 'cmake_target' from command line to 'None'
[0.468s] Level 5:colcon.colcon_core.verb:set package 'marco_safety' build argument 'cmake_target_skip_unavailable' from command line to 'False'
[0.468s] Level 5:colcon.colcon_core.verb:set package 'marco_safety' build argument 'cmake_clean_cache' from command line to 'False'
[0.468s] Level 5:colcon.colcon_core.verb:set package 'marco_safety' build argument 'cmake_clean_first' from command line to 'False'
[0.468s] Level 5:colcon.colcon_core.verb:set package 'marco_safety' build argument 'cmake_force_configure' from command line to 'False'
[0.468s] Level 5:colcon.colcon_core.verb:set package 'marco_safety' build argument 'ament_cmake_args' from command line to 'None'
[0.468s] Level 5:colcon.colcon_core.verb:set package 'marco_safety' build argument 'catkin_cmake_args' from command line to 'None'
[0.468s] Level 5:colcon.colcon_core.verb:set package 'marco_safety' build argument 'catkin_skip_building_tests' from command line to 'False'
[0.468s] DEBUG:colcon.colcon_core.verb:Building package 'marco_safety' with the following arguments: {'ament_cmake_args': None, 'build_base': '/home/orangepi/marco_ws/build/marco_safety', 'catkin_cmake_args': None, 'catkin_skip_building_tests': False, 'cmake_args': None, 'cmake_clean_cache': False, 'cmake_clean_first': False, 'cmake_force_configure': False, 'cmake_target': None, 'cmake_target_skip_unavailable': False, 'install_base': '/home/orangepi/marco_ws/install/marco_safety', 'merge_install': False, 'path': '/home/orangepi/marco_ws/src/marco_safety', 'symlink_install': False, 'test_result_base': None}
[0.468s] Level 5:colcon.colcon_core.verb:set package 'marco_simulation' build argument 'cmake_args' from command line to 'None'
[0.468s] Level 5:colcon.colcon_core.verb:set package 'marco_simulation' build argument 'cmake_target' from command line to 'None'
[0.468s] Level 5:colcon.colcon_core.verb:set package 'marco_simulation' build argument 'cmake_target_skip_unavailable' from command line to 'False'
[0.469s] Level 5:colcon.colcon_core.verb:set package 'marco_simulation' build argument 'cmake_clean_cache' from command line to 'False'
[0.469s] Level 5:colcon.colcon_core.verb:set package 'marco_simulation' build argument 'cmake_clean_first' from command line to 'False'
[0.469s] Level 5:colcon.colcon_core.verb:set package 'marco_simulation' build argument 'cmake_force_configure' from command line to 'False'
[0.469s] Level 5:colcon.colcon_core.verb:set package 'marco_simulation' build argument 'ament_cmake_args' from command line to 'None'
[0.469s] Level 5:colcon.colcon_core.verb:set package 'marco_simulation' build argument 'catkin_cmake_args' from command line to 'None'
[0.469s] Level 5:colcon.colcon_core.verb:set package 'marco_simulation' build argument 'catkin_skip_building_tests' from command line to 'False'
[0.469s] DEBUG:colcon.colcon_core.verb:Building package 'marco_simulation' with the following arguments: {'ament_cmake_args': None, 'build_base': '/home/orangepi/marco_ws/build/marco_simulation', 'catkin_cmake_args': None, 'catkin_skip_building_tests': False, 'cmake_args': None, 'cmake_clean_cache': False, 'cmake_clean_first': False, 'cmake_force_configure': False, 'cmake_target': None, 'cmake_target_skip_unavailable': False, 'install_base': '/home/orangepi/marco_ws/install/marco_simulation', 'merge_install': False, 'path': '/home/orangepi/marco_ws/src/marco_simulation', 'symlink_install': False, 'test_result_base': None}
[0.469s] Level 5:colcon.colcon_core.verb:set package 'marco_bringup' build argument 'cmake_args' from command line to 'None'
[0.469s] Level 5:colcon.colcon_core.verb:set package 'marco_bringup' build argument 'cmake_target' from command line to 'None'
[0.469s] Level 5:colcon.colcon_core.verb:set package 'marco_bringup' build argument 'cmake_target_skip_unavailable' from command line to 'False'
[0.469s] Level 5:colcon.colcon_core.verb:set package 'marco_bringup' build argument 'cmake_clean_cache' from command line to 'False'
[0.469s] Level 5:colcon.colcon_core.verb:set package 'marco_bringup' build argument 'cmake_clean_first' from command line to 'False'
[0.469s] Level 5:colcon.colcon_core.verb:set package 'marco_bringup' build argument 'cmake_force_configure' from command line to 'False'
[0.469s] Level 5:colcon.colcon_core.verb:set package 'marco_bringup' build argument 'ament_cmake_args' from command line to 'None'
[0.469s] Level 5:colcon.colcon_core.verb:set package 'marco_bringup' build argument 'catkin_cmake_args' from command line to 'None'
[0.469s] Level 5:colcon.colcon_core.verb:set package 'marco_bringup' build argument 'catkin_skip_building_tests' from command line to 'False'
[0.469s] DEBUG:colcon.colcon_core.verb:Building package 'marco_bringup' with the following arguments: {'ament_cmake_args': None, 'build_base': '/home/orangepi/marco_ws/build/marco_bringup', 'catkin_cmake_args': None, 'catkin_skip_building_tests': False, 'cmake_args': None, 'cmake_clean_cache': False, 'cmake_clean_first': False, 'cmake_force_configure': False, 'cmake_target': None, 'cmake_target_skip_unavailable': False, 'install_base': '/home/orangepi/marco_ws/install/marco_bringup', 'merge_install': False, 'path': '/home/orangepi/marco_ws/src/marco_bringup', 'symlink_install': False, 'test_result_base': None}
[0.470s] Level 5:colcon.colcon_core.verb:set package 'marco_mission' build argument 'cmake_args' from command line to 'None'
[0.470s] Level 5:colcon.colcon_core.verb:set package 'marco_mission' build argument 'cmake_target' from command line to 'None'
[0.470s] Level 5:colcon.colcon_core.verb:set package 'marco_mission' build argument 'cmake_target_skip_unavailable' from command line to 'False'
[0.470s] Level 5:colcon.colcon_core.verb:set package 'marco_mission' build argument 'cmake_clean_cache' from command line to 'False'
[0.470s] Level 5:colcon.colcon_core.verb:set package 'marco_mission' build argument 'cmake_clean_first' from command line to 'False'
[0.470s] Level 5:colcon.colcon_core.verb:set package 'marco_mission' build argument 'cmake_force_configure' from command line to 'False'
[0.470s] Level 5:colcon.colcon_core.verb:set package 'marco_mission' build argument 'ament_cmake_args' from command line to 'None'
[0.470s] Level 5:colcon.colcon_core.verb:set package 'marco_mission' build argument 'catkin_cmake_args' from command line to 'None'
[0.470s] Level 5:colcon.colcon_core.verb:set package 'marco_mission' build argument 'catkin_skip_building_tests' from command line to 'False'
[0.470s] DEBUG:colcon.colcon_core.verb:Building package 'marco_mission' with the following arguments: {'ament_cmake_args': None, 'build_base': '/home/orangepi/marco_ws/build/marco_mission', 'catkin_cmake_args': None, 'catkin_skip_building_tests': False, 'cmake_args': None, 'cmake_clean_cache': False, 'cmake_clean_first': False, 'cmake_force_configure': False, 'cmake_target': None, 'cmake_target_skip_unavailable': False, 'install_base': '/home/orangepi/marco_ws/install/marco_mission', 'merge_install': False, 'path': '/home/orangepi/marco_ws/src/marco_mission', 'symlink_install': False, 'test_result_base': None}
[0.470s] Level 5:colcon.colcon_core.verb:set package 'marco_perception' build argument 'cmake_args' from command line to 'None'
[0.470s] Level 5:colcon.colcon_core.verb:set package 'marco_perception' build argument 'cmake_target' from command line to 'None'
[0.470s] Level 5:colcon.colcon_core.verb:set package 'marco_perception' build argument 'cmake_target_skip_unavailable' from command line to 'False'
[0.470s] Level 5:colcon.colcon_core.verb:set package 'marco_perception' build argument 'cmake_clean_cache' from command line to 'False'
[0.470s] Level 5:colcon.colcon_core.verb:set package 'marco_perception' build argument 'cmake_clean_first' from command line to 'False'
[0.470s] Level 5:colcon.colcon_core.verb:set package 'marco_perception' build argument 'cmake_force_configure' from command line to 'False'
[0.470s] Level 5:colcon.colcon_core.verb:set package 'marco_perception' build argument 'ament_cmake_args' from command line to 'None'
[0.470s] Level 5:colcon.colcon_core.verb:set package 'marco_perception' build argument 'catkin_cmake_args' from command line to 'None'
[0.470s] Level 5:colcon.colcon_core.verb:set package 'marco_perception' build argument 'catkin_skip_building_tests' from command line to 'False'
[0.470s] DEBUG:colcon.colcon_core.verb:Building package 'marco_perception' with the following arguments: {'ament_cmake_args': None, 'build_base': '/home/orangepi/marco_ws/build/marco_perception', 'catkin_cmake_args': None, 'catkin_skip_building_tests': False, 'cmake_args': None, 'cmake_clean_cache': False, 'cmake_clean_first': False, 'cmake_force_configure': False, 'cmake_target': None, 'cmake_target_skip_unavailable': False, 'install_base': '/home/orangepi/marco_ws/install/marco_perception', 'merge_install': False, 'path': '/home/orangepi/marco_ws/src/marco_perception', 'symlink_install': False, 'test_result_base': None}
[0.471s] Level 5:colcon.colcon_core.verb:set package 'marco_docking' build argument 'cmake_args' from command line to 'None'
[0.471s] Level 5:colcon.colcon_core.verb:set package 'marco_docking' build argument 'cmake_target' from command line to 'None'
[0.471s] Level 5:colcon.colcon_core.verb:set package 'marco_docking' build argument 'cmake_target_skip_unavailable' from command line to 'False'
[0.471s] Level 5:colcon.colcon_core.verb:set package 'marco_docking' build argument 'cmake_clean_cache' from command line to 'False'
[0.471s] Level 5:colcon.colcon_core.verb:set package 'marco_docking' build argument 'cmake_clean_first' from command line to 'False'
[0.471s] Level 5:colcon.colcon_core.verb:set package 'marco_docking' build argument 'cmake_force_configure' from command line to 'False'
[0.471s] Level 5:colcon.colcon_core.verb:set package 'marco_docking' build argument 'ament_cmake_args' from command line to 'None'
[0.471s] Level 5:colcon.colcon_core.verb:set package 'marco_docking' build argument 'catkin_cmake_args' from command line to 'None'
[0.471s] Level 5:colcon.colcon_core.verb:set package 'marco_docking' build argument 'catkin_skip_building_tests' from command line to 'False'
[0.471s] DEBUG:colcon.colcon_core.verb:Building package 'marco_docking' with the following arguments: {'ament_cmake_args': None, 'build_base': '/home/orangepi/marco_ws/build/marco_docking', 'catkin_cmake_args': None, 'catkin_skip_building_tests': False, 'cmake_args': None, 'cmake_clean_cache': False, 'cmake_clean_first': False, 'cmake_force_configure': False, 'cmake_target': None, 'cmake_target_skip_unavailable': False, 'install_base': '/home/orangepi/marco_ws/install/marco_docking', 'merge_install': False, 'path': '/home/orangepi/marco_ws/src/marco_docking', 'symlink_install': False, 'test_result_base': None}
[0.472s] Level 5:colcon.colcon_core.verb:set package 'marco_localization' build argument 'cmake_args' from command line to 'None'
[0.472s] Level 5:colcon.colcon_core.verb:set package 'marco_localization' build argument 'cmake_target' from command line to 'None'
[0.472s] Level 5:colcon.colcon_core.verb:set package 'marco_localization' build argument 'cmake_target_skip_unavailable' from command line to 'False'
[0.472s] Level 5:colcon.colcon_core.verb:set package 'marco_localization' build argument 'cmake_clean_cache' from command line to 'False'
[0.472s] Level 5:colcon.colcon_core.verb:set package 'marco_localization' build argument 'cmake_clean_first' from command line to 'False'
[0.472s] Level 5:colcon.colcon_core.verb:set package 'marco_localization' build argument 'cmake_force_configure' from command line to 'False'
[0.472s] Level 5:colcon.colcon_core.verb:set package 'marco_localization' build argument 'ament_cmake_args' from command line to 'None'
[0.472s] Level 5:colcon.colcon_core.verb:set package 'marco_localization' build argument 'catkin_cmake_args' from command line to 'None'
[0.472s] Level 5:colcon.colcon_core.verb:set package 'marco_localization' build argument 'catkin_skip_building_tests' from command line to 'False'
[0.472s] DEBUG:colcon.colcon_core.verb:Building package 'marco_localization' with the following arguments: {'ament_cmake_args': None, 'build_base': '/home/orangepi/marco_ws/build/marco_localization', 'catkin_cmake_args': None, 'catkin_skip_building_tests': False, 'cmake_args': None, 'cmake_clean_cache': False, 'cmake_clean_first': False, 'cmake_force_configure': False, 'cmake_target': None, 'cmake_target_skip_unavailable': False, 'install_base': '/home/orangepi/marco_ws/install/marco_localization', 'merge_install': False, 'path': '/home/orangepi/marco_ws/src/marco_localization', 'symlink_install': False, 'test_result_base': None}
[0.472s] INFO:colcon.colcon_core.executor:Executing jobs using 'parallel' executor
[0.476s] DEBUG:colcon.colcon_parallel_executor.executor.parallel:run_until_complete
[0.477s] INFO:colcon.colcon_ros.task.ament_cmake.build:Building ROS package in '/home/orangepi/marco_ws/src/marco_msgs' with build type 'ament_cmake'
[0.478s] INFO:colcon.colcon_cmake.task.cmake.build:Building CMake package in '/home/orangepi/marco_ws/src/marco_msgs'
[0.489s] INFO:colcon.colcon_core.plugin_system:Skipping extension 'colcon_core.shell.bat': Not used on non-Windows systems
[0.490s] INFO:colcon.colcon_core.shell:Skip shell extension 'powershell' for command environment: Not usable outside of PowerShell
[0.490s] DEBUG:colcon.colcon_core.shell:Skip shell extension 'dsv' for command environment
[0.505s] INFO:colcon.colcon_ros.task.ament_python.build:Building ROS package in '/home/orangepi/marco_ws/src/marco_base' with build type 'ament_python'
[0.505s] Level 1:colcon.colcon_core.shell:create_environment_hook('marco_base', 'ament_prefix_path')
[0.506s] INFO:colcon.colcon_core.shell:Creating environment hook '/home/orangepi/marco_ws/install/marco_base/share/marco_base/hook/ament_prefix_path.ps1'
[0.507s] INFO:colcon.colcon_core.shell:Creating environment descriptor '/home/orangepi/marco_ws/install/marco_base/share/marco_base/hook/ament_prefix_path.dsv'
[0.510s] INFO:colcon.colcon_core.shell:Creating environment hook '/home/orangepi/marco_ws/install/marco_base/share/marco_base/hook/ament_prefix_path.sh'
[0.511s] INFO:colcon.colcon_core.shell:Skip shell extension 'powershell' for command environment: Not usable outside of PowerShell
[0.511s] DEBUG:colcon.colcon_core.shell:Skip shell extension 'dsv' for command environment
[0.516s] INFO:colcon.colcon_ros.task.ament_cmake.build:Building ROS package in '/home/orangepi/marco_ws/src/marco_description' with build type 'ament_cmake'
[0.517s] INFO:colcon.colcon_cmake.task.cmake.build:Building CMake package in '/home/orangepi/marco_ws/src/marco_description'
[0.517s] INFO:colcon.colcon_core.shell:Skip shell extension 'powershell' for command environment: Not usable outside of PowerShell
[0.517s] DEBUG:colcon.colcon_core.shell:Skip shell extension 'dsv' for command environment
[0.524s] INFO:colcon.colcon_ros.task.ament_cmake.build:Building ROS package in '/home/orangepi/marco_ws/src/marco_navigation' with build type 'ament_cmake'
[0.524s] INFO:colcon.colcon_cmake.task.cmake.build:Building CMake package in '/home/orangepi/marco_ws/src/marco_navigation'
[0.525s] INFO:colcon.colcon_core.shell:Skip shell extension 'powershell' for command environment: Not usable outside of PowerShell
[0.525s] DEBUG:colcon.colcon_core.shell:Skip shell extension 'dsv' for command environment
[0.531s] INFO:colcon.colcon_ros.task.ament_python.build:Building ROS package in '/home/orangepi/marco_ws/src/lane_tracking' with build type 'ament_python'
[0.532s] Level 1:colcon.colcon_core.shell:create_environment_hook('lane_tracking', 'ament_prefix_path')
[0.532s] INFO:colcon.colcon_core.shell:Creating environment hook '/home/orangepi/marco_ws/install/lane_tracking/share/lane_tracking/hook/ament_prefix_path.ps1'
[0.533s] INFO:colcon.colcon_core.shell:Creating environment descriptor '/home/orangepi/marco_ws/install/lane_tracking/share/lane_tracking/hook/ament_prefix_path.dsv'
[0.534s] INFO:colcon.colcon_core.shell:Creating environment hook '/home/orangepi/marco_ws/install/lane_tracking/share/lane_tracking/hook/ament_prefix_path.sh'
[0.535s] INFO:colcon.colcon_core.shell:Skip shell extension 'powershell' for command environment: Not usable outside of PowerShell
[0.535s] DEBUG:colcon.colcon_core.shell:Skip shell extension 'dsv' for command environment
[0.541s] INFO:colcon.colcon_ros.task.ament_cmake.build:Building ROS package in '/home/orangepi/marco_ws/src/marco_safety' with build type 'ament_cmake'
[0.541s] INFO:colcon.colcon_cmake.task.cmake.build:Building CMake package in '/home/orangepi/marco_ws/src/marco_safety'
[0.541s] INFO:colcon.colcon_core.shell:Skip shell extension 'powershell' for command environment: Not usable outside of PowerShell
[0.541s] DEBUG:colcon.colcon_core.shell:Skip shell extension 'dsv' for command environment
[0.547s] INFO:colcon.colcon_ros.task.ament_cmake.build:Building ROS package in '/home/orangepi/marco_ws/src/marco_simulation' with build type 'ament_cmake'
[0.548s] INFO:colcon.colcon_cmake.task.cmake.build:Building CMake package in '/home/orangepi/marco_ws/src/marco_simulation'
[0.548s] INFO:colcon.colcon_core.shell:Skip shell extension 'powershell' for command environment: Not usable outside of PowerShell
[0.548s] DEBUG:colcon.colcon_core.shell:Skip shell extension 'dsv' for command environment
[0.566s] DEBUG:colcon.colcon_core.event_handler.log_command:Invoking command in '/home/orangepi/marco_ws/build/marco_msgs': CMAKE_PREFIX_PATH=${CMAKE_PREFIX_PATH}:/home/orangepi/marco_ws/install/marco_docking:/home/orangepi/marco_ws/install/marco_perception:/home/orangepi/marco_ws/install/marco_mission:/home/orangepi/marco_ws/install/marco_base:/home/orangepi/marco_ws/install/lane_tracking:/opt/ros/humble /usr/bin/cmake --build /home/orangepi/marco_ws/build/marco_msgs -- -j8 -l8
[1.029s] INFO:colcon.colcon_core.task.python.build:Building Python package in '/home/orangepi/marco_ws/src/marco_base'
[1.030s] INFO:colcon.colcon_core.shell:Skip shell extension 'powershell' for command environment: Not usable outside of PowerShell
[1.031s] DEBUG:colcon.colcon_core.shell:Skip shell extension 'dsv' for command environment
[1.044s] DEBUG:colcon.colcon_core.event_handler.log_command:Invoking command in '/home/orangepi/marco_ws/build/marco_description': CMAKE_PREFIX_PATH=${CMAKE_PREFIX_PATH}:/home/orangepi/marco_ws/install/marco_docking:/home/orangepi/marco_ws/install/marco_perception:/home/orangepi/marco_ws/install/marco_mission:/home/orangepi/marco_ws/install/marco_base:/home/orangepi/marco_ws/install/lane_tracking:/opt/ros/humble /usr/bin/cmake --build /home/orangepi/marco_ws/build/marco_description -- -j8 -l8
[1.048s] DEBUG:colcon.colcon_core.event_handler.log_command:Invoking command in '/home/orangepi/marco_ws/build/marco_navigation': CMAKE_PREFIX_PATH=${CMAKE_PREFIX_PATH}:/home/orangepi/marco_ws/install/marco_docking:/home/orangepi/marco_ws/install/marco_perception:/home/orangepi/marco_ws/install/marco_mission:/home/orangepi/marco_ws/install/marco_base:/home/orangepi/marco_ws/install/lane_tracking:/opt/ros/humble /usr/bin/cmake --build /home/orangepi/marco_ws/build/marco_navigation -- -j8 -l8
[1.468s] INFO:colcon.colcon_core.task.python.build:Building Python package in '/home/orangepi/marco_ws/src/lane_tracking'
[1.470s] INFO:colcon.colcon_core.shell:Skip shell extension 'powershell' for command environment: Not usable outside of PowerShell
[1.470s] DEBUG:colcon.colcon_core.shell:Skip shell extension 'dsv' for command environment
[1.503s] DEBUG:colcon.colcon_core.event_handler.log_command:Invoking command in '/home/orangepi/marco_ws/build/marco_safety': CMAKE_PREFIX_PATH=${CMAKE_PREFIX_PATH}:/home/orangepi/marco_ws/install/marco_docking:/home/orangepi/marco_ws/install/marco_perception:/home/orangepi/marco_ws/install/marco_mission:/home/orangepi/marco_ws/install/marco_base:/home/orangepi/marco_ws/install/lane_tracking:/opt/ros/humble /usr/bin/cmake --build /home/orangepi/marco_ws/build/marco_safety -- -j8 -l8
[1.520s] DEBUG:colcon.colcon_core.event_handler.log_command:Invoked command in '/home/orangepi/marco_ws/build/marco_navigation' returned '0': CMAKE_PREFIX_PATH=${CMAKE_PREFIX_PATH}:/home/orangepi/marco_ws/install/marco_docking:/home/orangepi/marco_ws/install/marco_perception:/home/orangepi/marco_ws/install/marco_mission:/home/orangepi/marco_ws/install/marco_base:/home/orangepi/marco_ws/install/lane_tracking:/opt/ros/humble /usr/bin/cmake --build /home/orangepi/marco_ws/build/marco_navigation -- -j8 -l8
[1.551s] DEBUG:colcon.colcon_core.event_handler.log_command:Invoking command in '/home/orangepi/marco_ws/build/marco_navigation': CMAKE_PREFIX_PATH=${CMAKE_PREFIX_PATH}:/home/orangepi/marco_ws/install/marco_docking:/home/orangepi/marco_ws/install/marco_perception:/home/orangepi/marco_ws/install/marco_mission:/home/orangepi/marco_ws/install/marco_base:/home/orangepi/marco_ws/install/lane_tracking:/opt/ros/humble /usr/bin/cmake --install /home/orangepi/marco_ws/build/marco_navigation
[1.552s] DEBUG:colcon.colcon_core.event_handler.log_command:Invoked command in '/home/orangepi/marco_ws/build/marco_description' returned '0': CMAKE_PREFIX_PATH=${CMAKE_PREFIX_PATH}:/home/orangepi/marco_ws/install/marco_docking:/home/orangepi/marco_ws/install/marco_perception:/home/orangepi/marco_ws/install/marco_mission:/home/orangepi/marco_ws/install/marco_base:/home/orangepi/marco_ws/install/lane_tracking:/opt/ros/humble /usr/bin/cmake --build /home/orangepi/marco_ws/build/marco_description -- -j8 -l8
[1.558s] DEBUG:colcon.colcon_core.event_handler.log_command:Invoking command in '/home/orangepi/marco_ws/build/marco_description': CMAKE_PREFIX_PATH=${CMAKE_PREFIX_PATH}:/home/orangepi/marco_ws/install/marco_docking:/home/orangepi/marco_ws/install/marco_perception:/home/orangepi/marco_ws/install/marco_mission:/home/orangepi/marco_ws/install/marco_base:/home/orangepi/marco_ws/install/lane_tracking:/opt/ros/humble /usr/bin/cmake --install /home/orangepi/marco_ws/build/marco_description
[1.567s] DEBUG:colcon.colcon_core.event_handler.log_command:Invoking command in '/home/orangepi/marco_ws/build/marco_simulation': CMAKE_PREFIX_PATH=${CMAKE_PREFIX_PATH}:/home/orangepi/marco_ws/install/marco_docking:/home/orangepi/marco_ws/install/marco_perception:/home/orangepi/marco_ws/install/marco_mission:/home/orangepi/marco_ws/install/marco_base:/home/orangepi/marco_ws/install/lane_tracking:/opt/ros/humble /usr/bin/cmake --build /home/orangepi/marco_ws/build/marco_simulation -- -j8 -l8
[1.569s] DEBUG:colcon.colcon_core.event_handler.log_command:Invoked command in '/home/orangepi/marco_ws/build/marco_msgs' returned '0': CMAKE_PREFIX_PATH=${CMAKE_PREFIX_PATH}:/home/orangepi/marco_ws/install/marco_docking:/home/orangepi/marco_ws/install/marco_perception:/home/orangepi/marco_ws/install/marco_mission:/home/orangepi/marco_ws/install/marco_base:/home/orangepi/marco_ws/install/lane_tracking:/opt/ros/humble /usr/bin/cmake --build /home/orangepi/marco_ws/build/marco_msgs -- -j8 -l8
[1.572s] DEBUG:colcon.colcon_core.event_handler.log_command:Invoking command in '/home/orangepi/marco_ws/build/marco_msgs': CMAKE_PREFIX_PATH=${CMAKE_PREFIX_PATH}:/home/orangepi/marco_ws/install/marco_docking:/home/orangepi/marco_ws/install/marco_perception:/home/orangepi/marco_ws/install/marco_mission:/home/orangepi/marco_ws/install/marco_base:/home/orangepi/marco_ws/install/lane_tracking:/opt/ros/humble /usr/bin/cmake --install /home/orangepi/marco_ws/build/marco_msgs
[1.634s] Level 1:colcon.colcon_core.environment:create_environment_scripts_only(marco_navigation)
[1.644s] Level 1:colcon.colcon_core.environment:checking '/home/orangepi/marco_ws/install/marco_navigation' for CMake module files
[1.645s] Level 1:colcon.colcon_core.environment:checking '/home/orangepi/marco_ws/install/marco_navigation' for CMake config files
[1.648s] Level 1:colcon.colcon_core.shell:create_environment_hook('marco_navigation', 'cmake_prefix_path')
[1.649s] INFO:colcon.colcon_core.shell:Creating environment hook '/home/orangepi/marco_ws/install/marco_navigation/share/marco_navigation/hook/cmake_prefix_path.ps1'
[1.650s] INFO:colcon.colcon_core.shell:Creating environment descriptor '/home/orangepi/marco_ws/install/marco_navigation/share/marco_navigation/hook/cmake_prefix_path.dsv'
[1.652s] INFO:colcon.colcon_core.shell:Creating environment hook '/home/orangepi/marco_ws/install/marco_navigation/share/marco_navigation/hook/cmake_prefix_path.sh'
[1.654s] Level 1:colcon.colcon_core.environment:checking '/home/orangepi/marco_ws/install/marco_navigation/lib'
[1.655s] Level 1:colcon.colcon_core.environment:checking '/home/orangepi/marco_ws/install/marco_navigation/bin'
[1.655s] Level 1:colcon.colcon_core.environment:checking '/home/orangepi/marco_ws/install/marco_navigation/lib/pkgconfig/marco_navigation.pc'
[1.656s] Level 1:colcon.colcon_core.environment:checking '/home/orangepi/marco_ws/install/marco_navigation/lib/python3.10/site-packages'
[1.656s] Level 1:colcon.colcon_core.environment:checking '/home/orangepi/marco_ws/install/marco_navigation/bin'
[1.657s] INFO:colcon.colcon_core.shell:Creating package script '/home/orangepi/marco_ws/install/marco_navigation/share/marco_navigation/package.ps1'
[1.663s] INFO:colcon.colcon_core.shell:Creating package descriptor '/home/orangepi/marco_ws/install/marco_navigation/share/marco_navigation/package.dsv'
[1.665s] INFO:colcon.colcon_core.shell:Creating package script '/home/orangepi/marco_ws/install/marco_navigation/share/marco_navigation/package.sh'
[1.668s] INFO:colcon.colcon_core.shell:Creating package script '/home/orangepi/marco_ws/install/marco_navigation/share/marco_navigation/package.bash'
[1.670s] INFO:colcon.colcon_core.shell:Creating package script '/home/orangepi/marco_ws/install/marco_navigation/share/marco_navigation/package.zsh'
[1.672s] Level 1:colcon.colcon_core.environment:create_file_with_runtime_dependencies(/home/orangepi/marco_ws/install/marco_navigation/share/colcon-core/packages/marco_navigation)
[1.674s] Level 1:colcon.colcon_core.environment:create_environment_scripts_only(marco_navigation)
[1.674s] Level 1:colcon.colcon_core.environment:checking '/home/orangepi/marco_ws/install/marco_navigation' for CMake module files
[1.676s] Level 1:colcon.colcon_core.environment:checking '/home/orangepi/marco_ws/install/marco_navigation' for CMake config files
[1.679s] Level 1:colcon.colcon_core.shell:create_environment_hook('marco_navigation', 'cmake_prefix_path')
[1.680s] INFO:colcon.colcon_core.shell:Creating environment hook '/home/orangepi/marco_ws/install/marco_navigation/share/marco_navigation/hook/cmake_prefix_path.ps1'
[1.681s] INFO:colcon.colcon_core.shell:Creating environment descriptor '/home/orangepi/marco_ws/install/marco_navigation/share/marco_navigation/hook/cmake_prefix_path.dsv'
[1.682s] INFO:colcon.colcon_core.shell:Creating environment hook '/home/orangepi/marco_ws/install/marco_navigation/share/marco_navigation/hook/cmake_prefix_path.sh'
[1.685s] Level 1:colcon.colcon_core.environment:checking '/home/orangepi/marco_ws/install/marco_navigation/lib'
[1.685s] Level 1:colcon.colcon_core.environment:checking '/home/orangepi/marco_ws/install/marco_navigation/bin'
[1.685s] Level 1:colcon.colcon_core.environment:checking '/home/orangepi/marco_ws/install/marco_navigation/lib/pkgconfig/marco_navigation.pc'
[1.686s] Level 1:colcon.colcon_core.environment:checking '/home/orangepi/marco_ws/install/marco_navigation/lib/python3.10/site-packages'
[1.686s] Level 1:colcon.colcon_core.environment:checking '/home/orangepi/marco_ws/install/marco_navigation/bin'
[1.687s] INFO:colcon.colcon_core.shell:Creating package script '/home/orangepi/marco_ws/install/marco_navigation/share/marco_navigation/package.ps1'
[1.688s] INFO:colcon.colcon_core.shell:Creating package descriptor '/home/orangepi/marco_ws/install/marco_navigation/share/marco_navigation/package.dsv'
[1.691s] DEBUG:colcon.colcon_core.event_handler.log_command:Invoked command in '/home/orangepi/marco_ws/build/marco_safety' returned '0': CMAKE_PREFIX_PATH=${CMAKE_PREFIX_PATH}:/home/orangepi/marco_ws/install/marco_docking:/home/orangepi/marco_ws/install/marco_perception:/home/orangepi/marco_ws/install/marco_mission:/home/orangepi/marco_ws/install/marco_base:/home/orangepi/marco_ws/install/lane_tracking:/opt/ros/humble /usr/bin/cmake --build /home/orangepi/marco_ws/build/marco_safety -- -j8 -l8
[1.693s] DEBUG:colcon.colcon_core.event_handler.log_command:Invoking command in '/home/orangepi/marco_ws/build/marco_safety': CMAKE_PREFIX_PATH=${CMAKE_PREFIX_PATH}:/home/orangepi/marco_ws/install/marco_docking:/home/orangepi/marco_ws/install/marco_perception:/home/orangepi/marco_ws/install/marco_mission:/home/orangepi/marco_ws/install/marco_base:/home/orangepi/marco_ws/install/lane_tracking:/opt/ros/humble /usr/bin/cmake --install /home/orangepi/marco_ws/build/marco_safety
[1.693s] INFO:colcon.colcon_core.shell:Creating package script '/home/orangepi/marco_ws/install/marco_navigation/share/marco_navigation/package.sh'
[1.694s] INFO:colcon.colcon_core.shell:Creating package script '/home/orangepi/marco_ws/install/marco_navigation/share/marco_navigation/package.bash'
[1.696s] INFO:colcon.colcon_core.shell:Creating package script '/home/orangepi/marco_ws/install/marco_navigation/share/marco_navigation/package.zsh'
[1.697s] Level 1:colcon.colcon_core.environment:create_file_with_runtime_dependencies(/home/orangepi/marco_ws/install/marco_navigation/share/colcon-core/packages/marco_navigation)
[1.699s] DEBUG:colcon.colcon_core.event_handler.log_command:Invoked command in '/home/orangepi/marco_ws/build/marco_navigation' returned '0': CMAKE_PREFIX_PATH=${CMAKE_PREFIX_PATH}:/home/orangepi/marco_ws/install/marco_docking:/home/orangepi/marco_ws/install/marco_perception:/home/orangepi/marco_ws/install/marco_mission:/home/orangepi/marco_ws/install/marco_base:/home/orangepi/marco_ws/install/lane_tracking:/opt/ros/humble /usr/bin/cmake --install /home/orangepi/marco_ws/build/marco_navigation
[1.700s] Level 1:colcon.colcon_core.environment:create_environment_scripts_only(marco_description)
[1.701s] Level 1:colcon.colcon_core.environment:checking '/home/orangepi/marco_ws/install/marco_description' for CMake module files
[1.703s] Level 1:colcon.colcon_core.environment:checking '/home/orangepi/marco_ws/install/marco_description' for CMake config files
[1.706s] Level 1:colcon.colcon_core.shell:create_environment_hook('marco_description', 'cmake_prefix_path')
[1.707s] INFO:colcon.colcon_core.shell:Creating environment hook '/home/orangepi/marco_ws/install/marco_description/share/marco_description/hook/cmake_prefix_path.ps1'
[1.708s] INFO:colcon.colcon_core.shell:Creating environment descriptor '/home/orangepi/marco_ws/install/marco_description/share/marco_description/hook/cmake_prefix_path.dsv'
[1.709s] INFO:colcon.colcon_core.shell:Creating environment hook '/home/orangepi/marco_ws/install/marco_description/share/marco_description/hook/cmake_prefix_path.sh'
[1.711s] Level 1:colcon.colcon_core.environment:checking '/home/orangepi/marco_ws/install/marco_description/bin'
[1.711s] Level 1:colcon.colcon_core.environment:checking '/home/orangepi/marco_ws/install/marco_description/lib/pkgconfig/marco_description.pc'
[1.711s] Level 1:colcon.colcon_core.environment:checking '/home/orangepi/marco_ws/install/marco_description/lib/python3.10/site-packages'
[1.712s] Level 1:colcon.colcon_core.environment:checking '/home/orangepi/marco_ws/install/marco_description/bin'
[1.712s] INFO:colcon.colcon_core.shell:Creating package script '/home/orangepi/marco_ws/install/marco_description/share/marco_description/package.ps1'
[1.714s] INFO:colcon.colcon_core.shell:Creating package descriptor '/home/orangepi/marco_ws/install/marco_description/share/marco_description/package.dsv'
[1.715s] INFO:colcon.colcon_core.shell:Creating package script '/home/orangepi/marco_ws/install/marco_description/share/marco_description/package.sh'
[1.716s] INFO:colcon.colcon_core.shell:Creating package script '/home/orangepi/marco_ws/install/marco_description/share/marco_description/package.bash'
[1.718s] INFO:colcon.colcon_core.shell:Creating package script '/home/orangepi/marco_ws/install/marco_description/share/marco_description/package.zsh'
[1.719s] Level 1:colcon.colcon_core.environment:create_file_with_runtime_dependencies(/home/orangepi/marco_ws/install/marco_description/share/colcon-core/packages/marco_description)
[1.720s] Level 1:colcon.colcon_core.environment:create_environment_scripts_only(marco_description)
[1.720s] Level 1:colcon.colcon_core.environment:checking '/home/orangepi/marco_ws/install/marco_description' for CMake module files
[1.723s] Level 1:colcon.colcon_core.environment:checking '/home/orangepi/marco_ws/install/marco_description' for CMake config files
[1.726s] Level 1:colcon.colcon_core.shell:create_environment_hook('marco_description', 'cmake_prefix_path')
[1.726s] INFO:colcon.colcon_core.shell:Creating environment hook '/home/orangepi/marco_ws/install/marco_description/share/marco_description/hook/cmake_prefix_path.ps1'
[1.728s] INFO:colcon.colcon_core.shell:Creating environment descriptor '/home/orangepi/marco_ws/install/marco_description/share/marco_description/hook/cmake_prefix_path.dsv'
[1.729s] INFO:colcon.colcon_core.shell:Creating environment hook '/home/orangepi/marco_ws/install/marco_description/share/marco_description/hook/cmake_prefix_path.sh'
[1.731s] Level 1:colcon.colcon_core.environment:checking '/home/orangepi/marco_ws/install/marco_description/bin'
[1.731s] Level 1:colcon.colcon_core.environment:checking '/home/orangepi/marco_ws/install/marco_description/lib/pkgconfig/marco_description.pc'
[1.732s] Level 1:colcon.colcon_core.environment:checking '/home/orangepi/marco_ws/install/marco_description/lib/python3.10/site-packages'
[1.733s] Level 1:colcon.colcon_core.environment:checking '/home/orangepi/marco_ws/install/marco_description/bin'
[1.733s] INFO:colcon.colcon_core.shell:Creating package script '/home/orangepi/marco_ws/install/marco_description/share/marco_description/package.ps1'
[1.735s] INFO:colcon.colcon_core.shell:Creating package descriptor '/home/orangepi/marco_ws/install/marco_description/share/marco_description/package.dsv'
[1.737s] INFO:colcon.colcon_core.shell:Creating package script '/home/orangepi/marco_ws/install/marco_description/share/marco_description/package.sh'
[1.738s] DEBUG:colcon.colcon_core.event_handler.log_command:Invoked command in '/home/orangepi/marco_ws/build/marco_description' returned '0': CMAKE_PREFIX_PATH=${CMAKE_PREFIX_PATH}:/home/orangepi/marco_ws/install/marco_docking:/home/orangepi/marco_ws/install/marco_perception:/home/orangepi/marco_ws/install/marco_mission:/home/orangepi/marco_ws/install/marco_base:/home/orangepi/marco_ws/install/lane_tracking:/opt/ros/humble /usr/bin/cmake --install /home/orangepi/marco_ws/build/marco_description
[1.739s] INFO:colcon.colcon_core.shell:Creating package script '/home/orangepi/marco_ws/install/marco_description/share/marco_description/package.bash'
[1.739s] INFO:colcon.colcon_core.shell:Creating package script '/home/orangepi/marco_ws/install/marco_description/share/marco_description/package.zsh'
[1.741s] Level 1:colcon.colcon_core.environment:create_file_with_runtime_dependencies(/home/orangepi/marco_ws/install/marco_description/share/colcon-core/packages/marco_description)
[1.744s] Level 1:colcon.colcon_core.environment:create_environment_scripts_only(marco_safety)
[1.745s] Level 1:colcon.colcon_core.environment:checking '/home/orangepi/marco_ws/install/marco_safety' for CMake module files
[1.747s] Level 1:colcon.colcon_core.environment:checking '/home/orangepi/marco_ws/install/marco_safety' for CMake config files
[1.748s] Level 1:colcon.colcon_core.shell:create_environment_hook('marco_safety', 'cmake_prefix_path')
[1.749s] INFO:colcon.colcon_core.shell:Creating environment hook '/home/orangepi/marco_ws/install/marco_safety/share/marco_safety/hook/cmake_prefix_path.ps1'
[1.750s] INFO:colcon.colcon_core.shell:Creating environment descriptor '/home/orangepi/marco_ws/install/marco_safety/share/marco_safety/hook/cmake_prefix_path.dsv'
[1.751s] INFO:colcon.colcon_core.shell:Creating environment hook '/home/orangepi/marco_ws/install/marco_safety/share/marco_safety/hook/cmake_prefix_path.sh'
[1.752s] Level 1:colcon.colcon_core.environment:checking '/home/orangepi/marco_ws/install/marco_safety/bin'
[1.752s] Level 1:colcon.colcon_core.environment:checking '/home/orangepi/marco_ws/install/marco_safety/lib/pkgconfig/marco_safety.pc'
[1.753s] Level 1:colcon.colcon_core.environment:checking '/home/orangepi/marco_ws/install/marco_safety/lib/python3.10/site-packages'
[1.753s] Level 1:colcon.colcon_core.environment:checking '/home/orangepi/marco_ws/install/marco_safety/bin'
[1.754s] INFO:colcon.colcon_core.shell:Creating package script '/home/orangepi/marco_ws/install/marco_safety/share/marco_safety/package.ps1'
[1.755s] DEBUG:colcon.colcon_core.event_handler.log_command:Invoked command in '/home/orangepi/marco_ws/build/marco_simulation' returned '0': CMAKE_PREFIX_PATH=${CMAKE_PREFIX_PATH}:/home/orangepi/marco_ws/install/marco_docking:/home/orangepi/marco_ws/install/marco_perception:/home/orangepi/marco_ws/install/marco_mission:/home/orangepi/marco_ws/install/marco_base:/home/orangepi/marco_ws/install/lane_tracking:/opt/ros/humble /usr/bin/cmake --build /home/orangepi/marco_ws/build/marco_simulation -- -j8 -l8
[1.755s] DEBUG:colcon.colcon_core.event_handler.log_command:Invoking command in '/home/orangepi/marco_ws/build/marco_simulation': CMAKE_PREFIX_PATH=${CMAKE_PREFIX_PATH}:/home/orangepi/marco_ws/install/marco_docking:/home/orangepi/marco_ws/install/marco_perception:/home/orangepi/marco_ws/install/marco_mission:/home/orangepi/marco_ws/install/marco_base:/home/orangepi/marco_ws/install/lane_tracking:/opt/ros/humble /usr/bin/cmake --install /home/orangepi/marco_ws/build/marco_simulation
[1.755s] INFO:colcon.colcon_core.shell:Creating package descriptor '/home/orangepi/marco_ws/install/marco_safety/share/marco_safety/package.dsv'
[1.756s] DEBUG:colcon.colcon_core.event_handler.log_command:Invoked command in '/home/orangepi/marco_ws/build/marco_safety' returned '0': CMAKE_PREFIX_PATH=${CMAKE_PREFIX_PATH}:/home/orangepi/marco_ws/install/marco_docking:/home/orangepi/marco_ws/install/marco_perception:/home/orangepi/marco_ws/install/marco_mission:/home/orangepi/marco_ws/install/marco_base:/home/orangepi/marco_ws/install/lane_tracking:/opt/ros/humble /usr/bin/cmake --install /home/orangepi/marco_ws/build/marco_safety
[1.756s] INFO:colcon.colcon_core.shell:Creating package script '/home/orangepi/marco_ws/install/marco_safety/share/marco_safety/package.sh'
[1.757s] INFO:colcon.colcon_core.shell:Creating package script '/home/orangepi/marco_ws/install/marco_safety/share/marco_safety/package.bash'
[1.757s] INFO:colcon.colcon_core.shell:Creating package script '/home/orangepi/marco_ws/install/marco_safety/share/marco_safety/package.zsh'
[1.758s] Level 1:colcon.colcon_core.environment:create_file_with_runtime_dependencies(/home/orangepi/marco_ws/install/marco_safety/share/colcon-core/packages/marco_safety)
[1.760s] Level 1:colcon.colcon_core.environment:create_environment_scripts_only(marco_safety)
[1.760s] Level 1:colcon.colcon_core.environment:checking '/home/orangepi/marco_ws/install/marco_safety' for CMake module files
[1.760s] Level 1:colcon.colcon_core.environment:checking '/home/orangepi/marco_ws/install/marco_safety' for CMake config files
[1.761s] Level 1:colcon.colcon_core.shell:create_environment_hook('marco_safety', 'cmake_prefix_path')
[1.761s] INFO:colcon.colcon_core.shell:Creating environment hook '/home/orangepi/marco_ws/install/marco_safety/share/marco_safety/hook/cmake_prefix_path.ps1'
[1.762s] INFO:colcon.colcon_core.shell:Creating environment descriptor '/home/orangepi/marco_ws/install/marco_safety/share/marco_safety/hook/cmake_prefix_path.dsv'
[1.762s] INFO:colcon.colcon_core.shell:Creating environment hook '/home/orangepi/marco_ws/install/marco_safety/share/marco_safety/hook/cmake_prefix_path.sh'
[1.763s] Level 1:colcon.colcon_core.environment:checking '/home/orangepi/marco_ws/install/marco_safety/bin'
[1.764s] Level 1:colcon.colcon_core.environment:checking '/home/orangepi/marco_ws/install/marco_safety/lib/pkgconfig/marco_safety.pc'
[1.764s] Level 1:colcon.colcon_core.environment:checking '/home/orangepi/marco_ws/install/marco_safety/lib/python3.10/site-packages'
[1.764s] Level 1:colcon.colcon_core.environment:checking '/home/orangepi/marco_ws/install/marco_safety/bin'
[1.765s] INFO:colcon.colcon_core.shell:Creating package script '/home/orangepi/marco_ws/install/marco_safety/share/marco_safety/package.ps1'
[1.766s] INFO:colcon.colcon_core.shell:Creating package descriptor '/home/orangepi/marco_ws/install/marco_safety/share/marco_safety/package.dsv'
[1.766s] INFO:colcon.colcon_core.shell:Creating package script '/home/orangepi/marco_ws/install/marco_safety/share/marco_safety/package.sh'
[1.767s] INFO:colcon.colcon_core.shell:Creating package script '/home/orangepi/marco_ws/install/marco_safety/share/marco_safety/package.bash'
[1.768s] INFO:colcon.colcon_core.shell:Creating package script '/home/orangepi/marco_ws/install/marco_safety/share/marco_safety/package.zsh'
[1.769s] Level 1:colcon.colcon_core.environment:create_file_with_runtime_dependencies(/home/orangepi/marco_ws/install/marco_safety/share/colcon-core/packages/marco_safety)
[1.771s] Level 1:colcon.colcon_core.environment:create_environment_scripts_only(marco_msgs)
[1.772s] Level 1:colcon.colcon_core.environment:checking '/home/orangepi/marco_ws/install/marco_msgs' for CMake module files
[1.774s] Level 1:colcon.colcon_core.environment:checking '/home/orangepi/marco_ws/install/marco_msgs' for CMake config files
[1.782s] DEBUG:colcon.colcon_core.event_handler.log_command:Invoked command in '/home/orangepi/marco_ws/build/marco_msgs' returned '0': CMAKE_PREFIX_PATH=${CMAKE_PREFIX_PATH}:/home/orangepi/marco_ws/install/marco_docking:/home/orangepi/marco_ws/install/marco_perception:/home/orangepi/marco_ws/install/marco_mission:/home/orangepi/marco_ws/install/marco_base:/home/orangepi/marco_ws/install/lane_tracking:/opt/ros/humble /usr/bin/cmake --install /home/orangepi/marco_ws/build/marco_msgs
[1.783s] Level 1:colcon.colcon_core.shell:create_environment_hook('marco_msgs', 'cmake_prefix_path')
[1.784s] INFO:colcon.colcon_core.shell:Creating environment hook '/home/orangepi/marco_ws/install/marco_msgs/share/marco_msgs/hook/cmake_prefix_path.ps1'
[1.784s] INFO:colcon.colcon_core.shell:Creating environment descriptor '/home/orangepi/marco_ws/install/marco_msgs/share/marco_msgs/hook/cmake_prefix_path.dsv'
[1.785s] INFO:colcon.colcon_core.shell:Creating environment hook '/home/orangepi/marco_ws/install/marco_msgs/share/marco_msgs/hook/cmake_prefix_path.sh'
[1.786s] Level 1:colcon.colcon_core.environment:checking '/home/orangepi/marco_ws/install/marco_msgs/lib'
[1.787s] Level 1:colcon.colcon_core.shell:create_environment_hook('marco_msgs', 'ld_library_path_lib')
[1.787s] INFO:colcon.colcon_core.shell:Creating environment hook '/home/orangepi/marco_ws/install/marco_msgs/share/marco_msgs/hook/ld_library_path_lib.ps1'
[1.787s] INFO:colcon.colcon_core.shell:Creating environment descriptor '/home/orangepi/marco_ws/install/marco_msgs/share/marco_msgs/hook/ld_library_path_lib.dsv'
[1.788s] INFO:colcon.colcon_core.shell:Creating environment hook '/home/orangepi/marco_ws/install/marco_msgs/share/marco_msgs/hook/ld_library_path_lib.sh'
[1.789s] Level 1:colcon.colcon_core.environment:checking '/home/orangepi/marco_ws/install/marco_msgs/bin'
[1.789s] Level 1:colcon.colcon_core.environment:checking '/home/orangepi/marco_ws/install/marco_msgs/lib/pkgconfig/marco_msgs.pc'
[1.790s] Level 1:colcon.colcon_core.environment:checking '/home/orangepi/marco_ws/install/marco_msgs/lib/python3.10/site-packages'
[1.790s] Level 1:colcon.colcon_core.environment:checking '/home/orangepi/marco_ws/install/marco_msgs/bin'
[1.791s] INFO:colcon.colcon_core.shell:Creating package script '/home/orangepi/marco_ws/install/marco_msgs/share/marco_msgs/package.ps1'
[1.792s] INFO:colcon.colcon_core.shell:Creating package descriptor '/home/orangepi/marco_ws/install/marco_msgs/share/marco_msgs/package.dsv'
[1.792s] INFO:colcon.colcon_core.shell:Creating package script '/home/orangepi/marco_ws/install/marco_msgs/share/marco_msgs/package.sh'
[1.793s] INFO:colcon.colcon_core.shell:Creating package script '/home/orangepi/marco_ws/install/marco_msgs/share/marco_msgs/package.bash'
[1.794s] INFO:colcon.colcon_core.shell:Creating package script '/home/orangepi/marco_ws/install/marco_msgs/share/marco_msgs/package.zsh'
[1.795s] Level 1:colcon.colcon_core.environment:create_file_with_runtime_dependencies(/home/orangepi/marco_ws/install/marco_msgs/share/colcon-core/packages/marco_msgs)
[1.797s] Level 1:colcon.colcon_core.environment:create_environment_scripts_only(marco_msgs)
[1.797s] Level 1:colcon.colcon_core.environment:checking '/home/orangepi/marco_ws/install/marco_msgs' for CMake module files
[1.798s] Level 1:colcon.colcon_core.environment:checking '/home/orangepi/marco_ws/install/marco_msgs' for CMake config files
[1.800s] Level 1:colcon.colcon_core.shell:create_environment_hook('marco_msgs', 'cmake_prefix_path')
[1.800s] INFO:colcon.colcon_core.shell:Creating environment hook '/home/orangepi/marco_ws/install/marco_msgs/share/marco_msgs/hook/cmake_prefix_path.ps1'
[1.800s] INFO:colcon.colcon_core.shell:Creating environment descriptor '/home/orangepi/marco_ws/install/marco_msgs/share/marco_msgs/hook/cmake_prefix_path.dsv'
[1.801s] INFO:colcon.colcon_core.shell:Creating environment hook '/home/orangepi/marco_ws/install/marco_msgs/share/marco_msgs/hook/cmake_prefix_path.sh'
[1.802s] Level 1:colcon.colcon_core.environment:checking '/home/orangepi/marco_ws/install/marco_msgs/lib'
[1.802s] Level 1:colcon.colcon_core.shell:create_environment_hook('marco_msgs', 'ld_library_path_lib')
[1.803s] INFO:colcon.colcon_core.shell:Creating environment hook '/home/orangepi/marco_ws/install/marco_msgs/share/marco_msgs/hook/ld_library_path_lib.ps1'
[1.804s] INFO:colcon.colcon_core.shell:Creating environment descriptor '/home/orangepi/marco_ws/install/marco_msgs/share/marco_msgs/hook/ld_library_path_lib.dsv'
[1.805s] INFO:colcon.colcon_core.shell:Creating environment hook '/home/orangepi/marco_ws/install/marco_msgs/share/marco_msgs/hook/ld_library_path_lib.sh'
[1.805s] Level 1:colcon.colcon_core.environment:checking '/home/orangepi/marco_ws/install/marco_msgs/bin'
[1.806s] Level 1:colcon.colcon_core.environment:checking '/home/orangepi/marco_ws/install/marco_msgs/lib/pkgconfig/marco_msgs.pc'
[1.806s] Level 1:colcon.colcon_core.environment:checking '/home/orangepi/marco_ws/install/marco_msgs/lib/python3.10/site-packages'
[1.806s] Level 1:colcon.colcon_core.environment:checking '/home/orangepi/marco_ws/install/marco_msgs/bin'
[1.807s] INFO:colcon.colcon_core.shell:Creating package script '/home/orangepi/marco_ws/install/marco_msgs/share/marco_msgs/package.ps1'
[1.808s] INFO:colcon.colcon_core.shell:Creating package descriptor '/home/orangepi/marco_ws/install/marco_msgs/share/marco_msgs/package.dsv'
[1.808s] INFO:colcon.colcon_core.shell:Creating package script '/home/orangepi/marco_ws/install/marco_msgs/share/marco_msgs/package.sh'
[1.809s] INFO:colcon.colcon_core.shell:Creating package script '/home/orangepi/marco_ws/install/marco_msgs/share/marco_msgs/package.bash'
[1.810s] INFO:colcon.colcon_core.shell:Creating package script '/home/orangepi/marco_ws/install/marco_msgs/share/marco_msgs/package.zsh'
[1.811s] Level 1:colcon.colcon_core.environment:create_file_with_runtime_dependencies(/home/orangepi/marco_ws/install/marco_msgs/share/colcon-core/packages/marco_msgs)
[1.813s] INFO:colcon.colcon_ros.task.ament_python.build:Building ROS package in '/home/orangepi/marco_ws/src/marco_perception' with build type 'ament_python'
[1.813s] Level 1:colcon.colcon_core.shell:create_environment_hook('marco_perception', 'ament_prefix_path')
[1.813s] INFO:colcon.colcon_core.shell:Creating environment hook '/home/orangepi/marco_ws/install/marco_perception/share/marco_perception/hook/ament_prefix_path.ps1'
[1.815s] INFO:colcon.colcon_core.shell:Creating environment descriptor '/home/orangepi/marco_ws/install/marco_perception/share/marco_perception/hook/ament_prefix_path.dsv'
[1.815s] INFO:colcon.colcon_core.shell:Creating environment hook '/home/orangepi/marco_ws/install/marco_perception/share/marco_perception/hook/ament_prefix_path.sh'
[1.816s] INFO:colcon.colcon_core.shell:Skip shell extension 'powershell' for command environment: Not usable outside of PowerShell
[1.817s] DEBUG:colcon.colcon_core.shell:Skip shell extension 'dsv' for command environment
[1.822s] INFO:colcon.colcon_ros.task.ament_python.build:Building ROS package in '/home/orangepi/marco_ws/src/marco_mission' with build type 'ament_python'
[1.822s] Level 1:colcon.colcon_core.shell:create_environment_hook('marco_mission', 'ament_prefix_path')
[1.822s] INFO:colcon.colcon_core.shell:Creating environment hook '/home/orangepi/marco_ws/install/marco_mission/share/marco_mission/hook/ament_prefix_path.ps1'
[1.823s] INFO:colcon.colcon_core.shell:Creating environment descriptor '/home/orangepi/marco_ws/install/marco_mission/share/marco_mission/hook/ament_prefix_path.dsv'
[1.824s] INFO:colcon.colcon_core.shell:Creating environment hook '/home/orangepi/marco_ws/install/marco_mission/share/marco_mission/hook/ament_prefix_path.sh'
[1.825s] INFO:colcon.colcon_core.shell:Skip shell extension 'powershell' for command environment: Not usable outside of PowerShell
[1.825s] DEBUG:colcon.colcon_core.shell:Skip shell extension 'dsv' for command environment
[2.275s] INFO:colcon.colcon_core.task.python.build:Building Python package in '/home/orangepi/marco_ws/src/marco_perception'
[2.277s] INFO:colcon.colcon_core.shell:Skip shell extension 'powershell' for command environment: Not usable outside of PowerShell
[2.277s] DEBUG:colcon.colcon_core.shell:Skip shell extension 'dsv' for command environment
[2.301s] Level 1:colcon.colcon_core.environment:create_environment_scripts_only(marco_simulation)
[2.301s] Level 1:colcon.colcon_core.environment:checking '/home/orangepi/marco_ws/install/marco_simulation' for CMake module files
[2.303s] DEBUG:colcon.colcon_core.event_handler.log_command:Invoked command in '/home/orangepi/marco_ws/build/marco_simulation' returned '0': CMAKE_PREFIX_PATH=${CMAKE_PREFIX_PATH}:/home/orangepi/marco_ws/install/marco_docking:/home/orangepi/marco_ws/install/marco_perception:/home/orangepi/marco_ws/install/marco_mission:/home/orangepi/marco_ws/install/marco_base:/home/orangepi/marco_ws/install/lane_tracking:/opt/ros/humble /usr/bin/cmake --install /home/orangepi/marco_ws/build/marco_simulation
[2.304s] Level 1:colcon.colcon_core.environment:checking '/home/orangepi/marco_ws/install/marco_simulation' for CMake config files
[2.304s] Level 1:colcon.colcon_core.shell:create_environment_hook('marco_simulation', 'cmake_prefix_path')
[2.304s] INFO:colcon.colcon_core.shell:Creating environment hook '/home/orangepi/marco_ws/install/marco_simulation/share/marco_simulation/hook/cmake_prefix_path.ps1'
[2.305s] INFO:colcon.colcon_core.shell:Creating environment descriptor '/home/orangepi/marco_ws/install/marco_simulation/share/marco_simulation/hook/cmake_prefix_path.dsv'
[2.306s] INFO:colcon.colcon_core.shell:Creating environment hook '/home/orangepi/marco_ws/install/marco_simulation/share/marco_simulation/hook/cmake_prefix_path.sh'
[2.307s] Level 1:colcon.colcon_core.environment:checking '/home/orangepi/marco_ws/install/marco_simulation/bin'
[2.307s] Level 1:colcon.colcon_core.environment:checking '/home/orangepi/marco_ws/install/marco_simulation/lib/pkgconfig/marco_simulation.pc'
[2.308s] Level 1:colcon.colcon_core.environment:checking '/home/orangepi/marco_ws/install/marco_simulation/lib/python3.10/site-packages'
[2.308s] Level 1:colcon.colcon_core.environment:checking '/home/orangepi/marco_ws/install/marco_simulation/bin'
[2.309s] INFO:colcon.colcon_core.shell:Creating package script '/home/orangepi/marco_ws/install/marco_simulation/share/marco_simulation/package.ps1'
[2.309s] INFO:colcon.colcon_core.shell:Creating package descriptor '/home/orangepi/marco_ws/install/marco_simulation/share/marco_simulation/package.dsv'
[2.310s] INFO:colcon.colcon_core.shell:Creating package script '/home/orangepi/marco_ws/install/marco_simulation/share/marco_simulation/package.sh'
[2.310s] INFO:colcon.colcon_core.shell:Creating package script '/home/orangepi/marco_ws/install/marco_simulation/share/marco_simulation/package.bash'
[2.311s] INFO:colcon.colcon_core.shell:Creating package script '/home/orangepi/marco_ws/install/marco_simulation/share/marco_simulation/package.zsh'
[2.312s] Level 1:colcon.colcon_core.environment:create_file_with_runtime_dependencies(/home/orangepi/marco_ws/install/marco_simulation/share/colcon-core/packages/marco_simulation)
[2.313s] Level 1:colcon.colcon_core.environment:create_environment_scripts_only(marco_simulation)
[2.313s] Level 1:colcon.colcon_core.environment:checking '/home/orangepi/marco_ws/install/marco_simulation' for CMake module files
[2.314s] Level 1:colcon.colcon_core.environment:checking '/home/orangepi/marco_ws/install/marco_simulation' for CMake config files
[2.314s] Level 1:colcon.colcon_core.shell:create_environment_hook('marco_simulation', 'cmake_prefix_path')
[2.314s] INFO:colcon.colcon_core.shell:Creating environment hook '/home/orangepi/marco_ws/install/marco_simulation/share/marco_simulation/hook/cmake_prefix_path.ps1'
[2.315s] INFO:colcon.colcon_core.shell:Creating environment descriptor '/home/orangepi/marco_ws/install/marco_simulation/share/marco_simulation/hook/cmake_prefix_path.dsv'
[2.316s] INFO:colcon.colcon_core.shell:Creating environment hook '/home/orangepi/marco_ws/install/marco_simulation/share/marco_simulation/hook/cmake_prefix_path.sh'
[2.317s] Level 1:colcon.colcon_core.environment:checking '/home/orangepi/marco_ws/install/marco_simulation/bin'
[2.317s] Level 1:colcon.colcon_core.environment:checking '/home/orangepi/marco_ws/install/marco_simulation/lib/pkgconfig/marco_simulation.pc'
[2.317s] Level 1:colcon.colcon_core.environment:checking '/home/orangepi/marco_ws/install/marco_simulation/lib/python3.10/site-packages'
[2.318s] Level 1:colcon.colcon_core.environment:checking '/home/orangepi/marco_ws/install/marco_simulation/bin'
[2.318s] INFO:colcon.colcon_core.shell:Creating package script '/home/orangepi/marco_ws/install/marco_simulation/share/marco_simulation/package.ps1'
[2.319s] INFO:colcon.colcon_core.shell:Creating package descriptor '/home/orangepi/marco_ws/install/marco_simulation/share/marco_simulation/package.dsv'
[2.320s] INFO:colcon.colcon_core.shell:Creating package script '/home/orangepi/marco_ws/install/marco_simulation/share/marco_simulation/package.sh'
[2.322s] INFO:colcon.colcon_core.shell:Creating package script '/home/orangepi/marco_ws/install/marco_simulation/share/marco_simulation/package.bash'
[2.323s] INFO:colcon.colcon_core.shell:Creating package script '/home/orangepi/marco_ws/install/marco_simulation/share/marco_simulation/package.zsh'
[2.324s] Level 1:colcon.colcon_core.environment:create_file_with_runtime_dependencies(/home/orangepi/marco_ws/install/marco_simulation/share/colcon-core/packages/marco_simulation)
[2.705s] INFO:colcon.colcon_core.task.python.build:Building Python package in '/home/orangepi/marco_ws/src/marco_mission'
[2.707s] INFO:colcon.colcon_core.shell:Skip shell extension 'powershell' for command environment: Not usable outside of PowerShell
[2.707s] DEBUG:colcon.colcon_core.shell:Skip shell extension 'dsv' for command environment
[2.729s] DEBUG:colcon.colcon_core.task.python.build:Available setuptools commands: build_scripts, install_lib, bdist_wheel, build, easy_install, setopt, build_py, install_data, upload, bdist_egg, install_egg_info, egg_info, clean, check, install, upload_docs, sdist, alias, develop, dist_info, bdist, register, symlink_data, build_clib, saveopts, install_headers, bdist_rpm, test, rotate, bdist_dumb, install_scripts, build_ext
[2.731s] DEBUG:colcon.colcon_core.task.python.build:Available setuptools commands: build_scripts, install_lib, bdist_wheel, build, easy_install, setopt, build_py, install_data, upload, bdist_egg, install_egg_info, egg_info, clean, check, install, upload_docs, sdist, alias, develop, dist_info, bdist, register, symlink_data, build_clib, saveopts, install_headers, bdist_rpm, test, rotate, bdist_dumb, install_scripts, build_ext
[2.739s] DEBUG:colcon.colcon_core.event_handler.log_command:Invoking command in '/home/orangepi/marco_ws/src/marco_base': PYTHONPATH=/home/orangepi/marco_ws/build/marco_base/prefix_override:/usr/lib/python3/dist-packages/colcon_core/task/python/colcon_distutils_commands:/home/orangepi/marco_ws/install/marco_base/lib/python3.10/site-packages:${PYTHONPATH} /usr/bin/python3 -W ignore:setup.py install is deprecated -W ignore:easy_install command is deprecated setup.py egg_info --egg-base ../../build/marco_base build --build-base /home/orangepi/marco_ws/build/marco_base/build install --record /home/orangepi/marco_ws/build/marco_base/install.log --install-scripts $base/lib/marco_base --single-version-externally-managed install_data
[2.744s] DEBUG:colcon.colcon_core.event_handler.log_command:Invoking command in '/home/orangepi/marco_ws/src/lane_tracking': PYTHONPATH=/home/orangepi/marco_ws/build/lane_tracking/prefix_override:/usr/lib/python3/dist-packages/colcon_core/task/python/colcon_distutils_commands:/home/orangepi/marco_ws/install/lane_tracking/lib/python3.10/site-packages:${PYTHONPATH} /usr/bin/python3 -W ignore:setup.py install is deprecated -W ignore:easy_install command is deprecated setup.py egg_info --egg-base ../../build/lane_tracking build --build-base /home/orangepi/marco_ws/build/lane_tracking/build install --record /home/orangepi/marco_ws/build/lane_tracking/install.log --install-scripts $base/lib/lane_tracking --single-version-externally-managed install_data
[3.357s] Level 1:colcon.colcon_core.environment:checking '/home/orangepi/marco_ws/install/marco_base' for CMake module files
[3.360s] DEBUG:colcon.colcon_core.event_handler.log_command:Invoked command in '/home/orangepi/marco_ws/src/marco_base' returned '0': PYTHONPATH=/home/orangepi/marco_ws/build/marco_base/prefix_override:/usr/lib/python3/dist-packages/colcon_core/task/python/colcon_distutils_commands:/home/orangepi/marco_ws/install/marco_base/lib/python3.10/site-packages:${PYTHONPATH} /usr/bin/python3 -W ignore:setup.py install is deprecated -W ignore:easy_install command is deprecated setup.py egg_info --egg-base ../../build/marco_base build --build-base /home/orangepi/marco_ws/build/marco_base/build install --record /home/orangepi/marco_ws/build/marco_base/install.log --install-scripts $base/lib/marco_base --single-version-externally-managed install_data
[3.362s] Level 1:colcon.colcon_core.environment:checking '/home/orangepi/marco_ws/install/marco_base' for CMake config files
[3.365s] Level 1:colcon.colcon_core.environment:checking '/home/orangepi/marco_ws/install/marco_base/lib'
[3.365s] Level 1:colcon.colcon_core.environment:checking '/home/orangepi/marco_ws/install/marco_base/bin'
[3.366s] Level 1:colcon.colcon_core.environment:checking '/home/orangepi/marco_ws/install/marco_base/lib/pkgconfig/marco_base.pc'
[3.367s] Level 1:colcon.colcon_core.environment:checking '/home/orangepi/marco_ws/install/marco_base/lib/python3.10/site-packages'
[3.367s] Level 1:colcon.colcon_core.shell:create_environment_hook('marco_base', 'pythonpath')
[3.368s] INFO:colcon.colcon_core.shell:Creating environment hook '/home/orangepi/marco_ws/install/marco_base/share/marco_base/hook/pythonpath.ps1'
[3.371s] INFO:colcon.colcon_core.shell:Creating environment descriptor '/home/orangepi/marco_ws/install/marco_base/share/marco_base/hook/pythonpath.dsv'
[3.373s] INFO:colcon.colcon_core.shell:Creating environment hook '/home/orangepi/marco_ws/install/marco_base/share/marco_base/hook/pythonpath.sh'
[3.377s] Level 1:colcon.colcon_core.environment:checking '/home/orangepi/marco_ws/install/marco_base/bin'
[3.378s] Level 1:colcon.colcon_core.environment:create_environment_scripts_only(marco_base)
[3.380s] INFO:colcon.colcon_core.shell:Creating package script '/home/orangepi/marco_ws/install/marco_base/share/marco_base/package.ps1'
[3.384s] INFO:colcon.colcon_core.shell:Creating package descriptor '/home/orangepi/marco_ws/install/marco_base/share/marco_base/package.dsv'
[3.386s] INFO:colcon.colcon_core.shell:Creating package script '/home/orangepi/marco_ws/install/marco_base/share/marco_base/package.sh'
[3.389s] INFO:colcon.colcon_core.shell:Creating package script '/home/orangepi/marco_ws/install/marco_base/share/marco_base/package.bash'
[3.390s] INFO:colcon.colcon_core.shell:Creating package script '/home/orangepi/marco_ws/install/marco_base/share/marco_base/package.zsh'
[3.392s] Level 1:colcon.colcon_core.environment:create_file_with_runtime_dependencies(/home/orangepi/marco_ws/install/marco_base/share/colcon-core/packages/marco_base)
[3.395s] INFO:colcon.colcon_ros.task.ament_cmake.build:Building ROS package in '/home/orangepi/marco_ws/src/marco_bringup' with build type 'ament_cmake'
[3.396s] INFO:colcon.colcon_cmake.task.cmake.build:Building CMake package in '/home/orangepi/marco_ws/src/marco_bringup'
[3.397s] INFO:colcon.colcon_core.shell:Skip shell extension 'powershell' for command environment: Not usable outside of PowerShell
[3.398s] DEBUG:colcon.colcon_core.shell:Skip shell extension 'dsv' for command environment
[3.419s] Level 1:colcon.colcon_core.environment:checking '/home/orangepi/marco_ws/install/lane_tracking' for CMake module files
[3.422s] DEBUG:colcon.colcon_core.event_handler.log_command:Invoked command in '/home/orangepi/marco_ws/src/lane_tracking' returned '0': PYTHONPATH=/home/orangepi/marco_ws/build/lane_tracking/prefix_override:/usr/lib/python3/dist-packages/colcon_core/task/python/colcon_distutils_commands:/home/orangepi/marco_ws/install/lane_tracking/lib/python3.10/site-packages:${PYTHONPATH} /usr/bin/python3 -W ignore:setup.py install is deprecated -W ignore:easy_install command is deprecated setup.py egg_info --egg-base ../../build/lane_tracking build --build-base /home/orangepi/marco_ws/build/lane_tracking/build install --record /home/orangepi/marco_ws/build/lane_tracking/install.log --install-scripts $base/lib/lane_tracking --single-version-externally-managed install_data
[3.423s] Level 1:colcon.colcon_core.environment:checking '/home/orangepi/marco_ws/install/lane_tracking' for CMake config files
[3.425s] Level 1:colcon.colcon_core.environment:checking '/home/orangepi/marco_ws/install/lane_tracking/lib'
[3.425s] Level 1:colcon.colcon_core.environment:checking '/home/orangepi/marco_ws/install/lane_tracking/bin'
[3.425s] Level 1:colcon.colcon_core.environment:checking '/home/orangepi/marco_ws/install/lane_tracking/lib/pkgconfig/lane_tracking.pc'
[3.426s] Level 1:colcon.colcon_core.environment:checking '/home/orangepi/marco_ws/install/lane_tracking/lib/python3.10/site-packages'
[3.426s] Level 1:colcon.colcon_core.shell:create_environment_hook('lane_tracking', 'pythonpath')
[3.427s] INFO:colcon.colcon_core.shell:Creating environment hook '/home/orangepi/marco_ws/install/lane_tracking/share/lane_tracking/hook/pythonpath.ps1'
[3.429s] INFO:colcon.colcon_core.shell:Creating environment descriptor '/home/orangepi/marco_ws/install/lane_tracking/share/lane_tracking/hook/pythonpath.dsv'
[3.430s] INFO:colcon.colcon_core.shell:Creating environment hook '/home/orangepi/marco_ws/install/lane_tracking/share/lane_tracking/hook/pythonpath.sh'
[3.433s] Level 1:colcon.colcon_core.environment:checking '/home/orangepi/marco_ws/install/lane_tracking/bin'
[3.433s] Level 1:colcon.colcon_core.environment:create_environment_scripts_only(lane_tracking)
[3.435s] INFO:colcon.colcon_core.shell:Creating package script '/home/orangepi/marco_ws/install/lane_tracking/share/lane_tracking/package.ps1'
[3.439s] INFO:colcon.colcon_core.shell:Creating package descriptor '/home/orangepi/marco_ws/install/lane_tracking/share/lane_tracking/package.dsv'
[3.444s] INFO:colcon.colcon_core.shell:Creating package script '/home/orangepi/marco_ws/install/lane_tracking/share/lane_tracking/package.sh'
[3.447s] INFO:colcon.colcon_core.shell:Creating package script '/home/orangepi/marco_ws/install/lane_tracking/share/lane_tracking/package.bash'
[3.448s] INFO:colcon.colcon_core.shell:Creating package script '/home/orangepi/marco_ws/install/lane_tracking/share/lane_tracking/package.zsh'
[3.450s] Level 1:colcon.colcon_core.environment:create_file_with_runtime_dependencies(/home/orangepi/marco_ws/install/lane_tracking/share/colcon-core/packages/lane_tracking)
[3.455s] DEBUG:colcon.colcon_core.task.python.build:Available setuptools commands: build_scripts, install_lib, bdist_wheel, build, easy_install, setopt, build_py, install_data, upload, bdist_egg, install_egg_info, egg_info, clean, check, install, upload_docs, sdist, alias, develop, dist_info, bdist, register, symlink_data, build_clib, saveopts, install_headers, bdist_rpm, test, rotate, bdist_dumb, install_scripts, build_ext
[3.459s] DEBUG:colcon.colcon_core.task.python.build:Available setuptools commands: build_scripts, install_lib, bdist_wheel, build, easy_install, setopt, build_py, install_data, upload, bdist_egg, install_egg_info, egg_info, clean, check, install, upload_docs, sdist, alias, develop, dist_info, bdist, register, symlink_data, build_clib, saveopts, install_headers, bdist_rpm, test, rotate, bdist_dumb, install_scripts, build_ext
[3.463s] DEBUG:colcon.colcon_core.event_handler.log_command:Invoking command in '/home/orangepi/marco_ws/src/marco_mission': CMAKE_PREFIX_PATH=/home/orangepi/marco_ws/install/marco_msgs:/home/orangepi/marco_ws/install/marco_simulation:/home/orangepi/marco_ws/install/marco_safety:/home/orangepi/marco_ws/install/marco_localization:/home/orangepi/marco_ws/install/marco_navigation:/home/orangepi/marco_ws/install/marco_bringup:/home/orangepi/marco_ws/install/marco_description:/home/orangepi/ydlidar_ros2_ws/install/ydlidar_ros2_driver PYTHONPATH=/home/orangepi/marco_ws/build/marco_mission/prefix_override:/usr/lib/python3/dist-packages/colcon_core/task/python/colcon_distutils_commands:/home/orangepi/marco_ws/install/marco_mission/lib/python3.10/site-packages:${PYTHONPATH} /usr/bin/python3 -W ignore:setup.py install is deprecated -W ignore:easy_install command is deprecated setup.py egg_info --egg-base ../../build/marco_mission build --build-base /home/orangepi/marco_ws/build/marco_mission/build install --record /home/orangepi/marco_ws/build/marco_mission/install.log --install-scripts $base/lib/marco_mission --single-version-externally-managed install_data
[3.468s] DEBUG:colcon.colcon_core.event_handler.log_command:Invoking command in '/home/orangepi/marco_ws/src/marco_perception': CMAKE_PREFIX_PATH=/home/orangepi/marco_ws/install/marco_msgs:/home/orangepi/marco_ws/install/marco_simulation:/home/orangepi/marco_ws/install/marco_safety:/home/orangepi/marco_ws/install/marco_localization:/home/orangepi/marco_ws/install/marco_navigation:/home/orangepi/marco_ws/install/marco_bringup:/home/orangepi/marco_ws/install/marco_description:/home/orangepi/ydlidar_ros2_ws/install/ydlidar_ros2_driver PYTHONPATH=/home/orangepi/marco_ws/build/marco_perception/prefix_override:/usr/lib/python3/dist-packages/colcon_core/task/python/colcon_distutils_commands:/home/orangepi/marco_ws/install/marco_perception/lib/python3.10/site-packages:${PYTHONPATH} /usr/bin/python3 -W ignore:setup.py install is deprecated -W ignore:easy_install command is deprecated setup.py egg_info --egg-base ../../build/marco_perception build --build-base /home/orangepi/marco_ws/build/marco_perception/build install --record /home/orangepi/marco_ws/build/marco_perception/install.log --install-scripts $base/lib/marco_perception --single-version-externally-managed install_data
[3.473s] DEBUG:colcon.colcon_core.event_handler.log_command:Invoking command in '/home/orangepi/marco_ws/build/marco_bringup': AMENT_PREFIX_PATH=/home/orangepi/marco_ws/install/marco_base:/home/orangepi/marco_ws/install/marco_simulation:/home/orangepi/marco_ws/install/marco_safety:/home/orangepi/marco_ws/install/marco_docking:/home/orangepi/marco_ws/install/marco_perception:/home/orangepi/marco_ws/install/marco_localization:/home/orangepi/marco_ws/install/marco_navigation:/home/orangepi/marco_ws/install/marco_mission:/home/orangepi/marco_ws/install/marco_msgs:/home/orangepi/marco_ws/install/marco_bringup:/home/orangepi/marco_ws/install/marco_description:/home/orangepi/marco_ws/install/lane_tracking:/home/orangepi/ydlidar_ros2_ws/install/ydlidar_ros2_driver:/opt/ros/humble CMAKE_PREFIX_PATH=/home/orangepi/marco_ws/install/marco_description:/home/orangepi/marco_ws/install/marco_simulation:/home/orangepi/marco_ws/install/marco_safety:/home/orangepi/marco_ws/install/marco_localization:/home/orangepi/marco_ws/install/marco_navigation:/home/orangepi/marco_ws/install/marco_msgs:/home/orangepi/marco_ws/install/marco_bringup:/home/orangepi/ydlidar_ros2_ws/install/ydlidar_ros2_driver:/home/orangepi/marco_ws/install/marco_docking:/home/orangepi/marco_ws/install/marco_perception:/home/orangepi/marco_ws/install/marco_mission:/home/orangepi/marco_ws/install/marco_base:/home/orangepi/marco_ws/install/lane_tracking:/opt/ros/humble PYTHONPATH=/home/orangepi/marco_ws/install/marco_base/lib/python3.10/site-packages:/home/orangepi/marco_ws/install/marco_docking/lib/python3.10/site-packages:/home/orangepi/marco_ws/install/marco_perception/lib/python3.10/site-packages:/home/orangepi/marco_ws/install/marco_mission/lib/python3.10/site-packages:/home/orangepi/marco_ws/install/marco_msgs/local/lib/python3.10/dist-packages:/home/orangepi/marco_ws/build/marco_base:/home/orangepi/marco_ws/install/lane_tracking/lib/python3.10/site-packages:/opt/ros/humble/lib/python3.10/site-packages:/opt/ros/humble/local/lib/python3.10/dist-packages /usr/bin/cmake --build /home/orangepi/marco_ws/build/marco_bringup -- -j8 -l8
[3.623s] DEBUG:colcon.colcon_core.event_handler.log_command:Invoked command in '/home/orangepi/marco_ws/build/marco_bringup' returned '0': AMENT_PREFIX_PATH=/home/orangepi/marco_ws/install/marco_base:/home/orangepi/marco_ws/install/marco_simulation:/home/orangepi/marco_ws/install/marco_safety:/home/orangepi/marco_ws/install/marco_docking:/home/orangepi/marco_ws/install/marco_perception:/home/orangepi/marco_ws/install/marco_localization:/home/orangepi/marco_ws/install/marco_navigation:/home/orangepi/marco_ws/install/marco_mission:/home/orangepi/marco_ws/install/marco_msgs:/home/orangepi/marco_ws/install/marco_bringup:/home/orangepi/marco_ws/install/marco_description:/home/orangepi/marco_ws/install/lane_tracking:/home/orangepi/ydlidar_ros2_ws/install/ydlidar_ros2_driver:/opt/ros/humble CMAKE_PREFIX_PATH=/home/orangepi/marco_ws/install/marco_description:/home/orangepi/marco_ws/install/marco_simulation:/home/orangepi/marco_ws/install/marco_safety:/home/orangepi/marco_ws/install/marco_localization:/home/orangepi/marco_ws/install/marco_navigation:/home/orangepi/marco_ws/install/marco_msgs:/home/orangepi/marco_ws/install/marco_bringup:/home/orangepi/ydlidar_ros2_ws/install/ydlidar_ros2_driver:/home/orangepi/marco_ws/install/marco_docking:/home/orangepi/marco_ws/install/marco_perception:/home/orangepi/marco_ws/install/marco_mission:/home/orangepi/marco_ws/install/marco_base:/home/orangepi/marco_ws/install/lane_tracking:/opt/ros/humble PYTHONPATH=/home/orangepi/marco_ws/install/marco_base/lib/python3.10/site-packages:/home/orangepi/marco_ws/install/marco_docking/lib/python3.10/site-packages:/home/orangepi/marco_ws/install/marco_perception/lib/python3.10/site-packages:/home/orangepi/marco_ws/install/marco_mission/lib/python3.10/site-packages:/home/orangepi/marco_ws/install/marco_msgs/local/lib/python3.10/dist-packages:/home/orangepi/marco_ws/build/marco_base:/home/orangepi/marco_ws/install/lane_tracking/lib/python3.10/site-packages:/opt/ros/humble/lib/python3.10/site-packages:/opt/ros/humble/local/lib/python3.10/dist-packages /usr/bin/cmake --build /home/orangepi/marco_ws/build/marco_bringup -- -j8 -l8
[3.629s] DEBUG:colcon.colcon_core.event_handler.log_command:Invoking command in '/home/orangepi/marco_ws/build/marco_bringup': AMENT_PREFIX_PATH=/home/orangepi/marco_ws/install/marco_base:/home/orangepi/marco_ws/install/marco_simulation:/home/orangepi/marco_ws/install/marco_safety:/home/orangepi/marco_ws/install/marco_docking:/home/orangepi/marco_ws/install/marco_perception:/home/orangepi/marco_ws/install/marco_localization:/home/orangepi/marco_ws/install/marco_navigation:/home/orangepi/marco_ws/install/marco_mission:/home/orangepi/marco_ws/install/marco_msgs:/home/orangepi/marco_ws/install/marco_bringup:/home/orangepi/marco_ws/install/marco_description:/home/orangepi/marco_ws/install/lane_tracking:/home/orangepi/ydlidar_ros2_ws/install/ydlidar_ros2_driver:/opt/ros/humble CMAKE_PREFIX_PATH=/home/orangepi/marco_ws/install/marco_description:/home/orangepi/marco_ws/install/marco_simulation:/home/orangepi/marco_ws/install/marco_safety:/home/orangepi/marco_ws/install/marco_localization:/home/orangepi/marco_ws/install/marco_navigation:/home/orangepi/marco_ws/install/marco_msgs:/home/orangepi/marco_ws/install/marco_bringup:/home/orangepi/ydlidar_ros2_ws/install/ydlidar_ros2_driver:/home/orangepi/marco_ws/install/marco_docking:/home/orangepi/marco_ws/install/marco_perception:/home/orangepi/marco_ws/install/marco_mission:/home/orangepi/marco_ws/install/marco_base:/home/orangepi/marco_ws/install/lane_tracking:/opt/ros/humble PYTHONPATH=/home/orangepi/marco_ws/install/marco_base/lib/python3.10/site-packages:/home/orangepi/marco_ws/install/marco_docking/lib/python3.10/site-packages:/home/orangepi/marco_ws/install/marco_perception/lib/python3.10/site-packages:/home/orangepi/marco_ws/install/marco_mission/lib/python3.10/site-packages:/home/orangepi/marco_ws/install/marco_msgs/local/lib/python3.10/dist-packages:/home/orangepi/marco_ws/build/marco_base:/home/orangepi/marco_ws/install/lane_tracking/lib/python3.10/site-packages:/opt/ros/humble/lib/python3.10/site-packages:/opt/ros/humble/local/lib/python3.10/dist-packages /usr/bin/cmake --install /home/orangepi/marco_ws/build/marco_bringup
[3.684s] Level 1:colcon.colcon_core.environment:create_environment_scripts_only(marco_bringup)
[3.686s] Level 1:colcon.colcon_core.environment:checking '/home/orangepi/marco_ws/install/marco_bringup' for CMake module files
[3.689s] DEBUG:colcon.colcon_core.event_handler.log_command:Invoked command in '/home/orangepi/marco_ws/build/marco_bringup' returned '0': AMENT_PREFIX_PATH=/home/orangepi/marco_ws/install/marco_base:/home/orangepi/marco_ws/install/marco_simulation:/home/orangepi/marco_ws/install/marco_safety:/home/orangepi/marco_ws/install/marco_docking:/home/orangepi/marco_ws/install/marco_perception:/home/orangepi/marco_ws/install/marco_localization:/home/orangepi/marco_ws/install/marco_navigation:/home/orangepi/marco_ws/install/marco_mission:/home/orangepi/marco_ws/install/marco_msgs:/home/orangepi/marco_ws/install/marco_bringup:/home/orangepi/marco_ws/install/marco_description:/home/orangepi/marco_ws/install/lane_tracking:/home/orangepi/ydlidar_ros2_ws/install/ydlidar_ros2_driver:/opt/ros/humble CMAKE_PREFIX_PATH=/home/orangepi/marco_ws/install/marco_description:/home/orangepi/marco_ws/install/marco_simulation:/home/orangepi/marco_ws/install/marco_safety:/home/orangepi/marco_ws/install/marco_localization:/home/orangepi/marco_ws/install/marco_navigation:/home/orangepi/marco_ws/install/marco_msgs:/home/orangepi/marco_ws/install/marco_bringup:/home/orangepi/ydlidar_ros2_ws/install/ydlidar_ros2_driver:/home/orangepi/marco_ws/install/marco_docking:/home/orangepi/marco_ws/install/marco_perception:/home/orangepi/marco_ws/install/marco_mission:/home/orangepi/marco_ws/install/marco_base:/home/orangepi/marco_ws/install/lane_tracking:/opt/ros/humble PYTHONPATH=/home/orangepi/marco_ws/install/marco_base/lib/python3.10/site-packages:/home/orangepi/marco_ws/install/marco_docking/lib/python3.10/site-packages:/home/orangepi/marco_ws/install/marco_perception/lib/python3.10/site-packages:/home/orangepi/marco_ws/install/marco_mission/lib/python3.10/site-packages:/home/orangepi/marco_ws/install/marco_msgs/local/lib/python3.10/dist-packages:/home/orangepi/marco_ws/build/marco_base:/home/orangepi/marco_ws/install/lane_tracking/lib/python3.10/site-packages:/opt/ros/humble/lib/python3.10/site-packages:/opt/ros/humble/local/lib/python3.10/dist-packages /usr/bin/cmake --install /home/orangepi/marco_ws/build/marco_bringup
[3.690s] Level 1:colcon.colcon_core.environment:checking '/home/orangepi/marco_ws/install/marco_bringup' for CMake config files
[3.691s] Level 1:colcon.colcon_core.shell:create_environment_hook('marco_bringup', 'cmake_prefix_path')
[3.693s] INFO:colcon.colcon_core.shell:Creating environment hook '/home/orangepi/marco_ws/install/marco_bringup/share/marco_bringup/hook/cmake_prefix_path.ps1'
[3.695s] INFO:colcon.colcon_core.shell:Creating environment descriptor '/home/orangepi/marco_ws/install/marco_bringup/share/marco_bringup/hook/cmake_prefix_path.dsv'
[3.696s] INFO:colcon.colcon_core.shell:Creating environment hook '/home/orangepi/marco_ws/install/marco_bringup/share/marco_bringup/hook/cmake_prefix_path.sh'
[3.698s] Level 1:colcon.colcon_core.environment:checking '/home/orangepi/marco_ws/install/marco_bringup/lib'
[3.699s] Level 1:colcon.colcon_core.environment:checking '/home/orangepi/marco_ws/install/marco_bringup/bin'
[3.699s] Level 1:colcon.colcon_core.environment:checking '/home/orangepi/marco_ws/install/marco_bringup/lib/pkgconfig/marco_bringup.pc'
[3.700s] Level 1:colcon.colcon_core.environment:checking '/home/orangepi/marco_ws/install/marco_bringup/lib/python3.10/site-packages'
[3.702s] Level 1:colcon.colcon_core.environment:checking '/home/orangepi/marco_ws/install/marco_bringup/bin'
[3.703s] INFO:colcon.colcon_core.shell:Creating package script '/home/orangepi/marco_ws/install/marco_bringup/share/marco_bringup/package.ps1'
[3.707s] INFO:colcon.colcon_core.shell:Creating package descriptor '/home/orangepi/marco_ws/install/marco_bringup/share/marco_bringup/package.dsv'
[3.709s] INFO:colcon.colcon_core.shell:Creating package script '/home/orangepi/marco_ws/install/marco_bringup/share/marco_bringup/package.sh'
[3.711s] INFO:colcon.colcon_core.shell:Creating package script '/home/orangepi/marco_ws/install/marco_bringup/share/marco_bringup/package.bash'
[3.712s] INFO:colcon.colcon_core.shell:Creating package script '/home/orangepi/marco_ws/install/marco_bringup/share/marco_bringup/package.zsh'
[3.713s] Level 1:colcon.colcon_core.environment:create_file_with_runtime_dependencies(/home/orangepi/marco_ws/install/marco_bringup/share/colcon-core/packages/marco_bringup)
[3.716s] Level 1:colcon.colcon_core.environment:create_environment_scripts_only(marco_bringup)
[3.717s] Level 1:colcon.colcon_core.environment:checking '/home/orangepi/marco_ws/install/marco_bringup' for CMake module files
[3.720s] Level 1:colcon.colcon_core.environment:checking '/home/orangepi/marco_ws/install/marco_bringup' for CMake config files
[3.721s] Level 1:colcon.colcon_core.shell:create_environment_hook('marco_bringup', 'cmake_prefix_path')
[3.722s] INFO:colcon.colcon_core.shell:Creating environment hook '/home/orangepi/marco_ws/install/marco_bringup/share/marco_bringup/hook/cmake_prefix_path.ps1'
[3.724s] INFO:colcon.colcon_core.shell:Creating environment descriptor '/home/orangepi/marco_ws/install/marco_bringup/share/marco_bringup/hook/cmake_prefix_path.dsv'
[3.725s] INFO:colcon.colcon_core.shell:Creating environment hook '/home/orangepi/marco_ws/install/marco_bringup/share/marco_bringup/hook/cmake_prefix_path.sh'
[3.727s] Level 1:colcon.colcon_core.environment:checking '/home/orangepi/marco_ws/install/marco_bringup/lib'
[3.728s] Level 1:colcon.colcon_core.environment:checking '/home/orangepi/marco_ws/install/marco_bringup/bin'
[3.728s] Level 1:colcon.colcon_core.environment:checking '/home/orangepi/marco_ws/install/marco_bringup/lib/pkgconfig/marco_bringup.pc'
[3.729s] Level 1:colcon.colcon_core.environment:checking '/home/orangepi/marco_ws/install/marco_bringup/lib/python3.10/site-packages'
[3.731s] Level 1:colcon.colcon_core.environment:checking '/home/orangepi/marco_ws/install/marco_bringup/bin'
[3.732s] INFO:colcon.colcon_core.shell:Creating package script '/home/orangepi/marco_ws/install/marco_bringup/share/marco_bringup/package.ps1'
[3.736s] INFO:colcon.colcon_core.shell:Creating package descriptor '/home/orangepi/marco_ws/install/marco_bringup/share/marco_bringup/package.dsv'
[3.741s] INFO:colcon.colcon_core.shell:Creating package script '/home/orangepi/marco_ws/install/marco_bringup/share/marco_bringup/package.sh'
[3.744s] INFO:colcon.colcon_core.shell:Creating package script '/home/orangepi/marco_ws/install/marco_bringup/share/marco_bringup/package.bash'
[3.747s] INFO:colcon.colcon_core.shell:Creating package script '/home/orangepi/marco_ws/install/marco_bringup/share/marco_bringup/package.zsh'
[3.749s] Level 1:colcon.colcon_core.environment:create_file_with_runtime_dependencies(/home/orangepi/marco_ws/install/marco_bringup/share/colcon-core/packages/marco_bringup)
[3.751s] INFO:colcon.colcon_ros.task.ament_cmake.build:Building ROS package in '/home/orangepi/marco_ws/src/marco_localization' with build type 'ament_cmake'
[3.752s] INFO:colcon.colcon_cmake.task.cmake.build:Building CMake package in '/home/orangepi/marco_ws/src/marco_localization'
[3.754s] INFO:colcon.colcon_core.shell:Skip shell extension 'powershell' for command environment: Not usable outside of PowerShell
[3.754s] DEBUG:colcon.colcon_core.shell:Skip shell extension 'dsv' for command environment
[3.783s] DEBUG:colcon.colcon_core.event_handler.log_command:Invoking command in '/home/orangepi/marco_ws/build/marco_localization': AMENT_PREFIX_PATH=/home/orangepi/marco_ws/install/marco_base:/home/orangepi/marco_ws/install/marco_simulation:/home/orangepi/marco_ws/install/marco_safety:/home/orangepi/marco_ws/install/marco_docking:/home/orangepi/marco_ws/install/marco_perception:/home/orangepi/marco_ws/install/marco_localization:/home/orangepi/marco_ws/install/marco_navigation:/home/orangepi/marco_ws/install/marco_mission:/home/orangepi/marco_ws/install/marco_msgs:/home/orangepi/marco_ws/install/marco_bringup:/home/orangepi/marco_ws/install/marco_description:/home/orangepi/marco_ws/install/lane_tracking:/home/orangepi/ydlidar_ros2_ws/install/ydlidar_ros2_driver:/opt/ros/humble CMAKE_PREFIX_PATH=/home/orangepi/marco_ws/install/marco_bringup:/home/orangepi/marco_ws/install/marco_navigation:/home/orangepi/marco_ws/install/marco_description:/home/orangepi/marco_ws/install/marco_simulation:/home/orangepi/marco_ws/install/marco_safety:/home/orangepi/marco_ws/install/marco_localization:/home/orangepi/marco_ws/install/marco_msgs:/home/orangepi/ydlidar_ros2_ws/install/ydlidar_ros2_driver:/home/orangepi/marco_ws/install/marco_docking:/home/orangepi/marco_ws/install/marco_perception:/home/orangepi/marco_ws/install/marco_mission:/home/orangepi/marco_ws/install/marco_base:/home/orangepi/marco_ws/install/lane_tracking:/opt/ros/humble PYTHONPATH=/home/orangepi/marco_ws/install/marco_base/lib/python3.10/site-packages:/home/orangepi/marco_ws/install/marco_docking/lib/python3.10/site-packages:/home/orangepi/marco_ws/install/marco_perception/lib/python3.10/site-packages:/home/orangepi/marco_ws/install/marco_mission/lib/python3.10/site-packages:/home/orangepi/marco_ws/install/marco_msgs/local/lib/python3.10/dist-packages:/home/orangepi/marco_ws/build/marco_base:/home/orangepi/marco_ws/install/lane_tracking/lib/python3.10/site-packages:/opt/ros/humble/lib/python3.10/site-packages:/opt/ros/humble/local/lib/python3.10/dist-packages /usr/bin/cmake --build /home/orangepi/marco_ws/build/marco_localization -- -j8 -l8
[3.885s] DEBUG:colcon.colcon_core.event_handler.log_command:Invoked command in '/home/orangepi/marco_ws/build/marco_localization' returned '0': AMENT_PREFIX_PATH=/home/orangepi/marco_ws/install/marco_base:/home/orangepi/marco_ws/install/marco_simulation:/home/orangepi/marco_ws/install/marco_safety:/home/orangepi/marco_ws/install/marco_docking:/home/orangepi/marco_ws/install/marco_perception:/home/orangepi/marco_ws/install/marco_localization:/home/orangepi/marco_ws/install/marco_navigation:/home/orangepi/marco_ws/install/marco_mission:/home/orangepi/marco_ws/install/marco_msgs:/home/orangepi/marco_ws/install/marco_bringup:/home/orangepi/marco_ws/install/marco_description:/home/orangepi/marco_ws/install/lane_tracking:/home/orangepi/ydlidar_ros2_ws/install/ydlidar_ros2_driver:/opt/ros/humble CMAKE_PREFIX_PATH=/home/orangepi/marco_ws/install/marco_bringup:/home/orangepi/marco_ws/install/marco_navigation:/home/orangepi/marco_ws/install/marco_description:/home/orangepi/marco_ws/install/marco_simulation:/home/orangepi/marco_ws/install/marco_safety:/home/orangepi/marco_ws/install/marco_localization:/home/orangepi/marco_ws/install/marco_msgs:/home/orangepi/ydlidar_ros2_ws/install/ydlidar_ros2_driver:/home/orangepi/marco_ws/install/marco_docking:/home/orangepi/marco_ws/install/marco_perception:/home/orangepi/marco_ws/install/marco_mission:/home/orangepi/marco_ws/install/marco_base:/home/orangepi/marco_ws/install/lane_tracking:/opt/ros/humble PYTHONPATH=/home/orangepi/marco_ws/install/marco_base/lib/python3.10/site-packages:/home/orangepi/marco_ws/install/marco_docking/lib/python3.10/site-packages:/home/orangepi/marco_ws/install/marco_perception/lib/python3.10/site-packages:/home/orangepi/marco_ws/install/marco_mission/lib/python3.10/site-packages:/home/orangepi/marco_ws/install/marco_msgs/local/lib/python3.10/dist-packages:/home/orangepi/marco_ws/build/marco_base:/home/orangepi/marco_ws/install/lane_tracking/lib/python3.10/site-packages:/opt/ros/humble/lib/python3.10/site-packages:/opt/ros/humble/local/lib/python3.10/dist-packages /usr/bin/cmake --build /home/orangepi/marco_ws/build/marco_localization -- -j8 -l8
[3.891s] DEBUG:colcon.colcon_core.event_handler.log_command:Invoking command in '/home/orangepi/marco_ws/build/marco_localization': AMENT_PREFIX_PATH=/home/orangepi/marco_ws/install/marco_base:/home/orangepi/marco_ws/install/marco_simulation:/home/orangepi/marco_ws/install/marco_safety:/home/orangepi/marco_ws/install/marco_docking:/home/orangepi/marco_ws/install/marco_perception:/home/orangepi/marco_ws/install/marco_localization:/home/orangepi/marco_ws/install/marco_navigation:/home/orangepi/marco_ws/install/marco_mission:/home/orangepi/marco_ws/install/marco_msgs:/home/orangepi/marco_ws/install/marco_bringup:/home/orangepi/marco_ws/install/marco_description:/home/orangepi/marco_ws/install/lane_tracking:/home/orangepi/ydlidar_ros2_ws/install/ydlidar_ros2_driver:/opt/ros/humble CMAKE_PREFIX_PATH=/home/orangepi/marco_ws/install/marco_bringup:/home/orangepi/marco_ws/install/marco_navigation:/home/orangepi/marco_ws/install/marco_description:/home/orangepi/marco_ws/install/marco_simulation:/home/orangepi/marco_ws/install/marco_safety:/home/orangepi/marco_ws/install/marco_localization:/home/orangepi/marco_ws/install/marco_msgs:/home/orangepi/ydlidar_ros2_ws/install/ydlidar_ros2_driver:/home/orangepi/marco_ws/install/marco_docking:/home/orangepi/marco_ws/install/marco_perception:/home/orangepi/marco_ws/install/marco_mission:/home/orangepi/marco_ws/install/marco_base:/home/orangepi/marco_ws/install/lane_tracking:/opt/ros/humble PYTHONPATH=/home/orangepi/marco_ws/install/marco_base/lib/python3.10/site-packages:/home/orangepi/marco_ws/install/marco_docking/lib/python3.10/site-packages:/home/orangepi/marco_ws/install/marco_perception/lib/python3.10/site-packages:/home/orangepi/marco_ws/install/marco_mission/lib/python3.10/site-packages:/home/orangepi/marco_ws/install/marco_msgs/local/lib/python3.10/dist-packages:/home/orangepi/marco_ws/build/marco_base:/home/orangepi/marco_ws/install/lane_tracking/lib/python3.10/site-packages:/opt/ros/humble/lib/python3.10/site-packages:/opt/ros/humble/local/lib/python3.10/dist-packages /usr/bin/cmake --install /home/orangepi/marco_ws/build/marco_localization
[3.963s] Level 1:colcon.colcon_core.environment:checking '/home/orangepi/marco_ws/install/marco_mission' for CMake module files
[3.965s] DEBUG:colcon.colcon_core.event_handler.log_command:Invoked command in '/home/orangepi/marco_ws/src/marco_mission' returned '0': CMAKE_PREFIX_PATH=/home/orangepi/marco_ws/install/marco_msgs:/home/orangepi/marco_ws/install/marco_simulation:/home/orangepi/marco_ws/install/marco_safety:/home/orangepi/marco_ws/install/marco_localization:/home/orangepi/marco_ws/install/marco_navigation:/home/orangepi/marco_ws/install/marco_bringup:/home/orangepi/marco_ws/install/marco_description:/home/orangepi/ydlidar_ros2_ws/install/ydlidar_ros2_driver PYTHONPATH=/home/orangepi/marco_ws/build/marco_mission/prefix_override:/usr/lib/python3/dist-packages/colcon_core/task/python/colcon_distutils_commands:/home/orangepi/marco_ws/install/marco_mission/lib/python3.10/site-packages:${PYTHONPATH} /usr/bin/python3 -W ignore:setup.py install is deprecated -W ignore:easy_install command is deprecated setup.py egg_info --egg-base ../../build/marco_mission build --build-base /home/orangepi/marco_ws/build/marco_mission/build install --record /home/orangepi/marco_ws/build/marco_mission/install.log --install-scripts $base/lib/marco_mission --single-version-externally-managed install_data
[3.966s] Level 1:colcon.colcon_core.environment:checking '/home/orangepi/marco_ws/install/marco_mission' for CMake config files
[3.967s] Level 1:colcon.colcon_core.environment:checking '/home/orangepi/marco_ws/install/marco_mission/lib'
[3.967s] Level 1:colcon.colcon_core.environment:checking '/home/orangepi/marco_ws/install/marco_mission/bin'
[3.967s] Level 1:colcon.colcon_core.environment:checking '/home/orangepi/marco_ws/install/marco_mission/lib/pkgconfig/marco_mission.pc'
[3.967s] Level 1:colcon.colcon_core.environment:checking '/home/orangepi/marco_ws/install/marco_mission/lib/python3.10/site-packages'
[3.967s] Level 1:colcon.colcon_core.shell:create_environment_hook('marco_mission', 'pythonpath')
[3.968s] INFO:colcon.colcon_core.shell:Creating environment hook '/home/orangepi/marco_ws/install/marco_mission/share/marco_mission/hook/pythonpath.ps1'
[3.968s] INFO:colcon.colcon_core.shell:Creating environment descriptor '/home/orangepi/marco_ws/install/marco_mission/share/marco_mission/hook/pythonpath.dsv'
[3.969s] INFO:colcon.colcon_core.shell:Creating environment hook '/home/orangepi/marco_ws/install/marco_mission/share/marco_mission/hook/pythonpath.sh'
[3.970s] Level 1:colcon.colcon_core.environment:checking '/home/orangepi/marco_ws/install/marco_mission/bin'
[3.971s] Level 1:colcon.colcon_core.environment:create_environment_scripts_only(marco_mission)
[3.971s] INFO:colcon.colcon_core.shell:Creating package script '/home/orangepi/marco_ws/install/marco_mission/share/marco_mission/package.ps1'
[3.972s] INFO:colcon.colcon_core.shell:Creating package descriptor '/home/orangepi/marco_ws/install/marco_mission/share/marco_mission/package.dsv'
[3.972s] INFO:colcon.colcon_core.shell:Creating package script '/home/orangepi/marco_ws/install/marco_mission/share/marco_mission/package.sh'
[3.973s] INFO:colcon.colcon_core.shell:Creating package script '/home/orangepi/marco_ws/install/marco_mission/share/marco_mission/package.bash'
[3.974s] INFO:colcon.colcon_core.shell:Creating package script '/home/orangepi/marco_ws/install/marco_mission/share/marco_mission/package.zsh'
[3.975s] Level 1:colcon.colcon_core.environment:create_file_with_runtime_dependencies(/home/orangepi/marco_ws/install/marco_mission/share/colcon-core/packages/marco_mission)
[3.976s] Level 1:colcon.colcon_core.environment:checking '/home/orangepi/marco_ws/install/marco_perception' for CMake module files
[3.977s] Level 1:colcon.colcon_core.environment:checking '/home/orangepi/marco_ws/install/marco_perception' for CMake config files
[3.978s] DEBUG:colcon.colcon_core.event_handler.log_command:Invoked command in '/home/orangepi/marco_ws/src/marco_perception' returned '0': CMAKE_PREFIX_PATH=/home/orangepi/marco_ws/install/marco_msgs:/home/orangepi/marco_ws/install/marco_simulation:/home/orangepi/marco_ws/install/marco_safety:/home/orangepi/marco_ws/install/marco_localization:/home/orangepi/marco_ws/install/marco_navigation:/home/orangepi/marco_ws/install/marco_bringup:/home/orangepi/marco_ws/install/marco_description:/home/orangepi/ydlidar_ros2_ws/install/ydlidar_ros2_driver PYTHONPATH=/home/orangepi/marco_ws/build/marco_perception/prefix_override:/usr/lib/python3/dist-packages/colcon_core/task/python/colcon_distutils_commands:/home/orangepi/marco_ws/install/marco_perception/lib/python3.10/site-packages:${PYTHONPATH} /usr/bin/python3 -W ignore:setup.py install is deprecated -W ignore:easy_install command is deprecated setup.py egg_info --egg-base ../../build/marco_perception build --build-base /home/orangepi/marco_ws/build/marco_perception/build install --record /home/orangepi/marco_ws/build/marco_perception/install.log --install-scripts $base/lib/marco_perception --single-version-externally-managed install_data
[3.978s] Level 1:colcon.colcon_core.environment:checking '/home/orangepi/marco_ws/install/marco_perception/lib'
[3.978s] Level 1:colcon.colcon_core.environment:checking '/home/orangepi/marco_ws/install/marco_perception/bin'
[3.979s] Level 1:colcon.colcon_core.environment:checking '/home/orangepi/marco_ws/install/marco_perception/lib/pkgconfig/marco_perception.pc'
[3.979s] Level 1:colcon.colcon_core.environment:checking '/home/orangepi/marco_ws/install/marco_perception/lib/python3.10/site-packages'
[3.979s] Level 1:colcon.colcon_core.shell:create_environment_hook('marco_perception', 'pythonpath')
[3.979s] INFO:colcon.colcon_core.shell:Creating environment hook '/home/orangepi/marco_ws/install/marco_perception/share/marco_perception/hook/pythonpath.ps1'
[3.980s] INFO:colcon.colcon_core.shell:Creating environment descriptor '/home/orangepi/marco_ws/install/marco_perception/share/marco_perception/hook/pythonpath.dsv'
[3.982s] INFO:colcon.colcon_core.shell:Creating environment hook '/home/orangepi/marco_ws/install/marco_perception/share/marco_perception/hook/pythonpath.sh'
[3.984s] Level 1:colcon.colcon_core.environment:checking '/home/orangepi/marco_ws/install/marco_perception/bin'
[3.984s] Level 1:colcon.colcon_core.environment:create_environment_scripts_only(marco_perception)
[3.984s] INFO:colcon.colcon_core.shell:Creating package script '/home/orangepi/marco_ws/install/marco_perception/share/marco_perception/package.ps1'
[3.985s] INFO:colcon.colcon_core.shell:Creating package descriptor '/home/orangepi/marco_ws/install/marco_perception/share/marco_perception/package.dsv'
[3.986s] INFO:colcon.colcon_core.shell:Creating package script '/home/orangepi/marco_ws/install/marco_perception/share/marco_perception/package.sh'
[3.987s] INFO:colcon.colcon_core.shell:Creating package script '/home/orangepi/marco_ws/install/marco_perception/share/marco_perception/package.bash'
[3.988s] INFO:colcon.colcon_core.shell:Creating package script '/home/orangepi/marco_ws/install/marco_perception/share/marco_perception/package.zsh'
[3.989s] Level 1:colcon.colcon_core.environment:create_file_with_runtime_dependencies(/home/orangepi/marco_ws/install/marco_perception/share/colcon-core/packages/marco_perception)
[3.990s] INFO:colcon.colcon_ros.task.ament_python.build:Building ROS package in '/home/orangepi/marco_ws/src/marco_docking' with build type 'ament_python'
[3.990s] Level 1:colcon.colcon_core.shell:create_environment_hook('marco_docking', 'ament_prefix_path')
[3.991s] INFO:colcon.colcon_core.shell:Creating environment hook '/home/orangepi/marco_ws/install/marco_docking/share/marco_docking/hook/ament_prefix_path.ps1'
[3.993s] INFO:colcon.colcon_core.shell:Creating environment descriptor '/home/orangepi/marco_ws/install/marco_docking/share/marco_docking/hook/ament_prefix_path.dsv'
[3.993s] INFO:colcon.colcon_core.shell:Creating environment hook '/home/orangepi/marco_ws/install/marco_docking/share/marco_docking/hook/ament_prefix_path.sh'
[3.995s] INFO:colcon.colcon_core.shell:Skip shell extension 'powershell' for command environment: Not usable outside of PowerShell
[3.995s] DEBUG:colcon.colcon_core.shell:Skip shell extension 'dsv' for command environment
[4.002s] Level 1:colcon.colcon_core.environment:create_environment_scripts_only(marco_localization)
[4.003s] Level 1:colcon.colcon_core.environment:checking '/home/orangepi/marco_ws/install/marco_localization' for CMake module files
[4.004s] DEBUG:colcon.colcon_core.event_handler.log_command:Invoked command in '/home/orangepi/marco_ws/build/marco_localization' returned '0': AMENT_PREFIX_PATH=/home/orangepi/marco_ws/install/marco_base:/home/orangepi/marco_ws/install/marco_simulation:/home/orangepi/marco_ws/install/marco_safety:/home/orangepi/marco_ws/install/marco_docking:/home/orangepi/marco_ws/install/marco_perception:/home/orangepi/marco_ws/install/marco_localization:/home/orangepi/marco_ws/install/marco_navigation:/home/orangepi/marco_ws/install/marco_mission:/home/orangepi/marco_ws/install/marco_msgs:/home/orangepi/marco_ws/install/marco_bringup:/home/orangepi/marco_ws/install/marco_description:/home/orangepi/marco_ws/install/lane_tracking:/home/orangepi/ydlidar_ros2_ws/install/ydlidar_ros2_driver:/opt/ros/humble CMAKE_PREFIX_PATH=/home/orangepi/marco_ws/install/marco_bringup:/home/orangepi/marco_ws/install/marco_navigation:/home/orangepi/marco_ws/install/marco_description:/home/orangepi/marco_ws/install/marco_simulation:/home/orangepi/marco_ws/install/marco_safety:/home/orangepi/marco_ws/install/marco_localization:/home/orangepi/marco_ws/install/marco_msgs:/home/orangepi/ydlidar_ros2_ws/install/ydlidar_ros2_driver:/home/orangepi/marco_ws/install/marco_docking:/home/orangepi/marco_ws/install/marco_perception:/home/orangepi/marco_ws/install/marco_mission:/home/orangepi/marco_ws/install/marco_base:/home/orangepi/marco_ws/install/lane_tracking:/opt/ros/humble PYTHONPATH=/home/orangepi/marco_ws/install/marco_base/lib/python3.10/site-packages:/home/orangepi/marco_ws/install/marco_docking/lib/python3.10/site-packages:/home/orangepi/marco_ws/install/marco_perception/lib/python3.10/site-packages:/home/orangepi/marco_ws/install/marco_mission/lib/python3.10/site-packages:/home/orangepi/marco_ws/install/marco_msgs/local/lib/python3.10/dist-packages:/home/orangepi/marco_ws/build/marco_base:/home/orangepi/marco_ws/install/lane_tracking/lib/python3.10/site-packages:/opt/ros/humble/lib/python3.10/site-packages:/opt/ros/humble/local/lib/python3.10/dist-packages /usr/bin/cmake --install /home/orangepi/marco_ws/build/marco_localization
[4.005s] Level 1:colcon.colcon_core.environment:checking '/home/orangepi/marco_ws/install/marco_localization' for CMake config files
[4.006s] Level 1:colcon.colcon_core.shell:create_environment_hook('marco_localization', 'cmake_prefix_path')
[4.006s] INFO:colcon.colcon_core.shell:Creating environment hook '/home/orangepi/marco_ws/install/marco_localization/share/marco_localization/hook/cmake_prefix_path.ps1'
[4.007s] INFO:colcon.colcon_core.shell:Creating environment descriptor '/home/orangepi/marco_ws/install/marco_localization/share/marco_localization/hook/cmake_prefix_path.dsv'
[4.008s] INFO:colcon.colcon_core.shell:Creating environment hook '/home/orangepi/marco_ws/install/marco_localization/share/marco_localization/hook/cmake_prefix_path.sh'
[4.009s] Level 1:colcon.colcon_core.environment:checking '/home/orangepi/marco_ws/install/marco_localization/lib'
[4.009s] Level 1:colcon.colcon_core.environment:checking '/home/orangepi/marco_ws/install/marco_localization/bin'
[4.009s] Level 1:colcon.colcon_core.environment:checking '/home/orangepi/marco_ws/install/marco_localization/lib/pkgconfig/marco_localization.pc'
[4.010s] Level 1:colcon.colcon_core.environment:checking '/home/orangepi/marco_ws/install/marco_localization/lib/python3.10/site-packages'
[4.010s] Level 1:colcon.colcon_core.environment:checking '/home/orangepi/marco_ws/install/marco_localization/bin'
[4.010s] INFO:colcon.colcon_core.shell:Creating package script '/home/orangepi/marco_ws/install/marco_localization/share/marco_localization/package.ps1'
[4.011s] INFO:colcon.colcon_core.shell:Creating package descriptor '/home/orangepi/marco_ws/install/marco_localization/share/marco_localization/package.dsv'
[4.012s] INFO:colcon.colcon_core.shell:Creating package script '/home/orangepi/marco_ws/install/marco_localization/share/marco_localization/package.sh'
[4.012s] INFO:colcon.colcon_core.shell:Creating package script '/home/orangepi/marco_ws/install/marco_localization/share/marco_localization/package.bash'
[4.013s] INFO:colcon.colcon_core.shell:Creating package script '/home/orangepi/marco_ws/install/marco_localization/share/marco_localization/package.zsh'
[4.014s] Level 1:colcon.colcon_core.environment:create_file_with_runtime_dependencies(/home/orangepi/marco_ws/install/marco_localization/share/colcon-core/packages/marco_localization)
[4.015s] Level 1:colcon.colcon_core.environment:create_environment_scripts_only(marco_localization)
[4.015s] Level 1:colcon.colcon_core.environment:checking '/home/orangepi/marco_ws/install/marco_localization' for CMake module files
[4.016s] Level 1:colcon.colcon_core.environment:checking '/home/orangepi/marco_ws/install/marco_localization' for CMake config files
[4.016s] Level 1:colcon.colcon_core.shell:create_environment_hook('marco_localization', 'cmake_prefix_path')
[4.016s] INFO:colcon.colcon_core.shell:Creating environment hook '/home/orangepi/marco_ws/install/marco_localization/share/marco_localization/hook/cmake_prefix_path.ps1'
[4.017s] INFO:colcon.colcon_core.shell:Creating environment descriptor '/home/orangepi/marco_ws/install/marco_localization/share/marco_localization/hook/cmake_prefix_path.dsv'
[4.018s] INFO:colcon.colcon_core.shell:Creating environment hook '/home/orangepi/marco_ws/install/marco_localization/share/marco_localization/hook/cmake_prefix_path.sh'
[4.019s] Level 1:colcon.colcon_core.environment:checking '/home/orangepi/marco_ws/install/marco_localization/lib'
[4.019s] Level 1:colcon.colcon_core.environment:checking '/home/orangepi/marco_ws/install/marco_localization/bin'
[4.019s] Level 1:colcon.colcon_core.environment:checking '/home/orangepi/marco_ws/install/marco_localization/lib/pkgconfig/marco_localization.pc'
[4.019s] Level 1:colcon.colcon_core.environment:checking '/home/orangepi/marco_ws/install/marco_localization/lib/python3.10/site-packages'
[4.020s] Level 1:colcon.colcon_core.environment:checking '/home/orangepi/marco_ws/install/marco_localization/bin'
[4.020s] INFO:colcon.colcon_core.shell:Creating package script '/home/orangepi/marco_ws/install/marco_localization/share/marco_localization/package.ps1'
[4.021s] INFO:colcon.colcon_core.shell:Creating package descriptor '/home/orangepi/marco_ws/install/marco_localization/share/marco_localization/package.dsv'
[4.022s] INFO:colcon.colcon_core.shell:Creating package script '/home/orangepi/marco_ws/install/marco_localization/share/marco_localization/package.sh'
[4.023s] INFO:colcon.colcon_core.shell:Creating package script '/home/orangepi/marco_ws/install/marco_localization/share/marco_localization/package.bash'
[4.023s] INFO:colcon.colcon_core.shell:Creating package script '/home/orangepi/marco_ws/install/marco_localization/share/marco_localization/package.zsh'
[4.024s] Level 1:colcon.colcon_core.environment:create_file_with_runtime_dependencies(/home/orangepi/marco_ws/install/marco_localization/share/colcon-core/packages/marco_localization)
[4.427s] INFO:colcon.colcon_core.task.python.build:Building Python package in '/home/orangepi/marco_ws/src/marco_docking'
[4.428s] INFO:colcon.colcon_core.shell:Skip shell extension 'powershell' for command environment: Not usable outside of PowerShell
[4.429s] DEBUG:colcon.colcon_core.shell:Skip shell extension 'dsv' for command environment
[5.001s] DEBUG:colcon.colcon_core.task.python.build:Available setuptools commands: build_scripts, install_lib, bdist_wheel, build, easy_install, setopt, build_py, install_data, upload, bdist_egg, install_egg_info, egg_info, clean, check, install, upload_docs, sdist, alias, develop, dist_info, bdist, register, symlink_data, build_clib, saveopts, install_headers, bdist_rpm, test, rotate, bdist_dumb, install_scripts, build_ext
[5.009s] DEBUG:colcon.colcon_core.event_handler.log_command:Invoking command in '/home/orangepi/marco_ws/src/marco_docking': AMENT_PREFIX_PATH=/home/orangepi/marco_ws/install/marco_perception:/home/orangepi/marco_ws/install/marco_simulation:/home/orangepi/marco_ws/install/marco_safety:/home/orangepi/marco_ws/install/marco_docking:/home/orangepi/marco_ws/install/marco_localization:/home/orangepi/marco_ws/install/marco_navigation:/home/orangepi/marco_ws/install/marco_mission:/home/orangepi/marco_ws/install/marco_msgs:/home/orangepi/marco_ws/install/marco_bringup:/home/orangepi/marco_ws/install/marco_description:/home/orangepi/marco_ws/install/marco_base:/home/orangepi/marco_ws/install/lane_tracking:/home/orangepi/ydlidar_ros2_ws/install/ydlidar_ros2_driver:/opt/ros/humble CMAKE_PREFIX_PATH=/home/orangepi/marco_ws/install/marco_msgs:/home/orangepi/marco_ws/install/marco_simulation:/home/orangepi/marco_ws/install/marco_safety:/home/orangepi/marco_ws/install/marco_localization:/home/orangepi/marco_ws/install/marco_navigation:/home/orangepi/marco_ws/install/marco_bringup:/home/orangepi/marco_ws/install/marco_description:/home/orangepi/ydlidar_ros2_ws/install/ydlidar_ros2_driver PYTHONPATH=/home/orangepi/marco_ws/build/marco_docking/prefix_override:/usr/lib/python3/dist-packages/colcon_core/task/python/colcon_distutils_commands:/home/orangepi/marco_ws/install/marco_docking/lib/python3.10/site-packages:/home/orangepi/marco_ws/install/marco_perception/lib/python3.10/site-packages:/home/orangepi/marco_ws/install/marco_docking/lib/python3.10/site-packages:/home/orangepi/marco_ws/install/marco_mission/lib/python3.10/site-packages:/home/orangepi/marco_ws/install/marco_msgs/local/lib/python3.10/dist-packages:/home/orangepi/marco_ws/build/marco_base:/home/orangepi/marco_ws/install/marco_base/lib/python3.10/site-packages:/home/orangepi/marco_ws/install/lane_tracking/lib/python3.10/site-packages:/opt/ros/humble/lib/python3.10/site-packages:/opt/ros/humble/local/lib/python3.10/dist-packages /usr/bin/python3 -W ignore:setup.py install is deprecated -W ignore:easy_install command is deprecated setup.py egg_info --egg-base ../../build/marco_docking build --build-base /home/orangepi/marco_ws/build/marco_docking/build install --record /home/orangepi/marco_ws/build/marco_docking/install.log --install-scripts $base/lib/marco_docking --single-version-externally-managed install_data
[5.491s] Level 1:colcon.colcon_core.environment:checking '/home/orangepi/marco_ws/install/marco_docking' for CMake module files
[5.493s] DEBUG:colcon.colcon_core.event_handler.log_command:Invoked command in '/home/orangepi/marco_ws/src/marco_docking' returned '0': AMENT_PREFIX_PATH=/home/orangepi/marco_ws/install/marco_perception:/home/orangepi/marco_ws/install/marco_simulation:/home/orangepi/marco_ws/install/marco_safety:/home/orangepi/marco_ws/install/marco_docking:/home/orangepi/marco_ws/install/marco_localization:/home/orangepi/marco_ws/install/marco_navigation:/home/orangepi/marco_ws/install/marco_mission:/home/orangepi/marco_ws/install/marco_msgs:/home/orangepi/marco_ws/install/marco_bringup:/home/orangepi/marco_ws/install/marco_description:/home/orangepi/marco_ws/install/marco_base:/home/orangepi/marco_ws/install/lane_tracking:/home/orangepi/ydlidar_ros2_ws/install/ydlidar_ros2_driver:/opt/ros/humble CMAKE_PREFIX_PATH=/home/orangepi/marco_ws/install/marco_msgs:/home/orangepi/marco_ws/install/marco_simulation:/home/orangepi/marco_ws/install/marco_safety:/home/orangepi/marco_ws/install/marco_localization:/home/orangepi/marco_ws/install/marco_navigation:/home/orangepi/marco_ws/install/marco_bringup:/home/orangepi/marco_ws/install/marco_description:/home/orangepi/ydlidar_ros2_ws/install/ydlidar_ros2_driver PYTHONPATH=/home/orangepi/marco_ws/build/marco_docking/prefix_override:/usr/lib/python3/dist-packages/colcon_core/task/python/colcon_distutils_commands:/home/orangepi/marco_ws/install/marco_docking/lib/python3.10/site-packages:/home/orangepi/marco_ws/install/marco_perception/lib/python3.10/site-packages:/home/orangepi/marco_ws/install/marco_docking/lib/python3.10/site-packages:/home/orangepi/marco_ws/install/marco_mission/lib/python3.10/site-packages:/home/orangepi/marco_ws/install/marco_msgs/local/lib/python3.10/dist-packages:/home/orangepi/marco_ws/build/marco_base:/home/orangepi/marco_ws/install/marco_base/lib/python3.10/site-packages:/home/orangepi/marco_ws/install/lane_tracking/lib/python3.10/site-packages:/opt/ros/humble/lib/python3.10/site-packages:/opt/ros/humble/local/lib/python3.10/dist-packages /usr/bin/python3 -W ignore:setup.py install is deprecated -W ignore:easy_install command is deprecated setup.py egg_info --egg-base ../../build/marco_docking build --build-base /home/orangepi/marco_ws/build/marco_docking/build install --record /home/orangepi/marco_ws/build/marco_docking/install.log --install-scripts $base/lib/marco_docking --single-version-externally-managed install_data
[5.493s] Level 1:colcon.colcon_core.environment:checking '/home/orangepi/marco_ws/install/marco_docking' for CMake config files
[5.494s] Level 1:colcon.colcon_core.environment:checking '/home/orangepi/marco_ws/install/marco_docking/lib'
[5.494s] Level 1:colcon.colcon_core.environment:checking '/home/orangepi/marco_ws/install/marco_docking/bin'
[5.494s] Level 1:colcon.colcon_core.environment:checking '/home/orangepi/marco_ws/install/marco_docking/lib/pkgconfig/marco_docking.pc'
[5.494s] Level 1:colcon.colcon_core.environment:checking '/home/orangepi/marco_ws/install/marco_docking/lib/python3.10/site-packages'
[5.494s] Level 1:colcon.colcon_core.shell:create_environment_hook('marco_docking', 'pythonpath')
[5.495s] INFO:colcon.colcon_core.shell:Creating environment hook '/home/orangepi/marco_ws/install/marco_docking/share/marco_docking/hook/pythonpath.ps1'
[5.496s] INFO:colcon.colcon_core.shell:Creating environment descriptor '/home/orangepi/marco_ws/install/marco_docking/share/marco_docking/hook/pythonpath.dsv'
[5.497s] INFO:colcon.colcon_core.shell:Creating environment hook '/home/orangepi/marco_ws/install/marco_docking/share/marco_docking/hook/pythonpath.sh'
[5.498s] Level 1:colcon.colcon_core.environment:checking '/home/orangepi/marco_ws/install/marco_docking/bin'
[5.498s] Level 1:colcon.colcon_core.environment:create_environment_scripts_only(marco_docking)
[5.499s] INFO:colcon.colcon_core.shell:Creating package script '/home/orangepi/marco_ws/install/marco_docking/share/marco_docking/package.ps1'
[5.500s] INFO:colcon.colcon_core.shell:Creating package descriptor '/home/orangepi/marco_ws/install/marco_docking/share/marco_docking/package.dsv'
[5.501s] INFO:colcon.colcon_core.shell:Creating package script '/home/orangepi/marco_ws/install/marco_docking/share/marco_docking/package.sh'
[5.501s] INFO:colcon.colcon_core.shell:Creating package script '/home/orangepi/marco_ws/install/marco_docking/share/marco_docking/package.bash'
[5.502s] INFO:colcon.colcon_core.shell:Creating package script '/home/orangepi/marco_ws/install/marco_docking/share/marco_docking/package.zsh'
[5.503s] Level 1:colcon.colcon_core.environment:create_file_with_runtime_dependencies(/home/orangepi/marco_ws/install/marco_docking/share/colcon-core/packages/marco_docking)
[5.505s] DEBUG:colcon.colcon_parallel_executor.executor.parallel:closing loop
[5.506s] DEBUG:colcon.colcon_parallel_executor.executor.parallel:loop closed
[5.507s] DEBUG:colcon.colcon_parallel_executor.executor.parallel:run_until_complete finished with '0'
[5.507s] DEBUG:colcon.colcon_core.event_reactor:joining thread
[5.511s] DEBUG:colcon.colcon_core.event_reactor:joined thread
[5.513s] INFO:colcon.colcon_core.shell:Creating prefix script '/home/orangepi/marco_ws/install/local_setup.ps1'
[5.519s] INFO:colcon.colcon_core.shell:Creating prefix util module '/home/orangepi/marco_ws/install/_local_setup_util_ps1.py'
[5.525s] INFO:colcon.colcon_core.shell:Creating prefix chain script '/home/orangepi/marco_ws/install/setup.ps1'
[5.532s] INFO:colcon.colcon_core.shell:Creating prefix script '/home/orangepi/marco_ws/install/local_setup.sh'
[5.535s] INFO:colcon.colcon_core.shell:Creating prefix util module '/home/orangepi/marco_ws/install/_local_setup_util_sh.py'
[5.537s] INFO:colcon.colcon_core.shell:Creating prefix chain script '/home/orangepi/marco_ws/install/setup.sh'
[5.543s] INFO:colcon.colcon_core.shell:Creating prefix script '/home/orangepi/marco_ws/install/local_setup.bash'
[5.545s] INFO:colcon.colcon_core.shell:Creating prefix chain script '/home/orangepi/marco_ws/install/setup.bash'
[5.551s] INFO:colcon.colcon_core.shell:Creating prefix script '/home/orangepi/marco_ws/install/local_setup.zsh'
[5.554s] INFO:colcon.colcon_core.shell:Creating prefix chain script '/home/orangepi/marco_ws/install/setup.zsh'
