[0.144s] DEBUG:colcon:Command line arguments: ['/usr/bin/colcon', 'build']
[0.145s] DEBUG:colcon:Parsed command line arguments: Namespace(log_base=None, log_level=None, verb_name='build', build_base='build', install_base='install', merge_install=False, symlink_install=False, test_result_base=None, continue_on_error=False, executor='parallel', parallel_workers=8, event_handlers=None, ignore_user_meta=False, metas=['./colcon.meta'], base_paths=['.'], packages_ignore=None, packages_ignore_regex=None, paths=None, packages_up_to=None, packages_up_to_regex=None, packages_above=None, packages_above_and_dependencies=None, packages_above_depth=None, packages_select_by_dep=None, packages_skip_by_dep=None, packages_skip_up_to=None, packages_select_build_failed=False, packages_skip_build_finished=False, packages_select_test_failures=False, packages_skip_test_passed=False, packages_select=None, packages_skip=None, packages_select_regex=None, packages_skip_regex=None, packages_start=None, packages_end=None, cmake_args=None, cmake_target=None, cmake_target_skip_unavailable=False, cmake_clean_cache=False, cmake_clean_first=False, cmake_force_configure=False, ament_cmake_args=None, catkin_cmake_args=None, catkin_skip_building_tests=False, verb_parser=<colcon_defaults.argument_parser.defaults.DefaultArgumentsDecorator object at 0x7f91d34e80>, verb_extension=<colcon_core.verb.build.BuildVerb object at 0x7f91e5e590>, main=<bound method BuildVerb.main of <colcon_core.verb.build.BuildVerb object at 0x7f91e5e590>>)
[0.343s] Level 1:colcon.colcon_core.package_discovery:discover_packages(colcon_meta) check parameters
[0.343s] Level 1:colcon.colcon_core.package_discovery:discover_packages(recursive) check parameters
[0.343s] Level 1:colcon.colcon_core.package_discovery:discover_packages(ignore) check parameters
[0.343s] Level 1:colcon.colcon_core.package_discovery:discover_packages(path) check parameters
[0.343s] Level 1:colcon.colcon_core.package_discovery:discover_packages(colcon_meta) discover
[0.343s] Level 1:colcon.colcon_core.package_discovery:discover_packages(recursive) discover
[0.343s] INFO:colcon.colcon_core.package_discovery:Crawling recursively for packages in '/home/orangepi/marco_ws'
[0.344s] Level 1:colcon.colcon_core.package_identification:_identify(.) by extensions ['ignore', 'ignore_ament_install']
[0.344s] Level 1:colcon.colcon_core.package_identification:_identify(.) by extension 'ignore'
[0.344s] Level 1:colcon.colcon_core.package_identification:_identify(.) by extension 'ignore_ament_install'
[0.344s] Level 1:colcon.colcon_core.package_identification:_identify(.) by extensions ['colcon_pkg']
[0.344s] Level 1:colcon.colcon_core.package_identification:_identify(.) by extension 'colcon_pkg'
[0.344s] Level 1:colcon.colcon_core.package_identification:_identify(.) by extensions ['colcon_meta']
[0.344s] Level 1:colcon.colcon_core.package_identification:_identify(.) by extension 'colcon_meta'
[0.344s] Level 1:colcon.colcon_core.package_identification:_identify(.) by extensions ['ros']
[0.344s] Level 1:colcon.colcon_core.package_identification:_identify(.) by extension 'ros'
[0.362s] Level 1:colcon.colcon_core.package_identification:_identify(.) by extensions ['cmake', 'python']
[0.362s] Level 1:colcon.colcon_core.package_identification:_identify(.) by extension 'cmake'
[0.362s] Level 1:colcon.colcon_core.package_identification:_identify(.) by extension 'python'
[0.362s] Level 1:colcon.colcon_core.package_identification:_identify(.) by extensions ['python_setup_py']
[0.362s] Level 1:colcon.colcon_core.package_identification:_identify(.) by extension 'python_setup_py'
[0.362s] Level 1:colcon.colcon_core.package_identification:_identify(build) by extensions ['ignore', 'ignore_ament_install']
[0.363s] Level 1:colcon.colcon_core.package_identification:_identify(build) by extension 'ignore'
[0.363s] Level 1:colcon.colcon_core.package_identification:_identify(build) ignored
[0.363s] Level 1:colcon.colcon_core.package_identification:_identify(install) by extensions ['ignore', 'ignore_ament_install']
[0.363s] Level 1:colcon.colcon_core.package_identification:_identify(install) by extension 'ignore'
[0.363s] Level 1:colcon.colcon_core.package_identification:_identify(install) ignored
[0.363s] Level 1:colcon.colcon_core.package_identification:_identify(log) by extensions ['ignore', 'ignore_ament_install']
[0.363s] Level 1:colcon.colcon_core.package_identification:_identify(log) by extension 'ignore'
[0.363s] Level 1:colcon.colcon_core.package_identification:_identify(log) ignored
[0.363s] Level 1:colcon.colcon_core.package_identification:_identify(src) by extensions ['ignore', 'ignore_ament_install']
[0.363s] Level 1:colcon.colcon_core.package_identification:_identify(src) by extension 'ignore'
[0.363s] Level 1:colcon.colcon_core.package_identification:_identify(src) by extension 'ignore_ament_install'
[0.364s] Level 1:colcon.colcon_core.package_identification:_identify(src) by extensions ['colcon_pkg']
[0.364s] Level 1:colcon.colcon_core.package_identification:_identify(src) by extension 'colcon_pkg'
[0.364s] Level 1:colcon.colcon_core.package_identification:_identify(src) by extensions ['colcon_meta']
[0.364s] Level 1:colcon.colcon_core.package_identification:_identify(src) by extension 'colcon_meta'
[0.364s] Level 1:colcon.colcon_core.package_identification:_identify(src) by extensions ['ros']
[0.364s] Level 1:colcon.colcon_core.package_identification:_identify(src) by extension 'ros'
[0.364s] Level 1:colcon.colcon_core.package_identification:_identify(src) by extensions ['cmake', 'python']
[0.364s] Level 1:colcon.colcon_core.package_identification:_identify(src) by extension 'cmake'
[0.364s] Level 1:colcon.colcon_core.package_identification:_identify(src) by extension 'python'
[0.364s] Level 1:colcon.colcon_core.package_identification:_identify(src) by extensions ['python_setup_py']
[0.364s] Level 1:colcon.colcon_core.package_identification:_identify(src) by extension 'python_setup_py'
[0.364s] Level 1:colcon.colcon_core.package_identification:_identify(src/marco_base) by extensions ['ignore', 'ignore_ament_install']
[0.364s] Level 1:colcon.colcon_core.package_identification:_identify(src/marco_base) by extension 'ignore'
[0.364s] Level 1:colcon.colcon_core.package_identification:_identify(src/marco_base) by extension 'ignore_ament_install'
[0.364s] Level 1:colcon.colcon_core.package_identification:_identify(src/marco_base) by extensions ['colcon_pkg']
[0.364s] Level 1:colcon.colcon_core.package_identification:_identify(src/marco_base) by extension 'colcon_pkg'
[0.364s] Level 1:colcon.colcon_core.package_identification:_identify(src/marco_base) by extensions ['colcon_meta']
[0.364s] Level 1:colcon.colcon_core.package_identification:_identify(src/marco_base) by extension 'colcon_meta'
[0.364s] Level 1:colcon.colcon_core.package_identification:_identify(src/marco_base) by extensions ['ros']
[0.364s] Level 1:colcon.colcon_core.package_identification:_identify(src/marco_base) by extension 'ros'
[0.369s] DEBUG:colcon.colcon_core.package_identification:Package 'src/marco_base' with type 'ros.ament_python' and name 'marco_base'
[0.369s] Level 1:colcon.colcon_core.package_identification:_identify(src/marco_bringup) by extensions ['ignore', 'ignore_ament_install']
[0.369s] Level 1:colcon.colcon_core.package_identification:_identify(src/marco_bringup) by extension 'ignore'
[0.369s] Level 1:colcon.colcon_core.package_identification:_identify(src/marco_bringup) by extension 'ignore_ament_install'
[0.369s] Level 1:colcon.colcon_core.package_identification:_identify(src/marco_bringup) by extensions ['colcon_pkg']
[0.369s] Level 1:colcon.colcon_core.package_identification:_identify(src/marco_bringup) by extension 'colcon_pkg'
[0.369s] Level 1:colcon.colcon_core.package_identification:_identify(src/marco_bringup) by extensions ['colcon_meta']
[0.370s] Level 1:colcon.colcon_core.package_identification:_identify(src/marco_bringup) by extension 'colcon_meta'
[0.370s] Level 1:colcon.colcon_core.package_identification:_identify(src/marco_bringup) by extensions ['ros']
[0.370s] Level 1:colcon.colcon_core.package_identification:_identify(src/marco_bringup) by extension 'ros'
[0.370s] DEBUG:colcon.colcon_core.package_identification:Package 'src/marco_bringup' with type 'ros.ament_cmake' and name 'marco_bringup'
[0.371s] Level 1:colcon.colcon_core.package_identification:_identify(src/marco_description) by extensions ['ignore', 'ignore_ament_install']
[0.371s] Level 1:colcon.colcon_core.package_identification:_identify(src/marco_description) by extension 'ignore'
[0.371s] Level 1:colcon.colcon_core.package_identification:_identify(src/marco_description) by extension 'ignore_ament_install'
[0.371s] Level 1:colcon.colcon_core.package_identification:_identify(src/marco_description) by extensions ['colcon_pkg']
[0.371s] Level 1:colcon.colcon_core.package_identification:_identify(src/marco_description) by extension 'colcon_pkg'
[0.371s] Level 1:colcon.colcon_core.package_identification:_identify(src/marco_description) by extensions ['colcon_meta']
[0.371s] Level 1:colcon.colcon_core.package_identification:_identify(src/marco_description) by extension 'colcon_meta'
[0.371s] Level 1:colcon.colcon_core.package_identification:_identify(src/marco_description) by extensions ['ros']
[0.371s] Level 1:colcon.colcon_core.package_identification:_identify(src/marco_description) by extension 'ros'
[0.371s] DEBUG:colcon.colcon_core.package_identification:Package 'src/marco_description' with type 'ros.ament_cmake' and name 'marco_description'
[0.372s] Level 1:colcon.colcon_core.package_identification:_identify(src/marco_docking) by extensions ['ignore', 'ignore_ament_install']
[0.372s] Level 1:colcon.colcon_core.package_identification:_identify(src/marco_docking) by extension 'ignore'
[0.372s] Level 1:colcon.colcon_core.package_identification:_identify(src/marco_docking) by extension 'ignore_ament_install'
[0.372s] Level 1:colcon.colcon_core.package_identification:_identify(src/marco_docking) by extensions ['colcon_pkg']
[0.372s] Level 1:colcon.colcon_core.package_identification:_identify(src/marco_docking) by extension 'colcon_pkg'
[0.372s] Level 1:colcon.colcon_core.package_identification:_identify(src/marco_docking) by extensions ['colcon_meta']
[0.372s] Level 1:colcon.colcon_core.package_identification:_identify(src/marco_docking) by extension 'colcon_meta'
[0.372s] Level 1:colcon.colcon_core.package_identification:_identify(src/marco_docking) by extensions ['ros']
[0.372s] Level 1:colcon.colcon_core.package_identification:_identify(src/marco_docking) by extension 'ros'
[0.373s] DEBUG:colcon.colcon_core.package_identification:Package 'src/marco_docking' with type 'ros.ament_python' and name 'marco_docking'
[0.373s] Level 1:colcon.colcon_core.package_identification:_identify(src/marco_localization) by extensions ['ignore', 'ignore_ament_install']
[0.373s] Level 1:colcon.colcon_core.package_identification:_identify(src/marco_localization) by extension 'ignore'
[0.373s] Level 1:colcon.colcon_core.package_identification:_identify(src/marco_localization) by extension 'ignore_ament_install'
[0.373s] Level 1:colcon.colcon_core.package_identification:_identify(src/marco_localization) by extensions ['colcon_pkg']
[0.373s] Level 1:colcon.colcon_core.package_identification:_identify(src/marco_localization) by extension 'colcon_pkg'
[0.373s] Level 1:colcon.colcon_core.package_identification:_identify(src/marco_localization) by extensions ['colcon_meta']
[0.373s] Level 1:colcon.colcon_core.package_identification:_identify(src/marco_localization) by extension 'colcon_meta'
[0.373s] Level 1:colcon.colcon_core.package_identification:_identify(src/marco_localization) by extensions ['ros']
[0.373s] Level 1:colcon.colcon_core.package_identification:_identify(src/marco_localization) by extension 'ros'
[0.374s] DEBUG:colcon.colcon_core.package_identification:Package 'src/marco_localization' with type 'ros.ament_cmake' and name 'marco_localization'
[0.374s] Level 1:colcon.colcon_core.package_identification:_identify(src/marco_mission) by extensions ['ignore', 'ignore_ament_install']
[0.374s] Level 1:colcon.colcon_core.package_identification:_identify(src/marco_mission) by extension 'ignore'
[0.374s] Level 1:colcon.colcon_core.package_identification:_identify(src/marco_mission) by extension 'ignore_ament_install'
[0.374s] Level 1:colcon.colcon_core.package_identification:_identify(src/marco_mission) by extensions ['colcon_pkg']
[0.374s] Level 1:colcon.colcon_core.package_identification:_identify(src/marco_mission) by extension 'colcon_pkg'
[0.374s] Level 1:colcon.colcon_core.package_identification:_identify(src/marco_mission) by extensions ['colcon_meta']
[0.374s] Level 1:colcon.colcon_core.package_identification:_identify(src/marco_mission) by extension 'colcon_meta'
[0.374s] Level 1:colcon.colcon_core.package_identification:_identify(src/marco_mission) by extensions ['ros']
[0.374s] Level 1:colcon.colcon_core.package_identification:_identify(src/marco_mission) by extension 'ros'
[0.375s] DEBUG:colcon.colcon_core.package_identification:Package 'src/marco_mission' with type 'ros.ament_python' and name 'marco_mission'
[0.375s] Level 1:colcon.colcon_core.package_identification:_identify(src/marco_msgs) by extensions ['ignore', 'ignore_ament_install']
[0.375s] Level 1:colcon.colcon_core.package_identification:_identify(src/marco_msgs) by extension 'ignore'
[0.375s] Level 1:colcon.colcon_core.package_identification:_identify(src/marco_msgs) by extension 'ignore_ament_install'
[0.375s] Level 1:colcon.colcon_core.package_identification:_identify(src/marco_msgs) by extensions ['colcon_pkg']
[0.375s] Level 1:colcon.colcon_core.package_identification:_identify(src/marco_msgs) by extension 'colcon_pkg'
[0.375s] Level 1:colcon.colcon_core.package_identification:_identify(src/marco_msgs) by extensions ['colcon_meta']
[0.375s] Level 1:colcon.colcon_core.package_identification:_identify(src/marco_msgs) by extension 'colcon_meta'
[0.375s] Level 1:colcon.colcon_core.package_identification:_identify(src/marco_msgs) by extensions ['ros']
[0.375s] Level 1:colcon.colcon_core.package_identification:_identify(src/marco_msgs) by extension 'ros'
[0.376s] DEBUG:colcon.colcon_core.package_identification:Package 'src/marco_msgs' with type 'ros.ament_cmake' and name 'marco_msgs'
[0.376s] Level 1:colcon.colcon_core.package_identification:_identify(src/marco_navigation) by extensions ['ignore', 'ignore_ament_install']
[0.376s] Level 1:colcon.colcon_core.package_identification:_identify(src/marco_navigation) by extension 'ignore'
[0.376s] Level 1:colcon.colcon_core.package_identification:_identify(src/marco_navigation) by extension 'ignore_ament_install'
[0.376s] Level 1:colcon.colcon_core.package_identification:_identify(src/marco_navigation) by extensions ['colcon_pkg']
[0.377s] Level 1:colcon.colcon_core.package_identification:_identify(src/marco_navigation) by extension 'colcon_pkg'
[0.377s] Level 1:colcon.colcon_core.package_identification:_identify(src/marco_navigation) by extensions ['colcon_meta']
[0.377s] Level 1:colcon.colcon_core.package_identification:_identify(src/marco_navigation) by extension 'colcon_meta'
[0.377s] Level 1:colcon.colcon_core.package_identification:_identify(src/marco_navigation) by extensions ['ros']
[0.377s] Level 1:colcon.colcon_core.package_identification:_identify(src/marco_navigation) by extension 'ros'
[0.377s] DEBUG:colcon.colcon_core.package_identification:Package 'src/marco_navigation' with type 'ros.ament_cmake' and name 'marco_navigation'
[0.377s] Level 1:colcon.colcon_core.package_identification:_identify(src/marco_perception) by extensions ['ignore', 'ignore_ament_install']
[0.377s] Level 1:colcon.colcon_core.package_identification:_identify(src/marco_perception) by extension 'ignore'
[0.377s] Level 1:colcon.colcon_core.package_identification:_identify(src/marco_perception) by extension 'ignore_ament_install'
[0.378s] Level 1:colcon.colcon_core.package_identification:_identify(src/marco_perception) by extensions ['colcon_pkg']
[0.378s] Level 1:colcon.colcon_core.package_identification:_identify(src/marco_perception) by extension 'colcon_pkg'
[0.378s] Level 1:colcon.colcon_core.package_identification:_identify(src/marco_perception) by extensions ['colcon_meta']
[0.378s] Level 1:colcon.colcon_core.package_identification:_identify(src/marco_perception) by extension 'colcon_meta'
[0.378s] Level 1:colcon.colcon_core.package_identification:_identify(src/marco_perception) by extensions ['ros']
[0.378s] Level 1:colcon.colcon_core.package_identification:_identify(src/marco_perception) by extension 'ros'
[0.378s] DEBUG:colcon.colcon_core.package_identification:Package 'src/marco_perception' with type 'ros.ament_python' and name 'marco_perception'
[0.378s] Level 1:colcon.colcon_core.package_identification:_identify(src/marco_safety) by extensions ['ignore', 'ignore_ament_install']
[0.378s] Level 1:colcon.colcon_core.package_identification:_identify(src/marco_safety) by extension 'ignore'
[0.379s] Level 1:colcon.colcon_core.package_identification:_identify(src/marco_safety) by extension 'ignore_ament_install'
[0.379s] Level 1:colcon.colcon_core.package_identification:_identify(src/marco_safety) by extensions ['colcon_pkg']
[0.379s] Level 1:colcon.colcon_core.package_identification:_identify(src/marco_safety) by extension 'colcon_pkg'
[0.379s] Level 1:colcon.colcon_core.package_identification:_identify(src/marco_safety) by extensions ['colcon_meta']
[0.379s] Level 1:colcon.colcon_core.package_identification:_identify(src/marco_safety) by extension 'colcon_meta'
[0.379s] Level 1:colcon.colcon_core.package_identification:_identify(src/marco_safety) by extensions ['ros']
[0.379s] Level 1:colcon.colcon_core.package_identification:_identify(src/marco_safety) by extension 'ros'
[0.379s] DEBUG:colcon.colcon_core.package_identification:Package 'src/marco_safety' with type 'ros.ament_cmake' and name 'marco_safety'
[0.379s] Level 1:colcon.colcon_core.package_identification:_identify(src/marco_simulation) by extensions ['ignore', 'ignore_ament_install']
[0.379s] Level 1:colcon.colcon_core.package_identification:_identify(src/marco_simulation) by extension 'ignore'
[0.380s] Level 1:colcon.colcon_core.package_identification:_identify(src/marco_simulation) by extension 'ignore_ament_install'
[0.380s] Level 1:colcon.colcon_core.package_identification:_identify(src/marco_simulation) by extensions ['colcon_pkg']
[0.380s] Level 1:colcon.colcon_core.package_identification:_identify(src/marco_simulation) by extension 'colcon_pkg'
[0.380s] Level 1:colcon.colcon_core.package_identification:_identify(src/marco_simulation) by extensions ['colcon_meta']
[0.380s] Level 1:colcon.colcon_core.package_identification:_identify(src/marco_simulation) by extension 'colcon_meta'
[0.380s] Level 1:colcon.colcon_core.package_identification:_identify(src/marco_simulation) by extensions ['ros']
[0.380s] Level 1:colcon.colcon_core.package_identification:_identify(src/marco_simulation) by extension 'ros'
[0.380s] DEBUG:colcon.colcon_core.package_identification:Package 'src/marco_simulation' with type 'ros.ament_cmake' and name 'marco_simulation'
[0.380s] Level 1:colcon.colcon_core.package_discovery:discover_packages(recursive) using defaults
[0.381s] Level 1:colcon.colcon_core.package_discovery:discover_packages(ignore) discover
[0.381s] Level 1:colcon.colcon_core.package_discovery:discover_packages(ignore) using defaults
[0.381s] Level 1:colcon.colcon_core.package_discovery:discover_packages(path) discover
[0.381s] Level 1:colcon.colcon_core.package_discovery:discover_packages(path) using defaults
[0.415s] Level 5:colcon.colcon_core.verb:set package 'marco_base' build argument 'cmake_args' from command line to 'None'
[0.415s] Level 5:colcon.colcon_core.verb:set package 'marco_base' build argument 'cmake_target' from command line to 'None'
[0.415s] Level 5:colcon.colcon_core.verb:set package 'marco_base' build argument 'cmake_target_skip_unavailable' from command line to 'False'
[0.415s] Level 5:colcon.colcon_core.verb:set package 'marco_base' build argument 'cmake_clean_cache' from command line to 'False'
[0.415s] Level 5:colcon.colcon_core.verb:set package 'marco_base' build argument 'cmake_clean_first' from command line to 'False'
[0.415s] Level 5:colcon.colcon_core.verb:set package 'marco_base' build argument 'cmake_force_configure' from command line to 'False'
[0.415s] Level 5:colcon.colcon_core.verb:set package 'marco_base' build argument 'ament_cmake_args' from command line to 'None'
[0.415s] Level 5:colcon.colcon_core.verb:set package 'marco_base' build argument 'catkin_cmake_args' from command line to 'None'
[0.415s] Level 5:colcon.colcon_core.verb:set package 'marco_base' build argument 'catkin_skip_building_tests' from command line to 'False'
[0.415s] DEBUG:colcon.colcon_core.verb:Building package 'marco_base' with the following arguments: {'ament_cmake_args': None, 'build_base': '/home/orangepi/marco_ws/build/marco_base', 'catkin_cmake_args': None, 'catkin_skip_building_tests': False, 'cmake_args': None, 'cmake_clean_cache': False, 'cmake_clean_first': False, 'cmake_force_configure': False, 'cmake_target': None, 'cmake_target_skip_unavailable': False, 'install_base': '/home/orangepi/marco_ws/install/marco_base', 'merge_install': False, 'path': '/home/orangepi/marco_ws/src/marco_base', 'symlink_install': False, 'test_result_base': None}
[0.416s] Level 5:colcon.colcon_core.verb:set package 'marco_description' build argument 'cmake_args' from command line to 'None'
[0.416s] Level 5:colcon.colcon_core.verb:set package 'marco_description' build argument 'cmake_target' from command line to 'None'
[0.416s] Level 5:colcon.colcon_core.verb:set package 'marco_description' build argument 'cmake_target_skip_unavailable' from command line to 'False'
[0.416s] Level 5:colcon.colcon_core.verb:set package 'marco_description' build argument 'cmake_clean_cache' from command line to 'False'
[0.416s] Level 5:colcon.colcon_core.verb:set package 'marco_description' build argument 'cmake_clean_first' from command line to 'False'
[0.416s] Level 5:colcon.colcon_core.verb:set package 'marco_description' build argument 'cmake_force_configure' from command line to 'False'
[0.416s] Level 5:colcon.colcon_core.verb:set package 'marco_description' build argument 'ament_cmake_args' from command line to 'None'
[0.416s] Level 5:colcon.colcon_core.verb:set package 'marco_description' build argument 'catkin_cmake_args' from command line to 'None'
[0.416s] Level 5:colcon.colcon_core.verb:set package 'marco_description' build argument 'catkin_skip_building_tests' from command line to 'False'
[0.416s] DEBUG:colcon.colcon_core.verb:Building package 'marco_description' with the following arguments: {'ament_cmake_args': None, 'build_base': '/home/orangepi/marco_ws/build/marco_description', 'catkin_cmake_args': None, 'catkin_skip_building_tests': False, 'cmake_args': None, 'cmake_clean_cache': False, 'cmake_clean_first': False, 'cmake_force_configure': False, 'cmake_target': None, 'cmake_target_skip_unavailable': False, 'install_base': '/home/orangepi/marco_ws/install/marco_description', 'merge_install': False, 'path': '/home/orangepi/marco_ws/src/marco_description', 'symlink_install': False, 'test_result_base': None}
[0.417s] Level 5:colcon.colcon_core.verb:set package 'marco_docking' build argument 'cmake_args' from command line to 'None'
[0.417s] Level 5:colcon.colcon_core.verb:set package 'marco_docking' build argument 'cmake_target' from command line to 'None'
[0.417s] Level 5:colcon.colcon_core.verb:set package 'marco_docking' build argument 'cmake_target_skip_unavailable' from command line to 'False'
[0.417s] Level 5:colcon.colcon_core.verb:set package 'marco_docking' build argument 'cmake_clean_cache' from command line to 'False'
[0.417s] Level 5:colcon.colcon_core.verb:set package 'marco_docking' build argument 'cmake_clean_first' from command line to 'False'
[0.417s] Level 5:colcon.colcon_core.verb:set package 'marco_docking' build argument 'cmake_force_configure' from command line to 'False'
[0.417s] Level 5:colcon.colcon_core.verb:set package 'marco_docking' build argument 'ament_cmake_args' from command line to 'None'
[0.417s] Level 5:colcon.colcon_core.verb:set package 'marco_docking' build argument 'catkin_cmake_args' from command line to 'None'
[0.417s] Level 5:colcon.colcon_core.verb:set package 'marco_docking' build argument 'catkin_skip_building_tests' from command line to 'False'
[0.417s] DEBUG:colcon.colcon_core.verb:Building package 'marco_docking' with the following arguments: {'ament_cmake_args': None, 'build_base': '/home/orangepi/marco_ws/build/marco_docking', 'catkin_cmake_args': None, 'catkin_skip_building_tests': False, 'cmake_args': None, 'cmake_clean_cache': False, 'cmake_clean_first': False, 'cmake_force_configure': False, 'cmake_target': None, 'cmake_target_skip_unavailable': False, 'install_base': '/home/orangepi/marco_ws/install/marco_docking', 'merge_install': False, 'path': '/home/orangepi/marco_ws/src/marco_docking', 'symlink_install': False, 'test_result_base': None}
[0.417s] Level 5:colcon.colcon_core.verb:set package 'marco_mission' build argument 'cmake_args' from command line to 'None'
[0.417s] Level 5:colcon.colcon_core.verb:set package 'marco_mission' build argument 'cmake_target' from command line to 'None'
[0.417s] Level 5:colcon.colcon_core.verb:set package 'marco_mission' build argument 'cmake_target_skip_unavailable' from command line to 'False'
[0.417s] Level 5:colcon.colcon_core.verb:set package 'marco_mission' build argument 'cmake_clean_cache' from command line to 'False'
[0.417s] Level 5:colcon.colcon_core.verb:set package 'marco_mission' build argument 'cmake_clean_first' from command line to 'False'
[0.417s] Level 5:colcon.colcon_core.verb:set package 'marco_mission' build argument 'cmake_force_configure' from command line to 'False'
[0.417s] Level 5:colcon.colcon_core.verb:set package 'marco_mission' build argument 'ament_cmake_args' from command line to 'None'
[0.417s] Level 5:colcon.colcon_core.verb:set package 'marco_mission' build argument 'catkin_cmake_args' from command line to 'None'
[0.417s] Level 5:colcon.colcon_core.verb:set package 'marco_mission' build argument 'catkin_skip_building_tests' from command line to 'False'
[0.417s] DEBUG:colcon.colcon_core.verb:Building package 'marco_mission' with the following arguments: {'ament_cmake_args': None, 'build_base': '/home/orangepi/marco_ws/build/marco_mission', 'catkin_cmake_args': None, 'catkin_skip_building_tests': False, 'cmake_args': None, 'cmake_clean_cache': False, 'cmake_clean_first': False, 'cmake_force_configure': False, 'cmake_target': None, 'cmake_target_skip_unavailable': False, 'install_base': '/home/orangepi/marco_ws/install/marco_mission', 'merge_install': False, 'path': '/home/orangepi/marco_ws/src/marco_mission', 'symlink_install': False, 'test_result_base': None}
[0.418s] Level 5:colcon.colcon_core.verb:set package 'marco_msgs' build argument 'cmake_args' from command line to 'None'
[0.418s] Level 5:colcon.colcon_core.verb:set package 'marco_msgs' build argument 'cmake_target' from command line to 'None'
[0.418s] Level 5:colcon.colcon_core.verb:set package 'marco_msgs' build argument 'cmake_target_skip_unavailable' from command line to 'False'
[0.418s] Level 5:colcon.colcon_core.verb:set package 'marco_msgs' build argument 'cmake_clean_cache' from command line to 'False'
[0.418s] Level 5:colcon.colcon_core.verb:set package 'marco_msgs' build argument 'cmake_clean_first' from command line to 'False'
[0.418s] Level 5:colcon.colcon_core.verb:set package 'marco_msgs' build argument 'cmake_force_configure' from command line to 'False'
[0.418s] Level 5:colcon.colcon_core.verb:set package 'marco_msgs' build argument 'ament_cmake_args' from command line to 'None'
[0.418s] Level 5:colcon.colcon_core.verb:set package 'marco_msgs' build argument 'catkin_cmake_args' from command line to 'None'
[0.418s] Level 5:colcon.colcon_core.verb:set package 'marco_msgs' build argument 'catkin_skip_building_tests' from command line to 'False'
[0.418s] DEBUG:colcon.colcon_core.verb:Building package 'marco_msgs' with the following arguments: {'ament_cmake_args': None, 'build_base': '/home/orangepi/marco_ws/build/marco_msgs', 'catkin_cmake_args': None, 'catkin_skip_building_tests': False, 'cmake_args': None, 'cmake_clean_cache': False, 'cmake_clean_first': False, 'cmake_force_configure': False, 'cmake_target': None, 'cmake_target_skip_unavailable': False, 'install_base': '/home/orangepi/marco_ws/install/marco_msgs', 'merge_install': False, 'path': '/home/orangepi/marco_ws/src/marco_msgs', 'symlink_install': False, 'test_result_base': None}
[0.418s] Level 5:colcon.colcon_core.verb:set package 'marco_navigation' build argument 'cmake_args' from command line to 'None'
[0.418s] Level 5:colcon.colcon_core.verb:set package 'marco_navigation' build argument 'cmake_target' from command line to 'None'
[0.418s] Level 5:colcon.colcon_core.verb:set package 'marco_navigation' build argument 'cmake_target_skip_unavailable' from command line to 'False'
[0.419s] Level 5:colcon.colcon_core.verb:set package 'marco_navigation' build argument 'cmake_clean_cache' from command line to 'False'
[0.419s] Level 5:colcon.colcon_core.verb:set package 'marco_navigation' build argument 'cmake_clean_first' from command line to 'False'
[0.419s] Level 5:colcon.colcon_core.verb:set package 'marco_navigation' build argument 'cmake_force_configure' from command line to 'False'
[0.419s] Level 5:colcon.colcon_core.verb:set package 'marco_navigation' build argument 'ament_cmake_args' from command line to 'None'
[0.419s] Level 5:colcon.colcon_core.verb:set package 'marco_navigation' build argument 'catkin_cmake_args' from command line to 'None'
[0.419s] Level 5:colcon.colcon_core.verb:set package 'marco_navigation' build argument 'catkin_skip_building_tests' from command line to 'False'
[0.419s] DEBUG:colcon.colcon_core.verb:Building package 'marco_navigation' with the following arguments: {'ament_cmake_args': None, 'build_base': '/home/orangepi/marco_ws/build/marco_navigation', 'catkin_cmake_args': None, 'catkin_skip_building_tests': False, 'cmake_args': None, 'cmake_clean_cache': False, 'cmake_clean_first': False, 'cmake_force_configure': False, 'cmake_target': None, 'cmake_target_skip_unavailable': False, 'install_base': '/home/orangepi/marco_ws/install/marco_navigation', 'merge_install': False, 'path': '/home/orangepi/marco_ws/src/marco_navigation', 'symlink_install': False, 'test_result_base': None}
[0.419s] Level 5:colcon.colcon_core.verb:set package 'marco_perception' build argument 'cmake_args' from command line to 'None'
[0.419s] Level 5:colcon.colcon_core.verb:set package 'marco_perception' build argument 'cmake_target' from command line to 'None'
[0.419s] Level 5:colcon.colcon_core.verb:set package 'marco_perception' build argument 'cmake_target_skip_unavailable' from command line to 'False'
[0.419s] Level 5:colcon.colcon_core.verb:set package 'marco_perception' build argument 'cmake_clean_cache' from command line to 'False'
[0.419s] Level 5:colcon.colcon_core.verb:set package 'marco_perception' build argument 'cmake_clean_first' from command line to 'False'
[0.419s] Level 5:colcon.colcon_core.verb:set package 'marco_perception' build argument 'cmake_force_configure' from command line to 'False'
[0.419s] Level 5:colcon.colcon_core.verb:set package 'marco_perception' build argument 'ament_cmake_args' from command line to 'None'
[0.419s] Level 5:colcon.colcon_core.verb:set package 'marco_perception' build argument 'catkin_cmake_args' from command line to 'None'
[0.419s] Level 5:colcon.colcon_core.verb:set package 'marco_perception' build argument 'catkin_skip_building_tests' from command line to 'False'
[0.419s] DEBUG:colcon.colcon_core.verb:Building package 'marco_perception' with the following arguments: {'ament_cmake_args': None, 'build_base': '/home/orangepi/marco_ws/build/marco_perception', 'catkin_cmake_args': None, 'catkin_skip_building_tests': False, 'cmake_args': None, 'cmake_clean_cache': False, 'cmake_clean_first': False, 'cmake_force_configure': False, 'cmake_target': None, 'cmake_target_skip_unavailable': False, 'install_base': '/home/orangepi/marco_ws/install/marco_perception', 'merge_install': False, 'path': '/home/orangepi/marco_ws/src/marco_perception', 'symlink_install': False, 'test_result_base': None}
[0.420s] Level 5:colcon.colcon_core.verb:set package 'marco_safety' build argument 'cmake_args' from command line to 'None'
[0.420s] Level 5:colcon.colcon_core.verb:set package 'marco_safety' build argument 'cmake_target' from command line to 'None'
[0.420s] Level 5:colcon.colcon_core.verb:set package 'marco_safety' build argument 'cmake_target_skip_unavailable' from command line to 'False'
[0.420s] Level 5:colcon.colcon_core.verb:set package 'marco_safety' build argument 'cmake_clean_cache' from command line to 'False'
[0.420s] Level 5:colcon.colcon_core.verb:set package 'marco_safety' build argument 'cmake_clean_first' from command line to 'False'
[0.420s] Level 5:colcon.colcon_core.verb:set package 'marco_safety' build argument 'cmake_force_configure' from command line to 'False'
[0.420s] Level 5:colcon.colcon_core.verb:set package 'marco_safety' build argument 'ament_cmake_args' from command line to 'None'
[0.420s] Level 5:colcon.colcon_core.verb:set package 'marco_safety' build argument 'catkin_cmake_args' from command line to 'None'
[0.420s] Level 5:colcon.colcon_core.verb:set package 'marco_safety' build argument 'catkin_skip_building_tests' from command line to 'False'
[0.420s] DEBUG:colcon.colcon_core.verb:Building package 'marco_safety' with the following arguments: {'ament_cmake_args': None, 'build_base': '/home/orangepi/marco_ws/build/marco_safety', 'catkin_cmake_args': None, 'catkin_skip_building_tests': False, 'cmake_args': None, 'cmake_clean_cache': False, 'cmake_clean_first': False, 'cmake_force_configure': False, 'cmake_target': None, 'cmake_target_skip_unavailable': False, 'install_base': '/home/orangepi/marco_ws/install/marco_safety', 'merge_install': False, 'path': '/home/orangepi/marco_ws/src/marco_safety', 'symlink_install': False, 'test_result_base': None}
[0.420s] Level 5:colcon.colcon_core.verb:set package 'marco_simulation' build argument 'cmake_args' from command line to 'None'
[0.420s] Level 5:colcon.colcon_core.verb:set package 'marco_simulation' build argument 'cmake_target' from command line to 'None'
[0.420s] Level 5:colcon.colcon_core.verb:set package 'marco_simulation' build argument 'cmake_target_skip_unavailable' from command line to 'False'
[0.420s] Level 5:colcon.colcon_core.verb:set package 'marco_simulation' build argument 'cmake_clean_cache' from command line to 'False'
[0.420s] Level 5:colcon.colcon_core.verb:set package 'marco_simulation' build argument 'cmake_clean_first' from command line to 'False'
[0.420s] Level 5:colcon.colcon_core.verb:set package 'marco_simulation' build argument 'cmake_force_configure' from command line to 'False'
[0.420s] Level 5:colcon.colcon_core.verb:set package 'marco_simulation' build argument 'ament_cmake_args' from command line to 'None'
[0.420s] Level 5:colcon.colcon_core.verb:set package 'marco_simulation' build argument 'catkin_cmake_args' from command line to 'None'
[0.420s] Level 5:colcon.colcon_core.verb:set package 'marco_simulation' build argument 'catkin_skip_building_tests' from command line to 'False'
[0.421s] DEBUG:colcon.colcon_core.verb:Building package 'marco_simulation' with the following arguments: {'ament_cmake_args': None, 'build_base': '/home/orangepi/marco_ws/build/marco_simulation', 'catkin_cmake_args': None, 'catkin_skip_building_tests': False, 'cmake_args': None, 'cmake_clean_cache': False, 'cmake_clean_first': False, 'cmake_force_configure': False, 'cmake_target': None, 'cmake_target_skip_unavailable': False, 'install_base': '/home/orangepi/marco_ws/install/marco_simulation', 'merge_install': False, 'path': '/home/orangepi/marco_ws/src/marco_simulation', 'symlink_install': False, 'test_result_base': None}
[0.421s] Level 5:colcon.colcon_core.verb:set package 'marco_bringup' build argument 'cmake_args' from command line to 'None'
[0.421s] Level 5:colcon.colcon_core.verb:set package 'marco_bringup' build argument 'cmake_target' from command line to 'None'
[0.421s] Level 5:colcon.colcon_core.verb:set package 'marco_bringup' build argument 'cmake_target_skip_unavailable' from command line to 'False'
[0.421s] Level 5:colcon.colcon_core.verb:set package 'marco_bringup' build argument 'cmake_clean_cache' from command line to 'False'
[0.421s] Level 5:colcon.colcon_core.verb:set package 'marco_bringup' build argument 'cmake_clean_first' from command line to 'False'
[0.421s] Level 5:colcon.colcon_core.verb:set package 'marco_bringup' build argument 'cmake_force_configure' from command line to 'False'
[0.421s] Level 5:colcon.colcon_core.verb:set package 'marco_bringup' build argument 'ament_cmake_args' from command line to 'None'
[0.421s] Level 5:colcon.colcon_core.verb:set package 'marco_bringup' build argument 'catkin_cmake_args' from command line to 'None'
[0.421s] Level 5:colcon.colcon_core.verb:set package 'marco_bringup' build argument 'catkin_skip_building_tests' from command line to 'False'
[0.421s] DEBUG:colcon.colcon_core.verb:Building package 'marco_bringup' with the following arguments: {'ament_cmake_args': None, 'build_base': '/home/orangepi/marco_ws/build/marco_bringup', 'catkin_cmake_args': None, 'catkin_skip_building_tests': False, 'cmake_args': None, 'cmake_clean_cache': False, 'cmake_clean_first': False, 'cmake_force_configure': False, 'cmake_target': None, 'cmake_target_skip_unavailable': False, 'install_base': '/home/orangepi/marco_ws/install/marco_bringup', 'merge_install': False, 'path': '/home/orangepi/marco_ws/src/marco_bringup', 'symlink_install': False, 'test_result_base': None}
[0.422s] Level 5:colcon.colcon_core.verb:set package 'marco_localization' build argument 'cmake_args' from command line to 'None'
[0.422s] Level 5:colcon.colcon_core.verb:set package 'marco_localization' build argument 'cmake_target' from command line to 'None'
[0.422s] Level 5:colcon.colcon_core.verb:set package 'marco_localization' build argument 'cmake_target_skip_unavailable' from command line to 'False'
[0.422s] Level 5:colcon.colcon_core.verb:set package 'marco_localization' build argument 'cmake_clean_cache' from command line to 'False'
[0.422s] Level 5:colcon.colcon_core.verb:set package 'marco_localization' build argument 'cmake_clean_first' from command line to 'False'
[0.422s] Level 5:colcon.colcon_core.verb:set package 'marco_localization' build argument 'cmake_force_configure' from command line to 'False'
[0.422s] Level 5:colcon.colcon_core.verb:set package 'marco_localization' build argument 'ament_cmake_args' from command line to 'None'
[0.422s] Level 5:colcon.colcon_core.verb:set package 'marco_localization' build argument 'catkin_cmake_args' from command line to 'None'
[0.422s] Level 5:colcon.colcon_core.verb:set package 'marco_localization' build argument 'catkin_skip_building_tests' from command line to 'False'
[0.422s] DEBUG:colcon.colcon_core.verb:Building package 'marco_localization' with the following arguments: {'ament_cmake_args': None, 'build_base': '/home/orangepi/marco_ws/build/marco_localization', 'catkin_cmake_args': None, 'catkin_skip_building_tests': False, 'cmake_args': None, 'cmake_clean_cache': False, 'cmake_clean_first': False, 'cmake_force_configure': False, 'cmake_target': None, 'cmake_target_skip_unavailable': False, 'install_base': '/home/orangepi/marco_ws/install/marco_localization', 'merge_install': False, 'path': '/home/orangepi/marco_ws/src/marco_localization', 'symlink_install': False, 'test_result_base': None}
[0.422s] INFO:colcon.colcon_core.executor:Executing jobs using 'parallel' executor
[0.466s] DEBUG:colcon.colcon_parallel_executor.executor.parallel:run_until_complete
[0.467s] INFO:colcon.colcon_ros.task.ament_python.build:Building ROS package in '/home/orangepi/marco_ws/src/marco_base' with build type 'ament_python'
[0.467s] Level 1:colcon.colcon_core.shell:create_environment_hook('marco_base', 'ament_prefix_path')
[0.472s] INFO:colcon.colcon_core.plugin_system:Skipping extension 'colcon_core.shell.bat': Not used on non-Windows systems
[0.473s] INFO:colcon.colcon_core.shell:Creating environment hook '/home/orangepi/marco_ws/install/marco_base/share/marco_base/hook/ament_prefix_path.ps1'
[0.474s] INFO:colcon.colcon_core.shell:Creating environment descriptor '/home/orangepi/marco_ws/install/marco_base/share/marco_base/hook/ament_prefix_path.dsv'
[0.475s] INFO:colcon.colcon_core.shell:Creating environment hook '/home/orangepi/marco_ws/install/marco_base/share/marco_base/hook/ament_prefix_path.sh'
[0.476s] INFO:colcon.colcon_core.shell:Skip shell extension 'powershell' for command environment: Not usable outside of PowerShell
[0.476s] DEBUG:colcon.colcon_core.shell:Skip shell extension 'dsv' for command environment
[0.484s] INFO:colcon.colcon_ros.task.ament_cmake.build:Building ROS package in '/home/orangepi/marco_ws/src/marco_description' with build type 'ament_cmake'
[0.484s] INFO:colcon.colcon_cmake.task.cmake.build:Building CMake package in '/home/orangepi/marco_ws/src/marco_description'
[0.485s] INFO:colcon.colcon_core.shell:Skip shell extension 'powershell' for command environment: Not usable outside of PowerShell
[0.485s] DEBUG:colcon.colcon_core.shell:Skip shell extension 'dsv' for command environment
[0.491s] INFO:colcon.colcon_ros.task.ament_python.build:Building ROS package in '/home/orangepi/marco_ws/src/marco_docking' with build type 'ament_python'
[0.492s] Level 1:colcon.colcon_core.shell:create_environment_hook('marco_docking', 'ament_prefix_path')
[0.492s] INFO:colcon.colcon_core.shell:Creating environment hook '/home/orangepi/marco_ws/install/marco_docking/share/marco_docking/hook/ament_prefix_path.ps1'
[0.494s] INFO:colcon.colcon_core.shell:Creating environment descriptor '/home/orangepi/marco_ws/install/marco_docking/share/marco_docking/hook/ament_prefix_path.dsv'
[0.495s] INFO:colcon.colcon_core.shell:Creating environment hook '/home/orangepi/marco_ws/install/marco_docking/share/marco_docking/hook/ament_prefix_path.sh'
[0.496s] INFO:colcon.colcon_core.shell:Skip shell extension 'powershell' for command environment: Not usable outside of PowerShell
[0.496s] DEBUG:colcon.colcon_core.shell:Skip shell extension 'dsv' for command environment
[0.502s] INFO:colcon.colcon_ros.task.ament_python.build:Building ROS package in '/home/orangepi/marco_ws/src/marco_mission' with build type 'ament_python'
[0.503s] Level 1:colcon.colcon_core.shell:create_environment_hook('marco_mission', 'ament_prefix_path')
[0.503s] INFO:colcon.colcon_core.shell:Creating environment hook '/home/orangepi/marco_ws/install/marco_mission/share/marco_mission/hook/ament_prefix_path.ps1'
[0.504s] INFO:colcon.colcon_core.shell:Creating environment descriptor '/home/orangepi/marco_ws/install/marco_mission/share/marco_mission/hook/ament_prefix_path.dsv'
[0.505s] INFO:colcon.colcon_core.shell:Creating environment hook '/home/orangepi/marco_ws/install/marco_mission/share/marco_mission/hook/ament_prefix_path.sh'
[0.506s] INFO:colcon.colcon_core.shell:Skip shell extension 'powershell' for command environment: Not usable outside of PowerShell
[0.506s] DEBUG:colcon.colcon_core.shell:Skip shell extension 'dsv' for command environment
[0.512s] INFO:colcon.colcon_ros.task.ament_cmake.build:Building ROS package in '/home/orangepi/marco_ws/src/marco_msgs' with build type 'ament_cmake'
[0.513s] INFO:colcon.colcon_cmake.task.cmake.build:Building CMake package in '/home/orangepi/marco_ws/src/marco_msgs'
[0.513s] INFO:colcon.colcon_core.shell:Skip shell extension 'powershell' for command environment: Not usable outside of PowerShell
[0.513s] DEBUG:colcon.colcon_core.shell:Skip shell extension 'dsv' for command environment
[0.520s] INFO:colcon.colcon_ros.task.ament_cmake.build:Building ROS package in '/home/orangepi/marco_ws/src/marco_navigation' with build type 'ament_cmake'
[0.520s] INFO:colcon.colcon_cmake.task.cmake.build:Building CMake package in '/home/orangepi/marco_ws/src/marco_navigation'
[0.521s] INFO:colcon.colcon_core.shell:Skip shell extension 'powershell' for command environment: Not usable outside of PowerShell
[0.521s] DEBUG:colcon.colcon_core.shell:Skip shell extension 'dsv' for command environment
[0.529s] INFO:colcon.colcon_ros.task.ament_python.build:Building ROS package in '/home/orangepi/marco_ws/src/marco_perception' with build type 'ament_python'
[0.529s] Level 1:colcon.colcon_core.shell:create_environment_hook('marco_perception', 'ament_prefix_path')
[0.529s] INFO:colcon.colcon_core.shell:Creating environment hook '/home/orangepi/marco_ws/install/marco_perception/share/marco_perception/hook/ament_prefix_path.ps1'
[0.531s] INFO:colcon.colcon_core.shell:Creating environment descriptor '/home/orangepi/marco_ws/install/marco_perception/share/marco_perception/hook/ament_prefix_path.dsv'
[0.532s] INFO:colcon.colcon_core.shell:Creating environment hook '/home/orangepi/marco_ws/install/marco_perception/share/marco_perception/hook/ament_prefix_path.sh'
[0.533s] INFO:colcon.colcon_core.shell:Skip shell extension 'powershell' for command environment: Not usable outside of PowerShell
[0.533s] DEBUG:colcon.colcon_core.shell:Skip shell extension 'dsv' for command environment
[0.539s] INFO:colcon.colcon_ros.task.ament_cmake.build:Building ROS package in '/home/orangepi/marco_ws/src/marco_safety' with build type 'ament_cmake'
[0.539s] INFO:colcon.colcon_cmake.task.cmake.build:Building CMake package in '/home/orangepi/marco_ws/src/marco_safety'
[0.540s] INFO:colcon.colcon_core.shell:Skip shell extension 'powershell' for command environment: Not usable outside of PowerShell
[0.540s] DEBUG:colcon.colcon_core.shell:Skip shell extension 'dsv' for command environment
[0.973s] INFO:colcon.colcon_core.task.python.build:Building Python package in '/home/orangepi/marco_ws/src/marco_base'
[0.974s] INFO:colcon.colcon_core.shell:Skip shell extension 'powershell' for command environment: Not usable outside of PowerShell
[0.974s] DEBUG:colcon.colcon_core.shell:Skip shell extension 'dsv' for command environment
[0.989s] DEBUG:colcon.colcon_core.event_handler.log_command:Invoking command in '/home/orangepi/marco_ws/build/marco_description': CMAKE_PREFIX_PATH=${CMAKE_PREFIX_PATH}:/home/orangepi/marco_ws/install/marco_perception:/home/orangepi/marco_ws/install/marco_mission:/home/orangepi/marco_ws/install/marco_docking:/home/orangepi/marco_ws/install/marco_base:/opt/ros/humble /usr/bin/cmake --build /home/orangepi/marco_ws/build/marco_description -- -j8 -l8
[1.379s] INFO:colcon.colcon_core.task.python.build:Building Python package in '/home/orangepi/marco_ws/src/marco_docking'
[1.380s] INFO:colcon.colcon_core.shell:Skip shell extension 'powershell' for command environment: Not usable outside of PowerShell
[1.380s] DEBUG:colcon.colcon_core.shell:Skip shell extension 'dsv' for command environment
[1.820s] INFO:colcon.colcon_core.task.python.build:Building Python package in '/home/orangepi/marco_ws/src/marco_mission'
[1.821s] INFO:colcon.colcon_core.shell:Skip shell extension 'powershell' for command environment: Not usable outside of PowerShell
[1.821s] DEBUG:colcon.colcon_core.shell:Skip shell extension 'dsv' for command environment
[1.836s] DEBUG:colcon.colcon_core.event_handler.log_command:Invoking command in '/home/orangepi/marco_ws/build/marco_msgs': CMAKE_PREFIX_PATH=${CMAKE_PREFIX_PATH}:/home/orangepi/marco_ws/install/marco_perception:/home/orangepi/marco_ws/install/marco_mission:/home/orangepi/marco_ws/install/marco_docking:/home/orangepi/marco_ws/install/marco_base:/opt/ros/humble /usr/bin/cmake /home/orangepi/marco_ws/src/marco_msgs -DCMAKE_INSTALL_PREFIX=/home/orangepi/marco_ws/install/marco_msgs
[1.846s] DEBUG:colcon.colcon_core.event_handler.log_command:Invoking command in '/home/orangepi/marco_ws/build/marco_navigation': CMAKE_PREFIX_PATH=${CMAKE_PREFIX_PATH}:/home/orangepi/marco_ws/install/marco_perception:/home/orangepi/marco_ws/install/marco_mission:/home/orangepi/marco_ws/install/marco_docking:/home/orangepi/marco_ws/install/marco_base:/opt/ros/humble /usr/bin/cmake /home/orangepi/marco_ws/src/marco_navigation -DCMAKE_INSTALL_PREFIX=/home/orangepi/marco_ws/install/marco_navigation
[2.346s] INFO:colcon.colcon_core.task.python.build:Building Python package in '/home/orangepi/marco_ws/src/marco_perception'
[2.347s] INFO:colcon.colcon_core.shell:Skip shell extension 'powershell' for command environment: Not usable outside of PowerShell
[2.347s] DEBUG:colcon.colcon_core.shell:Skip shell extension 'dsv' for command environment
[2.379s] DEBUG:colcon.colcon_core.event_handler.log_command:Invoked command in '/home/orangepi/marco_ws/build/marco_description' returned '0': CMAKE_PREFIX_PATH=${CMAKE_PREFIX_PATH}:/home/orangepi/marco_ws/install/marco_perception:/home/orangepi/marco_ws/install/marco_mission:/home/orangepi/marco_ws/install/marco_docking:/home/orangepi/marco_ws/install/marco_base:/opt/ros/humble /usr/bin/cmake --build /home/orangepi/marco_ws/build/marco_description -- -j8 -l8
[2.413s] DEBUG:colcon.colcon_core.event_handler.log_command:Invoking command in '/home/orangepi/marco_ws/build/marco_description': CMAKE_PREFIX_PATH=${CMAKE_PREFIX_PATH}:/home/orangepi/marco_ws/install/marco_perception:/home/orangepi/marco_ws/install/marco_mission:/home/orangepi/marco_ws/install/marco_docking:/home/orangepi/marco_ws/install/marco_base:/opt/ros/humble /usr/bin/cmake --install /home/orangepi/marco_ws/build/marco_description
[2.422s] DEBUG:colcon.colcon_core.event_handler.log_command:Invoking command in '/home/orangepi/marco_ws/build/marco_safety': CMAKE_PREFIX_PATH=${CMAKE_PREFIX_PATH}:/home/orangepi/marco_ws/install/marco_perception:/home/orangepi/marco_ws/install/marco_mission:/home/orangepi/marco_ws/install/marco_docking:/home/orangepi/marco_ws/install/marco_base:/opt/ros/humble /usr/bin/cmake /home/orangepi/marco_ws/src/marco_safety -DCMAKE_INSTALL_PREFIX=/home/orangepi/marco_ws/install/marco_safety
[2.469s] DEBUG:colcon.colcon_core.event_handler.log_command:Invoked command in '/home/orangepi/marco_ws/build/marco_navigation' returned '0': CMAKE_PREFIX_PATH=${CMAKE_PREFIX_PATH}:/home/orangepi/marco_ws/install/marco_perception:/home/orangepi/marco_ws/install/marco_mission:/home/orangepi/marco_ws/install/marco_docking:/home/orangepi/marco_ws/install/marco_base:/opt/ros/humble /usr/bin/cmake /home/orangepi/marco_ws/src/marco_navigation -DCMAKE_INSTALL_PREFIX=/home/orangepi/marco_ws/install/marco_navigation
[2.475s] DEBUG:colcon.colcon_core.event_handler.log_command:Invoking command in '/home/orangepi/marco_ws/build/marco_navigation': CMAKE_PREFIX_PATH=${CMAKE_PREFIX_PATH}:/home/orangepi/marco_ws/install/marco_perception:/home/orangepi/marco_ws/install/marco_mission:/home/orangepi/marco_ws/install/marco_docking:/home/orangepi/marco_ws/install/marco_base:/opt/ros/humble /usr/bin/cmake --build /home/orangepi/marco_ws/build/marco_navigation -- -j8 -l8
[2.507s] Level 1:colcon.colcon_core.environment:create_environment_scripts_only(marco_description)
[2.508s] DEBUG:colcon.colcon_core.event_handler.log_command:Invoked command in '/home/orangepi/marco_ws/build/marco_description' returned '0': CMAKE_PREFIX_PATH=${CMAKE_PREFIX_PATH}:/home/orangepi/marco_ws/install/marco_perception:/home/orangepi/marco_ws/install/marco_mission:/home/orangepi/marco_ws/install/marco_docking:/home/orangepi/marco_ws/install/marco_base:/opt/ros/humble /usr/bin/cmake --install /home/orangepi/marco_ws/build/marco_description
[2.511s] Level 1:colcon.colcon_core.environment:checking '/home/orangepi/marco_ws/install/marco_description' for CMake module files
[2.512s] Level 1:colcon.colcon_core.environment:checking '/home/orangepi/marco_ws/install/marco_description' for CMake config files
[2.513s] Level 1:colcon.colcon_core.shell:create_environment_hook('marco_description', 'cmake_prefix_path')
[2.513s] INFO:colcon.colcon_core.shell:Creating environment hook '/home/orangepi/marco_ws/install/marco_description/share/marco_description/hook/cmake_prefix_path.ps1'
[2.514s] INFO:colcon.colcon_core.shell:Creating environment descriptor '/home/orangepi/marco_ws/install/marco_description/share/marco_description/hook/cmake_prefix_path.dsv'
[2.516s] INFO:colcon.colcon_core.shell:Creating environment hook '/home/orangepi/marco_ws/install/marco_description/share/marco_description/hook/cmake_prefix_path.sh'
[2.522s] Level 1:colcon.colcon_core.environment:checking '/home/orangepi/marco_ws/install/marco_description/bin'
[2.522s] Level 1:colcon.colcon_core.environment:checking '/home/orangepi/marco_ws/install/marco_description/lib/pkgconfig/marco_description.pc'
[2.524s] Level 1:colcon.colcon_core.environment:checking '/home/orangepi/marco_ws/install/marco_description/lib/python3.10/site-packages'
[2.527s] Level 1:colcon.colcon_core.environment:checking '/home/orangepi/marco_ws/install/marco_description/bin'
[2.529s] INFO:colcon.colcon_core.shell:Creating package script '/home/orangepi/marco_ws/install/marco_description/share/marco_description/package.ps1'
[2.535s] INFO:colcon.colcon_core.shell:Creating package descriptor '/home/orangepi/marco_ws/install/marco_description/share/marco_description/package.dsv'
[2.538s] INFO:colcon.colcon_core.shell:Creating package script '/home/orangepi/marco_ws/install/marco_description/share/marco_description/package.sh'
[2.543s] INFO:colcon.colcon_core.shell:Creating package script '/home/orangepi/marco_ws/install/marco_description/share/marco_description/package.bash'
[2.550s] INFO:colcon.colcon_core.shell:Creating package script '/home/orangepi/marco_ws/install/marco_description/share/marco_description/package.zsh'
[2.557s] Level 1:colcon.colcon_core.environment:create_file_with_runtime_dependencies(/home/orangepi/marco_ws/install/marco_description/share/colcon-core/packages/marco_description)
[2.560s] Level 1:colcon.colcon_core.environment:create_environment_scripts_only(marco_description)
[2.562s] Level 1:colcon.colcon_core.environment:checking '/home/orangepi/marco_ws/install/marco_description' for CMake module files
[2.565s] Level 1:colcon.colcon_core.environment:checking '/home/orangepi/marco_ws/install/marco_description' for CMake config files
[2.567s] Level 1:colcon.colcon_core.shell:create_environment_hook('marco_description', 'cmake_prefix_path')
[2.569s] INFO:colcon.colcon_core.shell:Creating environment hook '/home/orangepi/marco_ws/install/marco_description/share/marco_description/hook/cmake_prefix_path.ps1'
[2.572s] INFO:colcon.colcon_core.shell:Creating environment descriptor '/home/orangepi/marco_ws/install/marco_description/share/marco_description/hook/cmake_prefix_path.dsv'
[2.575s] INFO:colcon.colcon_core.shell:Creating environment hook '/home/orangepi/marco_ws/install/marco_description/share/marco_description/hook/cmake_prefix_path.sh'
[2.578s] Level 1:colcon.colcon_core.environment:checking '/home/orangepi/marco_ws/install/marco_description/bin'
[2.579s] Level 1:colcon.colcon_core.environment:checking '/home/orangepi/marco_ws/install/marco_description/lib/pkgconfig/marco_description.pc'
[2.580s] Level 1:colcon.colcon_core.environment:checking '/home/orangepi/marco_ws/install/marco_description/lib/python3.10/site-packages'
[2.583s] Level 1:colcon.colcon_core.environment:checking '/home/orangepi/marco_ws/install/marco_description/bin'
[2.585s] INFO:colcon.colcon_core.shell:Creating package script '/home/orangepi/marco_ws/install/marco_description/share/marco_description/package.ps1'
[2.590s] INFO:colcon.colcon_core.shell:Creating package descriptor '/home/orangepi/marco_ws/install/marco_description/share/marco_description/package.dsv'
[2.595s] INFO:colcon.colcon_core.shell:Creating package script '/home/orangepi/marco_ws/install/marco_description/share/marco_description/package.sh'
[2.598s] INFO:colcon.colcon_core.shell:Creating package script '/home/orangepi/marco_ws/install/marco_description/share/marco_description/package.bash'
[2.601s] INFO:colcon.colcon_core.shell:Creating package script '/home/orangepi/marco_ws/install/marco_description/share/marco_description/package.zsh'
[2.604s] Level 1:colcon.colcon_core.environment:create_file_with_runtime_dependencies(/home/orangepi/marco_ws/install/marco_description/share/colcon-core/packages/marco_description)
[2.609s] INFO:colcon.colcon_ros.task.ament_cmake.build:Building ROS package in '/home/orangepi/marco_ws/src/marco_simulation' with build type 'ament_cmake'
[2.611s] INFO:colcon.colcon_cmake.task.cmake.build:Building CMake package in '/home/orangepi/marco_ws/src/marco_simulation'
[2.613s] INFO:colcon.colcon_core.shell:Skip shell extension 'powershell' for command environment: Not usable outside of PowerShell
[2.614s] DEBUG:colcon.colcon_core.shell:Skip shell extension 'dsv' for command environment
[2.639s] DEBUG:colcon.colcon_core.event_handler.log_command:Invoked command in '/home/orangepi/marco_ws/build/marco_navigation' returned '0': CMAKE_PREFIX_PATH=${CMAKE_PREFIX_PATH}:/home/orangepi/marco_ws/install/marco_perception:/home/orangepi/marco_ws/install/marco_mission:/home/orangepi/marco_ws/install/marco_docking:/home/orangepi/marco_ws/install/marco_base:/opt/ros/humble /usr/bin/cmake --build /home/orangepi/marco_ws/build/marco_navigation -- -j8 -l8
[2.644s] DEBUG:colcon.colcon_core.event_handler.log_command:Invoking command in '/home/orangepi/marco_ws/build/marco_navigation': CMAKE_PREFIX_PATH=${CMAKE_PREFIX_PATH}:/home/orangepi/marco_ws/install/marco_perception:/home/orangepi/marco_ws/install/marco_mission:/home/orangepi/marco_ws/install/marco_docking:/home/orangepi/marco_ws/install/marco_base:/opt/ros/humble /usr/bin/cmake --install /home/orangepi/marco_ws/build/marco_navigation
[2.660s] DEBUG:colcon.colcon_core.event_handler.log_command:Invoking command in '/home/orangepi/marco_ws/build/marco_simulation': CMAKE_PREFIX_PATH=${CMAKE_PREFIX_PATH}:/home/orangepi/marco_ws/install/marco_perception:/home/orangepi/marco_ws/install/marco_mission:/home/orangepi/marco_ws/install/marco_docking:/home/orangepi/marco_ws/install/marco_base:/opt/ros/humble /usr/bin/cmake /home/orangepi/marco_ws/src/marco_simulation -DCMAKE_INSTALL_PREFIX=/home/orangepi/marco_ws/install/marco_simulation
[2.724s] Level 1:colcon.colcon_core.environment:create_environment_scripts_only(marco_navigation)
[2.726s] Level 1:colcon.colcon_core.environment:checking '/home/orangepi/marco_ws/install/marco_navigation' for CMake module files
[2.729s] Level 1:colcon.colcon_core.environment:checking '/home/orangepi/marco_ws/install/marco_navigation' for CMake config files
[2.732s] DEBUG:colcon.colcon_core.event_handler.log_command:Invoked command in '/home/orangepi/marco_ws/build/marco_navigation' returned '0': CMAKE_PREFIX_PATH=${CMAKE_PREFIX_PATH}:/home/orangepi/marco_ws/install/marco_perception:/home/orangepi/marco_ws/install/marco_mission:/home/orangepi/marco_ws/install/marco_docking:/home/orangepi/marco_ws/install/marco_base:/opt/ros/humble /usr/bin/cmake --install /home/orangepi/marco_ws/build/marco_navigation
[2.733s] Level 1:colcon.colcon_core.shell:create_environment_hook('marco_navigation', 'cmake_prefix_path')
[2.735s] INFO:colcon.colcon_core.shell:Creating environment hook '/home/orangepi/marco_ws/install/marco_navigation/share/marco_navigation/hook/cmake_prefix_path.ps1'
[2.737s] INFO:colcon.colcon_core.shell:Creating environment descriptor '/home/orangepi/marco_ws/install/marco_navigation/share/marco_navigation/hook/cmake_prefix_path.dsv'
[2.739s] INFO:colcon.colcon_core.shell:Creating environment hook '/home/orangepi/marco_ws/install/marco_navigation/share/marco_navigation/hook/cmake_prefix_path.sh'
[2.742s] Level 1:colcon.colcon_core.environment:checking '/home/orangepi/marco_ws/install/marco_navigation/bin'
[2.742s] Level 1:colcon.colcon_core.environment:checking '/home/orangepi/marco_ws/install/marco_navigation/lib/pkgconfig/marco_navigation.pc'
[2.744s] Level 1:colcon.colcon_core.environment:checking '/home/orangepi/marco_ws/install/marco_navigation/lib/python3.10/site-packages'
[2.746s] Level 1:colcon.colcon_core.environment:checking '/home/orangepi/marco_ws/install/marco_navigation/bin'
[2.748s] INFO:colcon.colcon_core.shell:Creating package script '/home/orangepi/marco_ws/install/marco_navigation/share/marco_navigation/package.ps1'
[2.752s] INFO:colcon.colcon_core.shell:Creating package descriptor '/home/orangepi/marco_ws/install/marco_navigation/share/marco_navigation/package.dsv'
[2.754s] INFO:colcon.colcon_core.shell:Creating package script '/home/orangepi/marco_ws/install/marco_navigation/share/marco_navigation/package.sh'
[2.757s] INFO:colcon.colcon_core.shell:Creating package script '/home/orangepi/marco_ws/install/marco_navigation/share/marco_navigation/package.bash'
[2.761s] INFO:colcon.colcon_core.shell:Creating package script '/home/orangepi/marco_ws/install/marco_navigation/share/marco_navigation/package.zsh'
[2.764s] Level 1:colcon.colcon_core.environment:create_file_with_runtime_dependencies(/home/orangepi/marco_ws/install/marco_navigation/share/colcon-core/packages/marco_navigation)
[2.768s] Level 1:colcon.colcon_core.environment:create_environment_scripts_only(marco_navigation)
[2.769s] Level 1:colcon.colcon_core.environment:checking '/home/orangepi/marco_ws/install/marco_navigation' for CMake module files
[2.772s] Level 1:colcon.colcon_core.environment:checking '/home/orangepi/marco_ws/install/marco_navigation' for CMake config files
[2.774s] Level 1:colcon.colcon_core.shell:create_environment_hook('marco_navigation', 'cmake_prefix_path')
[2.777s] INFO:colcon.colcon_core.shell:Creating environment hook '/home/orangepi/marco_ws/install/marco_navigation/share/marco_navigation/hook/cmake_prefix_path.ps1'
[2.779s] INFO:colcon.colcon_core.shell:Creating environment descriptor '/home/orangepi/marco_ws/install/marco_navigation/share/marco_navigation/hook/cmake_prefix_path.dsv'
[2.782s] INFO:colcon.colcon_core.shell:Creating environment hook '/home/orangepi/marco_ws/install/marco_navigation/share/marco_navigation/hook/cmake_prefix_path.sh'
[2.785s] Level 1:colcon.colcon_core.environment:checking '/home/orangepi/marco_ws/install/marco_navigation/bin'
[2.786s] Level 1:colcon.colcon_core.environment:checking '/home/orangepi/marco_ws/install/marco_navigation/lib/pkgconfig/marco_navigation.pc'
[2.787s] Level 1:colcon.colcon_core.environment:checking '/home/orangepi/marco_ws/install/marco_navigation/lib/python3.10/site-packages'
[2.789s] Level 1:colcon.colcon_core.environment:checking '/home/orangepi/marco_ws/install/marco_navigation/bin'
[2.791s] INFO:colcon.colcon_core.shell:Creating package script '/home/orangepi/marco_ws/install/marco_navigation/share/marco_navigation/package.ps1'
[2.796s] INFO:colcon.colcon_core.shell:Creating package descriptor '/home/orangepi/marco_ws/install/marco_navigation/share/marco_navigation/package.dsv'
[2.800s] INFO:colcon.colcon_core.shell:Creating package script '/home/orangepi/marco_ws/install/marco_navigation/share/marco_navigation/package.sh'
[2.803s] INFO:colcon.colcon_core.shell:Creating package script '/home/orangepi/marco_ws/install/marco_navigation/share/marco_navigation/package.bash'
[2.807s] INFO:colcon.colcon_core.shell:Creating package script '/home/orangepi/marco_ws/install/marco_navigation/share/marco_navigation/package.zsh'
[2.810s] Level 1:colcon.colcon_core.environment:create_file_with_runtime_dependencies(/home/orangepi/marco_ws/install/marco_navigation/share/colcon-core/packages/marco_navigation)
[3.194s] DEBUG:colcon.colcon_core.event_handler.log_command:Invoked command in '/home/orangepi/marco_ws/build/marco_safety' returned '0': CMAKE_PREFIX_PATH=${CMAKE_PREFIX_PATH}:/home/orangepi/marco_ws/install/marco_perception:/home/orangepi/marco_ws/install/marco_mission:/home/orangepi/marco_ws/install/marco_docking:/home/orangepi/marco_ws/install/marco_base:/opt/ros/humble /usr/bin/cmake /home/orangepi/marco_ws/src/marco_safety -DCMAKE_INSTALL_PREFIX=/home/orangepi/marco_ws/install/marco_safety
[3.202s] DEBUG:colcon.colcon_core.event_handler.log_command:Invoking command in '/home/orangepi/marco_ws/build/marco_safety': CMAKE_PREFIX_PATH=${CMAKE_PREFIX_PATH}:/home/orangepi/marco_ws/install/marco_perception:/home/orangepi/marco_ws/install/marco_mission:/home/orangepi/marco_ws/install/marco_docking:/home/orangepi/marco_ws/install/marco_base:/opt/ros/humble /usr/bin/cmake --build /home/orangepi/marco_ws/build/marco_safety -- -j8 -l8
[3.241s] DEBUG:colcon.colcon_core.task.python.build:Available setuptools commands: build, install_lib, build_ext, build_clib, upload_docs, bdist_rpm, test, develop, install_scripts, install_egg_info, easy_install, bdist_egg, bdist_dumb, rotate, alias, build_py, saveopts, install_headers, check, build_scripts, install_data, symlink_data, egg_info, sdist, bdist, bdist_wheel, clean, install, upload, dist_info, setopt, register
[3.244s] DEBUG:colcon.colcon_core.event_handler.log_command:Invoking command in '/home/orangepi/marco_ws/build/marco_base': PYTHONPATH=/home/orangepi/marco_ws/build/marco_base/prefix_override:/usr/lib/python3/dist-packages/colcon_core/task/python/colcon_distutils_commands:/home/orangepi/marco_ws/install/marco_base/lib/python3.10/site-packages:${PYTHONPATH} /usr/bin/python3 -W ignore:setup.py install is deprecated -W ignore:easy_install command is deprecated setup.py develop --uninstall --editable --build-directory /home/orangepi/marco_ws/build/marco_base/build
[3.245s] DEBUG:colcon.colcon_core.task.python.build:Available setuptools commands: build, install_lib, build_ext, build_clib, upload_docs, bdist_rpm, test, develop, install_scripts, install_egg_info, easy_install, bdist_egg, bdist_dumb, rotate, alias, build_py, saveopts, install_headers, check, build_scripts, install_data, symlink_data, egg_info, sdist, bdist, bdist_wheel, clean, install, upload, dist_info, setopt, register
[3.246s] DEBUG:colcon.colcon_core.task.python.build:Available setuptools commands: build, install_lib, build_ext, build_clib, upload_docs, bdist_rpm, test, develop, install_scripts, install_egg_info, easy_install, bdist_egg, bdist_dumb, rotate, alias, build_py, saveopts, install_headers, check, build_scripts, install_data, symlink_data, egg_info, sdist, bdist, bdist_wheel, clean, install, upload, dist_info, setopt, register
[3.247s] DEBUG:colcon.colcon_core.event_handler.log_command:Invoking command in '/home/orangepi/marco_ws/build/marco_perception': PYTHONPATH=/home/orangepi/marco_ws/build/marco_perception/prefix_override:/usr/lib/python3/dist-packages/colcon_core/task/python/colcon_distutils_commands:/home/orangepi/marco_ws/install/marco_perception/lib/python3.10/site-packages:${PYTHONPATH} /usr/bin/python3 -W ignore:setup.py install is deprecated -W ignore:easy_install command is deprecated setup.py develop --uninstall --editable --build-directory /home/orangepi/marco_ws/build/marco_perception/build
[3.249s] DEBUG:colcon.colcon_core.task.python.build:Available setuptools commands: build, install_lib, build_ext, build_clib, upload_docs, bdist_rpm, test, develop, install_scripts, install_egg_info, easy_install, bdist_egg, bdist_dumb, rotate, alias, build_py, saveopts, install_headers, check, build_scripts, install_data, symlink_data, egg_info, sdist, bdist, bdist_wheel, clean, install, upload, dist_info, setopt, register
[3.252s] DEBUG:colcon.colcon_core.event_handler.log_command:Invoking command in '/home/orangepi/marco_ws/build/marco_mission': PYTHONPATH=/home/orangepi/marco_ws/build/marco_mission/prefix_override:/usr/lib/python3/dist-packages/colcon_core/task/python/colcon_distutils_commands:/home/orangepi/marco_ws/install/marco_mission/lib/python3.10/site-packages:${PYTHONPATH} /usr/bin/python3 -W ignore:setup.py install is deprecated -W ignore:easy_install command is deprecated setup.py develop --uninstall --editable --build-directory /home/orangepi/marco_ws/build/marco_mission/build
[3.254s] DEBUG:colcon.colcon_core.event_handler.log_command:Invoking command in '/home/orangepi/marco_ws/build/marco_docking': PYTHONPATH=/home/orangepi/marco_ws/build/marco_docking/prefix_override:/usr/lib/python3/dist-packages/colcon_core/task/python/colcon_distutils_commands:/home/orangepi/marco_ws/install/marco_docking/lib/python3.10/site-packages:${PYTHONPATH} /usr/bin/python3 -W ignore:setup.py install is deprecated -W ignore:easy_install command is deprecated setup.py develop --uninstall --editable --build-directory /home/orangepi/marco_ws/build/marco_docking/build
[3.347s] DEBUG:colcon.colcon_core.event_handler.log_command:Invoked command in '/home/orangepi/marco_ws/build/marco_safety' returned '0': CMAKE_PREFIX_PATH=${CMAKE_PREFIX_PATH}:/home/orangepi/marco_ws/install/marco_perception:/home/orangepi/marco_ws/install/marco_mission:/home/orangepi/marco_ws/install/marco_docking:/home/orangepi/marco_ws/install/marco_base:/opt/ros/humble /usr/bin/cmake --build /home/orangepi/marco_ws/build/marco_safety -- -j8 -l8
[3.357s] DEBUG:colcon.colcon_core.event_handler.log_command:Invoking command in '/home/orangepi/marco_ws/build/marco_safety': CMAKE_PREFIX_PATH=${CMAKE_PREFIX_PATH}:/home/orangepi/marco_ws/install/marco_perception:/home/orangepi/marco_ws/install/marco_mission:/home/orangepi/marco_ws/install/marco_docking:/home/orangepi/marco_ws/install/marco_base:/opt/ros/humble /usr/bin/cmake --install /home/orangepi/marco_ws/build/marco_safety
[3.407s] DEBUG:colcon.colcon_core.event_handler.log_command:Invoked command in '/home/orangepi/marco_ws/build/marco_simulation' returned '0': CMAKE_PREFIX_PATH=${CMAKE_PREFIX_PATH}:/home/orangepi/marco_ws/install/marco_perception:/home/orangepi/marco_ws/install/marco_mission:/home/orangepi/marco_ws/install/marco_docking:/home/orangepi/marco_ws/install/marco_base:/opt/ros/humble /usr/bin/cmake /home/orangepi/marco_ws/src/marco_simulation -DCMAKE_INSTALL_PREFIX=/home/orangepi/marco_ws/install/marco_simulation
[3.413s] DEBUG:colcon.colcon_core.event_handler.log_command:Invoking command in '/home/orangepi/marco_ws/build/marco_simulation': CMAKE_PREFIX_PATH=${CMAKE_PREFIX_PATH}:/home/orangepi/marco_ws/install/marco_perception:/home/orangepi/marco_ws/install/marco_mission:/home/orangepi/marco_ws/install/marco_docking:/home/orangepi/marco_ws/install/marco_base:/opt/ros/humble /usr/bin/cmake --build /home/orangepi/marco_ws/build/marco_simulation -- -j8 -l8
[3.433s] Level 1:colcon.colcon_core.environment:create_environment_scripts_only(marco_safety)
[3.435s] Level 1:colcon.colcon_core.environment:checking '/home/orangepi/marco_ws/install/marco_safety' for CMake module files
[3.437s] DEBUG:colcon.colcon_core.event_handler.log_command:Invoked command in '/home/orangepi/marco_ws/build/marco_safety' returned '0': CMAKE_PREFIX_PATH=${CMAKE_PREFIX_PATH}:/home/orangepi/marco_ws/install/marco_perception:/home/orangepi/marco_ws/install/marco_mission:/home/orangepi/marco_ws/install/marco_docking:/home/orangepi/marco_ws/install/marco_base:/opt/ros/humble /usr/bin/cmake --install /home/orangepi/marco_ws/build/marco_safety
[3.439s] Level 1:colcon.colcon_core.environment:checking '/home/orangepi/marco_ws/install/marco_safety' for CMake config files
[3.440s] Level 1:colcon.colcon_core.shell:create_environment_hook('marco_safety', 'cmake_prefix_path')
[3.442s] INFO:colcon.colcon_core.shell:Creating environment hook '/home/orangepi/marco_ws/install/marco_safety/share/marco_safety/hook/cmake_prefix_path.ps1'
[3.444s] INFO:colcon.colcon_core.shell:Creating environment descriptor '/home/orangepi/marco_ws/install/marco_safety/share/marco_safety/hook/cmake_prefix_path.dsv'
[3.450s] INFO:colcon.colcon_core.shell:Creating environment hook '/home/orangepi/marco_ws/install/marco_safety/share/marco_safety/hook/cmake_prefix_path.sh'
[3.454s] Level 1:colcon.colcon_core.environment:checking '/home/orangepi/marco_ws/install/marco_safety/bin'
[3.455s] Level 1:colcon.colcon_core.environment:checking '/home/orangepi/marco_ws/install/marco_safety/lib/pkgconfig/marco_safety.pc'
[3.456s] Level 1:colcon.colcon_core.environment:checking '/home/orangepi/marco_ws/install/marco_safety/lib/python3.10/site-packages'
[3.459s] Level 1:colcon.colcon_core.environment:checking '/home/orangepi/marco_ws/install/marco_safety/bin'
[3.461s] INFO:colcon.colcon_core.shell:Creating package script '/home/orangepi/marco_ws/install/marco_safety/share/marco_safety/package.ps1'
[3.464s] INFO:colcon.colcon_core.shell:Creating package descriptor '/home/orangepi/marco_ws/install/marco_safety/share/marco_safety/package.dsv'
[3.466s] INFO:colcon.colcon_core.shell:Creating package script '/home/orangepi/marco_ws/install/marco_safety/share/marco_safety/package.sh'
[3.467s] INFO:colcon.colcon_core.shell:Creating package script '/home/orangepi/marco_ws/install/marco_safety/share/marco_safety/package.bash'
[3.469s] INFO:colcon.colcon_core.shell:Creating package script '/home/orangepi/marco_ws/install/marco_safety/share/marco_safety/package.zsh'
[3.471s] Level 1:colcon.colcon_core.environment:create_file_with_runtime_dependencies(/home/orangepi/marco_ws/install/marco_safety/share/colcon-core/packages/marco_safety)
[3.473s] Level 1:colcon.colcon_core.environment:create_environment_scripts_only(marco_safety)
[3.474s] Level 1:colcon.colcon_core.environment:checking '/home/orangepi/marco_ws/install/marco_safety' for CMake module files
[3.477s] Level 1:colcon.colcon_core.environment:checking '/home/orangepi/marco_ws/install/marco_safety' for CMake config files
[3.478s] Level 1:colcon.colcon_core.shell:create_environment_hook('marco_safety', 'cmake_prefix_path')
[3.479s] INFO:colcon.colcon_core.shell:Creating environment hook '/home/orangepi/marco_ws/install/marco_safety/share/marco_safety/hook/cmake_prefix_path.ps1'
[3.481s] INFO:colcon.colcon_core.shell:Creating environment descriptor '/home/orangepi/marco_ws/install/marco_safety/share/marco_safety/hook/cmake_prefix_path.dsv'
[3.483s] INFO:colcon.colcon_core.shell:Creating environment hook '/home/orangepi/marco_ws/install/marco_safety/share/marco_safety/hook/cmake_prefix_path.sh'
[3.486s] Level 1:colcon.colcon_core.environment:checking '/home/orangepi/marco_ws/install/marco_safety/bin'
[3.486s] Level 1:colcon.colcon_core.environment:checking '/home/orangepi/marco_ws/install/marco_safety/lib/pkgconfig/marco_safety.pc'
[3.487s] Level 1:colcon.colcon_core.environment:checking '/home/orangepi/marco_ws/install/marco_safety/lib/python3.10/site-packages'
[3.489s] Level 1:colcon.colcon_core.environment:checking '/home/orangepi/marco_ws/install/marco_safety/bin'
[3.491s] INFO:colcon.colcon_core.shell:Creating package script '/home/orangepi/marco_ws/install/marco_safety/share/marco_safety/package.ps1'
[3.494s] INFO:colcon.colcon_core.shell:Creating package descriptor '/home/orangepi/marco_ws/install/marco_safety/share/marco_safety/package.dsv'
[3.497s] INFO:colcon.colcon_core.shell:Creating package script '/home/orangepi/marco_ws/install/marco_safety/share/marco_safety/package.sh'
[3.499s] INFO:colcon.colcon_core.shell:Creating package script '/home/orangepi/marco_ws/install/marco_safety/share/marco_safety/package.bash'
[3.501s] INFO:colcon.colcon_core.shell:Creating package script '/home/orangepi/marco_ws/install/marco_safety/share/marco_safety/package.zsh'
[3.503s] Level 1:colcon.colcon_core.environment:create_file_with_runtime_dependencies(/home/orangepi/marco_ws/install/marco_safety/share/colcon-core/packages/marco_safety)
[3.543s] DEBUG:colcon.colcon_core.event_handler.log_command:Invoked command in '/home/orangepi/marco_ws/build/marco_simulation' returned '0': CMAKE_PREFIX_PATH=${CMAKE_PREFIX_PATH}:/home/orangepi/marco_ws/install/marco_perception:/home/orangepi/marco_ws/install/marco_mission:/home/orangepi/marco_ws/install/marco_docking:/home/orangepi/marco_ws/install/marco_base:/opt/ros/humble /usr/bin/cmake --build /home/orangepi/marco_ws/build/marco_simulation -- -j8 -l8
[3.549s] DEBUG:colcon.colcon_core.event_handler.log_command:Invoking command in '/home/orangepi/marco_ws/build/marco_simulation': CMAKE_PREFIX_PATH=${CMAKE_PREFIX_PATH}:/home/orangepi/marco_ws/install/marco_perception:/home/orangepi/marco_ws/install/marco_mission:/home/orangepi/marco_ws/install/marco_docking:/home/orangepi/marco_ws/install/marco_base:/opt/ros/humble /usr/bin/cmake --install /home/orangepi/marco_ws/build/marco_simulation
[3.631s] Level 1:colcon.colcon_core.environment:create_environment_scripts_only(marco_simulation)
[3.633s] Level 1:colcon.colcon_core.environment:checking '/home/orangepi/marco_ws/install/marco_simulation' for CMake module files
[3.635s] DEBUG:colcon.colcon_core.event_handler.log_command:Invoked command in '/home/orangepi/marco_ws/build/marco_simulation' returned '0': CMAKE_PREFIX_PATH=${CMAKE_PREFIX_PATH}:/home/orangepi/marco_ws/install/marco_perception:/home/orangepi/marco_ws/install/marco_mission:/home/orangepi/marco_ws/install/marco_docking:/home/orangepi/marco_ws/install/marco_base:/opt/ros/humble /usr/bin/cmake --install /home/orangepi/marco_ws/build/marco_simulation
[3.637s] Level 1:colcon.colcon_core.environment:checking '/home/orangepi/marco_ws/install/marco_simulation' for CMake config files
[3.638s] Level 1:colcon.colcon_core.shell:create_environment_hook('marco_simulation', 'cmake_prefix_path')
[3.639s] INFO:colcon.colcon_core.shell:Creating environment hook '/home/orangepi/marco_ws/install/marco_simulation/share/marco_simulation/hook/cmake_prefix_path.ps1'
[3.641s] INFO:colcon.colcon_core.shell:Creating environment descriptor '/home/orangepi/marco_ws/install/marco_simulation/share/marco_simulation/hook/cmake_prefix_path.dsv'
[3.643s] INFO:colcon.colcon_core.shell:Creating environment hook '/home/orangepi/marco_ws/install/marco_simulation/share/marco_simulation/hook/cmake_prefix_path.sh'
[3.645s] Level 1:colcon.colcon_core.environment:checking '/home/orangepi/marco_ws/install/marco_simulation/bin'
[3.646s] Level 1:colcon.colcon_core.environment:checking '/home/orangepi/marco_ws/install/marco_simulation/lib/pkgconfig/marco_simulation.pc'
[3.647s] Level 1:colcon.colcon_core.environment:checking '/home/orangepi/marco_ws/install/marco_simulation/lib/python3.10/site-packages'
[3.649s] Level 1:colcon.colcon_core.environment:checking '/home/orangepi/marco_ws/install/marco_simulation/bin'
[3.651s] INFO:colcon.colcon_core.shell:Creating package script '/home/orangepi/marco_ws/install/marco_simulation/share/marco_simulation/package.ps1'
[3.655s] INFO:colcon.colcon_core.shell:Creating package descriptor '/home/orangepi/marco_ws/install/marco_simulation/share/marco_simulation/package.dsv'
[3.657s] INFO:colcon.colcon_core.shell:Creating package script '/home/orangepi/marco_ws/install/marco_simulation/share/marco_simulation/package.sh'
[3.659s] INFO:colcon.colcon_core.shell:Creating package script '/home/orangepi/marco_ws/install/marco_simulation/share/marco_simulation/package.bash'
[3.662s] INFO:colcon.colcon_core.shell:Creating package script '/home/orangepi/marco_ws/install/marco_simulation/share/marco_simulation/package.zsh'
[3.663s] Level 1:colcon.colcon_core.environment:create_file_with_runtime_dependencies(/home/orangepi/marco_ws/install/marco_simulation/share/colcon-core/packages/marco_simulation)
[3.666s] Level 1:colcon.colcon_core.environment:create_environment_scripts_only(marco_simulation)
[3.667s] Level 1:colcon.colcon_core.environment:checking '/home/orangepi/marco_ws/install/marco_simulation' for CMake module files
[3.670s] Level 1:colcon.colcon_core.environment:checking '/home/orangepi/marco_ws/install/marco_simulation' for CMake config files
[3.671s] Level 1:colcon.colcon_core.shell:create_environment_hook('marco_simulation', 'cmake_prefix_path')
[3.672s] INFO:colcon.colcon_core.shell:Creating environment hook '/home/orangepi/marco_ws/install/marco_simulation/share/marco_simulation/hook/cmake_prefix_path.ps1'
[3.674s] INFO:colcon.colcon_core.shell:Creating environment descriptor '/home/orangepi/marco_ws/install/marco_simulation/share/marco_simulation/hook/cmake_prefix_path.dsv'
[3.676s] INFO:colcon.colcon_core.shell:Creating environment hook '/home/orangepi/marco_ws/install/marco_simulation/share/marco_simulation/hook/cmake_prefix_path.sh'
[3.679s] Level 1:colcon.colcon_core.environment:checking '/home/orangepi/marco_ws/install/marco_simulation/bin'
[3.679s] Level 1:colcon.colcon_core.environment:checking '/home/orangepi/marco_ws/install/marco_simulation/lib/pkgconfig/marco_simulation.pc'
[3.680s] Level 1:colcon.colcon_core.environment:checking '/home/orangepi/marco_ws/install/marco_simulation/lib/python3.10/site-packages'
[3.682s] Level 1:colcon.colcon_core.environment:checking '/home/orangepi/marco_ws/install/marco_simulation/bin'
[3.683s] INFO:colcon.colcon_core.shell:Creating package script '/home/orangepi/marco_ws/install/marco_simulation/share/marco_simulation/package.ps1'
[3.687s] INFO:colcon.colcon_core.shell:Creating package descriptor '/home/orangepi/marco_ws/install/marco_simulation/share/marco_simulation/package.dsv'
[3.689s] INFO:colcon.colcon_core.shell:Creating package script '/home/orangepi/marco_ws/install/marco_simulation/share/marco_simulation/package.sh'
[3.691s] INFO:colcon.colcon_core.shell:Creating package script '/home/orangepi/marco_ws/install/marco_simulation/share/marco_simulation/package.bash'
[3.693s] INFO:colcon.colcon_core.shell:Creating package script '/home/orangepi/marco_ws/install/marco_simulation/share/marco_simulation/package.zsh'
[3.695s] Level 1:colcon.colcon_core.environment:create_file_with_runtime_dependencies(/home/orangepi/marco_ws/install/marco_simulation/share/colcon-core/packages/marco_simulation)
[3.930s] DEBUG:colcon.colcon_core.event_handler.log_command:Invoked command in '/home/orangepi/marco_ws/build/marco_docking' returned '0': PYTHONPATH=/home/orangepi/marco_ws/build/marco_docking/prefix_override:/usr/lib/python3/dist-packages/colcon_core/task/python/colcon_distutils_commands:/home/orangepi/marco_ws/install/marco_docking/lib/python3.10/site-packages:${PYTHONPATH} /usr/bin/python3 -W ignore:setup.py install is deprecated -W ignore:easy_install command is deprecated setup.py develop --uninstall --editable --build-directory /home/orangepi/marco_ws/build/marco_docking/build
[3.937s] DEBUG:colcon.colcon_core.event_handler.log_command:Invoking command in '/home/orangepi/marco_ws/src/marco_docking': PYTHONPATH=/home/orangepi/marco_ws/build/marco_docking/prefix_override:/usr/lib/python3/dist-packages/colcon_core/task/python/colcon_distutils_commands:/home/orangepi/marco_ws/install/marco_docking/lib/python3.10/site-packages:${PYTHONPATH} /usr/bin/python3 -W ignore:setup.py install is deprecated -W ignore:easy_install command is deprecated setup.py egg_info --egg-base ../../build/marco_docking build --build-base /home/orangepi/marco_ws/build/marco_docking/build install --record /home/orangepi/marco_ws/build/marco_docking/install.log --install-scripts $base/lib/marco_docking --single-version-externally-managed install_data --force
[3.939s] DEBUG:colcon.colcon_core.event_handler.log_command:Invoked command in '/home/orangepi/marco_ws/build/marco_base' returned '0': PYTHONPATH=/home/orangepi/marco_ws/build/marco_base/prefix_override:/usr/lib/python3/dist-packages/colcon_core/task/python/colcon_distutils_commands:/home/orangepi/marco_ws/install/marco_base/lib/python3.10/site-packages:${PYTHONPATH} /usr/bin/python3 -W ignore:setup.py install is deprecated -W ignore:easy_install command is deprecated setup.py develop --uninstall --editable --build-directory /home/orangepi/marco_ws/build/marco_base/build
[3.946s] DEBUG:colcon.colcon_core.event_handler.log_command:Invoking command in '/home/orangepi/marco_ws/src/marco_base': PYTHONPATH=/home/orangepi/marco_ws/build/marco_base/prefix_override:/usr/lib/python3/dist-packages/colcon_core/task/python/colcon_distutils_commands:/home/orangepi/marco_ws/install/marco_base/lib/python3.10/site-packages:${PYTHONPATH} /usr/bin/python3 -W ignore:setup.py install is deprecated -W ignore:easy_install command is deprecated setup.py egg_info --egg-base ../../build/marco_base build --build-base /home/orangepi/marco_ws/build/marco_base/build install --record /home/orangepi/marco_ws/build/marco_base/install.log --install-scripts $base/lib/marco_base --single-version-externally-managed install_data --force
[3.949s] DEBUG:colcon.colcon_core.event_handler.log_command:Invoked command in '/home/orangepi/marco_ws/build/marco_perception' returned '0': PYTHONPATH=/home/orangepi/marco_ws/build/marco_perception/prefix_override:/usr/lib/python3/dist-packages/colcon_core/task/python/colcon_distutils_commands:/home/orangepi/marco_ws/install/marco_perception/lib/python3.10/site-packages:${PYTHONPATH} /usr/bin/python3 -W ignore:setup.py install is deprecated -W ignore:easy_install command is deprecated setup.py develop --uninstall --editable --build-directory /home/orangepi/marco_ws/build/marco_perception/build
[3.955s] DEBUG:colcon.colcon_core.event_handler.log_command:Invoking command in '/home/orangepi/marco_ws/src/marco_perception': PYTHONPATH=/home/orangepi/marco_ws/build/marco_perception/prefix_override:/usr/lib/python3/dist-packages/colcon_core/task/python/colcon_distutils_commands:/home/orangepi/marco_ws/install/marco_perception/lib/python3.10/site-packages:${PYTHONPATH} /usr/bin/python3 -W ignore:setup.py install is deprecated -W ignore:easy_install command is deprecated setup.py egg_info --egg-base ../../build/marco_perception build --build-base /home/orangepi/marco_ws/build/marco_perception/build install --record /home/orangepi/marco_ws/build/marco_perception/install.log --install-scripts $base/lib/marco_perception --single-version-externally-managed install_data --force
[3.959s] DEBUG:colcon.colcon_core.event_handler.log_command:Invoked command in '/home/orangepi/marco_ws/build/marco_mission' returned '0': PYTHONPATH=/home/orangepi/marco_ws/build/marco_mission/prefix_override:/usr/lib/python3/dist-packages/colcon_core/task/python/colcon_distutils_commands:/home/orangepi/marco_ws/install/marco_mission/lib/python3.10/site-packages:${PYTHONPATH} /usr/bin/python3 -W ignore:setup.py install is deprecated -W ignore:easy_install command is deprecated setup.py develop --uninstall --editable --build-directory /home/orangepi/marco_ws/build/marco_mission/build
[3.965s] DEBUG:colcon.colcon_core.event_handler.log_command:Invoking command in '/home/orangepi/marco_ws/src/marco_mission': PYTHONPATH=/home/orangepi/marco_ws/build/marco_mission/prefix_override:/usr/lib/python3/dist-packages/colcon_core/task/python/colcon_distutils_commands:/home/orangepi/marco_ws/install/marco_mission/lib/python3.10/site-packages:${PYTHONPATH} /usr/bin/python3 -W ignore:setup.py install is deprecated -W ignore:easy_install command is deprecated setup.py egg_info --egg-base ../../build/marco_mission build --build-base /home/orangepi/marco_ws/build/marco_mission/build install --record /home/orangepi/marco_ws/build/marco_mission/install.log --install-scripts $base/lib/marco_mission --single-version-externally-managed install_data --force
[4.452s] Level 1:colcon.colcon_core.environment:checking '/home/orangepi/marco_ws/install/marco_docking' for CMake module files
[4.455s] DEBUG:colcon.colcon_core.event_handler.log_command:Invoked command in '/home/orangepi/marco_ws/src/marco_docking' returned '0': PYTHONPATH=/home/orangepi/marco_ws/build/marco_docking/prefix_override:/usr/lib/python3/dist-packages/colcon_core/task/python/colcon_distutils_commands:/home/orangepi/marco_ws/install/marco_docking/lib/python3.10/site-packages:${PYTHONPATH} /usr/bin/python3 -W ignore:setup.py install is deprecated -W ignore:easy_install command is deprecated setup.py egg_info --egg-base ../../build/marco_docking build --build-base /home/orangepi/marco_ws/build/marco_docking/build install --record /home/orangepi/marco_ws/build/marco_docking/install.log --install-scripts $base/lib/marco_docking --single-version-externally-managed install_data --force
[4.457s] Level 1:colcon.colcon_core.environment:checking '/home/orangepi/marco_ws/install/marco_docking' for CMake config files
[4.459s] Level 1:colcon.colcon_core.environment:checking '/home/orangepi/marco_ws/install/marco_docking/lib'
[4.461s] Level 1:colcon.colcon_core.environment:checking '/home/orangepi/marco_ws/install/marco_docking/bin'
[4.461s] Level 1:colcon.colcon_core.environment:checking '/home/orangepi/marco_ws/install/marco_docking/lib/pkgconfig/marco_docking.pc'
[4.462s] Level 1:colcon.colcon_core.environment:checking '/home/orangepi/marco_ws/install/marco_docking/lib/python3.10/site-packages'
[4.462s] Level 1:colcon.colcon_core.shell:create_environment_hook('marco_docking', 'pythonpath')
[4.464s] INFO:colcon.colcon_core.shell:Creating environment hook '/home/orangepi/marco_ws/install/marco_docking/share/marco_docking/hook/pythonpath.ps1'
[4.466s] INFO:colcon.colcon_core.shell:Creating environment descriptor '/home/orangepi/marco_ws/install/marco_docking/share/marco_docking/hook/pythonpath.dsv'
[4.468s] INFO:colcon.colcon_core.shell:Creating environment hook '/home/orangepi/marco_ws/install/marco_docking/share/marco_docking/hook/pythonpath.sh'
[4.472s] Level 1:colcon.colcon_core.environment:checking '/home/orangepi/marco_ws/install/marco_docking/bin'
[4.473s] Level 1:colcon.colcon_core.environment:create_environment_scripts_only(marco_docking)
[4.474s] INFO:colcon.colcon_core.shell:Creating package script '/home/orangepi/marco_ws/install/marco_docking/share/marco_docking/package.ps1'
[4.478s] INFO:colcon.colcon_core.shell:Creating package descriptor '/home/orangepi/marco_ws/install/marco_docking/share/marco_docking/package.dsv'
[4.479s] INFO:colcon.colcon_core.shell:Creating package script '/home/orangepi/marco_ws/install/marco_docking/share/marco_docking/package.sh'
[4.481s] INFO:colcon.colcon_core.shell:Creating package script '/home/orangepi/marco_ws/install/marco_docking/share/marco_docking/package.bash'
[4.483s] INFO:colcon.colcon_core.shell:Creating package script '/home/orangepi/marco_ws/install/marco_docking/share/marco_docking/package.zsh'
[4.485s] Level 1:colcon.colcon_core.environment:create_file_with_runtime_dependencies(/home/orangepi/marco_ws/install/marco_docking/share/colcon-core/packages/marco_docking)
[4.491s] Level 1:colcon.colcon_core.environment:checking '/home/orangepi/marco_ws/install/marco_perception' for CMake module files
[4.493s] DEBUG:colcon.colcon_core.event_handler.log_command:Invoked command in '/home/orangepi/marco_ws/src/marco_perception' returned '0': PYTHONPATH=/home/orangepi/marco_ws/build/marco_perception/prefix_override:/usr/lib/python3/dist-packages/colcon_core/task/python/colcon_distutils_commands:/home/orangepi/marco_ws/install/marco_perception/lib/python3.10/site-packages:${PYTHONPATH} /usr/bin/python3 -W ignore:setup.py install is deprecated -W ignore:easy_install command is deprecated setup.py egg_info --egg-base ../../build/marco_perception build --build-base /home/orangepi/marco_ws/build/marco_perception/build install --record /home/orangepi/marco_ws/build/marco_perception/install.log --install-scripts $base/lib/marco_perception --single-version-externally-managed install_data --force
[4.494s] Level 1:colcon.colcon_core.environment:checking '/home/orangepi/marco_ws/install/marco_perception' for CMake config files
[4.496s] Level 1:colcon.colcon_core.environment:checking '/home/orangepi/marco_ws/install/marco_perception/lib'
[4.496s] Level 1:colcon.colcon_core.environment:checking '/home/orangepi/marco_ws/install/marco_perception/bin'
[4.496s] Level 1:colcon.colcon_core.environment:checking '/home/orangepi/marco_ws/install/marco_perception/lib/pkgconfig/marco_perception.pc'
[4.497s] Level 1:colcon.colcon_core.environment:checking '/home/orangepi/marco_ws/install/marco_perception/lib/python3.10/site-packages'
[4.498s] Level 1:colcon.colcon_core.shell:create_environment_hook('marco_perception', 'pythonpath')
[4.499s] INFO:colcon.colcon_core.shell:Creating environment hook '/home/orangepi/marco_ws/install/marco_perception/share/marco_perception/hook/pythonpath.ps1'
[4.500s] INFO:colcon.colcon_core.shell:Creating environment descriptor '/home/orangepi/marco_ws/install/marco_perception/share/marco_perception/hook/pythonpath.dsv'
[4.502s] INFO:colcon.colcon_core.shell:Creating environment hook '/home/orangepi/marco_ws/install/marco_perception/share/marco_perception/hook/pythonpath.sh'
[4.505s] Level 1:colcon.colcon_core.environment:checking '/home/orangepi/marco_ws/install/marco_perception/bin'
[4.505s] Level 1:colcon.colcon_core.environment:create_environment_scripts_only(marco_perception)
[4.507s] INFO:colcon.colcon_core.shell:Creating package script '/home/orangepi/marco_ws/install/marco_perception/share/marco_perception/package.ps1'
[4.510s] INFO:colcon.colcon_core.shell:Creating package descriptor '/home/orangepi/marco_ws/install/marco_perception/share/marco_perception/package.dsv'
[4.511s] INFO:colcon.colcon_core.shell:Creating package script '/home/orangepi/marco_ws/install/marco_perception/share/marco_perception/package.sh'
[4.513s] INFO:colcon.colcon_core.shell:Creating package script '/home/orangepi/marco_ws/install/marco_perception/share/marco_perception/package.bash'
[4.515s] INFO:colcon.colcon_core.shell:Creating package script '/home/orangepi/marco_ws/install/marco_perception/share/marco_perception/package.zsh'
[4.516s] Level 1:colcon.colcon_core.environment:create_file_with_runtime_dependencies(/home/orangepi/marco_ws/install/marco_perception/share/colcon-core/packages/marco_perception)
[4.517s] Level 1:colcon.colcon_core.environment:checking '/home/orangepi/marco_ws/install/marco_base' for CMake module files
[4.519s] Level 1:colcon.colcon_core.environment:checking '/home/orangepi/marco_ws/install/marco_base' for CMake config files
[4.520s] DEBUG:colcon.colcon_core.event_handler.log_command:Invoked command in '/home/orangepi/marco_ws/src/marco_base' returned '0': PYTHONPATH=/home/orangepi/marco_ws/build/marco_base/prefix_override:/usr/lib/python3/dist-packages/colcon_core/task/python/colcon_distutils_commands:/home/orangepi/marco_ws/install/marco_base/lib/python3.10/site-packages:${PYTHONPATH} /usr/bin/python3 -W ignore:setup.py install is deprecated -W ignore:easy_install command is deprecated setup.py egg_info --egg-base ../../build/marco_base build --build-base /home/orangepi/marco_ws/build/marco_base/build install --record /home/orangepi/marco_ws/build/marco_base/install.log --install-scripts $base/lib/marco_base --single-version-externally-managed install_data --force
[4.522s] Level 1:colcon.colcon_core.environment:checking '/home/orangepi/marco_ws/install/marco_base/lib'
[4.523s] Level 1:colcon.colcon_core.environment:checking '/home/orangepi/marco_ws/install/marco_base/bin'
[4.523s] Level 1:colcon.colcon_core.environment:checking '/home/orangepi/marco_ws/install/marco_base/lib/pkgconfig/marco_base.pc'
[4.524s] Level 1:colcon.colcon_core.environment:checking '/home/orangepi/marco_ws/install/marco_base/lib/python3.10/site-packages'
[4.524s] Level 1:colcon.colcon_core.shell:create_environment_hook('marco_base', 'pythonpath')
[4.525s] INFO:colcon.colcon_core.shell:Creating environment hook '/home/orangepi/marco_ws/install/marco_base/share/marco_base/hook/pythonpath.ps1'
[4.527s] INFO:colcon.colcon_core.shell:Creating environment descriptor '/home/orangepi/marco_ws/install/marco_base/share/marco_base/hook/pythonpath.dsv'
[4.528s] INFO:colcon.colcon_core.shell:Creating environment hook '/home/orangepi/marco_ws/install/marco_base/share/marco_base/hook/pythonpath.sh'
[4.531s] Level 1:colcon.colcon_core.environment:checking '/home/orangepi/marco_ws/install/marco_base/bin'
[4.532s] Level 1:colcon.colcon_core.environment:create_environment_scripts_only(marco_base)
[4.533s] INFO:colcon.colcon_core.shell:Creating package script '/home/orangepi/marco_ws/install/marco_base/share/marco_base/package.ps1'
[4.536s] INFO:colcon.colcon_core.shell:Creating package descriptor '/home/orangepi/marco_ws/install/marco_base/share/marco_base/package.dsv'
[4.538s] INFO:colcon.colcon_core.shell:Creating package script '/home/orangepi/marco_ws/install/marco_base/share/marco_base/package.sh'
[4.540s] INFO:colcon.colcon_core.shell:Creating package script '/home/orangepi/marco_ws/install/marco_base/share/marco_base/package.bash'
[4.540s] INFO:colcon.colcon_core.shell:Creating package script '/home/orangepi/marco_ws/install/marco_base/share/marco_base/package.zsh'
[4.541s] Level 1:colcon.colcon_core.environment:create_file_with_runtime_dependencies(/home/orangepi/marco_ws/install/marco_base/share/colcon-core/packages/marco_base)
[4.544s] Level 1:colcon.colcon_core.environment:checking '/home/orangepi/marco_ws/install/marco_mission' for CMake module files
[4.546s] Level 1:colcon.colcon_core.environment:checking '/home/orangepi/marco_ws/install/marco_mission' for CMake config files
[4.547s] DEBUG:colcon.colcon_core.event_handler.log_command:Invoked command in '/home/orangepi/marco_ws/src/marco_mission' returned '0': PYTHONPATH=/home/orangepi/marco_ws/build/marco_mission/prefix_override:/usr/lib/python3/dist-packages/colcon_core/task/python/colcon_distutils_commands:/home/orangepi/marco_ws/install/marco_mission/lib/python3.10/site-packages:${PYTHONPATH} /usr/bin/python3 -W ignore:setup.py install is deprecated -W ignore:easy_install command is deprecated setup.py egg_info --egg-base ../../build/marco_mission build --build-base /home/orangepi/marco_ws/build/marco_mission/build install --record /home/orangepi/marco_ws/build/marco_mission/install.log --install-scripts $base/lib/marco_mission --single-version-externally-managed install_data --force
[4.548s] Level 1:colcon.colcon_core.environment:checking '/home/orangepi/marco_ws/install/marco_mission/lib'
[4.548s] Level 1:colcon.colcon_core.environment:checking '/home/orangepi/marco_ws/install/marco_mission/bin'
[4.548s] Level 1:colcon.colcon_core.environment:checking '/home/orangepi/marco_ws/install/marco_mission/lib/pkgconfig/marco_mission.pc'
[4.548s] Level 1:colcon.colcon_core.environment:checking '/home/orangepi/marco_ws/install/marco_mission/lib/python3.10/site-packages'
[4.548s] Level 1:colcon.colcon_core.shell:create_environment_hook('marco_mission', 'pythonpath')
[4.549s] INFO:colcon.colcon_core.shell:Creating environment hook '/home/orangepi/marco_ws/install/marco_mission/share/marco_mission/hook/pythonpath.ps1'
[4.549s] INFO:colcon.colcon_core.shell:Creating environment descriptor '/home/orangepi/marco_ws/install/marco_mission/share/marco_mission/hook/pythonpath.dsv'
[4.550s] INFO:colcon.colcon_core.shell:Creating environment hook '/home/orangepi/marco_ws/install/marco_mission/share/marco_mission/hook/pythonpath.sh'
[4.551s] Level 1:colcon.colcon_core.environment:checking '/home/orangepi/marco_ws/install/marco_mission/bin'
[4.552s] Level 1:colcon.colcon_core.environment:create_environment_scripts_only(marco_mission)
[4.552s] INFO:colcon.colcon_core.shell:Creating package script '/home/orangepi/marco_ws/install/marco_mission/share/marco_mission/package.ps1'
[4.553s] INFO:colcon.colcon_core.shell:Creating package descriptor '/home/orangepi/marco_ws/install/marco_mission/share/marco_mission/package.dsv'
[4.554s] INFO:colcon.colcon_core.shell:Creating package script '/home/orangepi/marco_ws/install/marco_mission/share/marco_mission/package.sh'
[4.555s] INFO:colcon.colcon_core.shell:Creating package script '/home/orangepi/marco_ws/install/marco_mission/share/marco_mission/package.bash'
[4.555s] INFO:colcon.colcon_core.shell:Creating package script '/home/orangepi/marco_ws/install/marco_mission/share/marco_mission/package.zsh'
[4.556s] Level 1:colcon.colcon_core.environment:create_file_with_runtime_dependencies(/home/orangepi/marco_ws/install/marco_mission/share/colcon-core/packages/marco_mission)
[4.557s] INFO:colcon.colcon_ros.task.ament_cmake.build:Building ROS package in '/home/orangepi/marco_ws/src/marco_bringup' with build type 'ament_cmake'
[4.557s] INFO:colcon.colcon_cmake.task.cmake.build:Building CMake package in '/home/orangepi/marco_ws/src/marco_bringup'
[4.558s] INFO:colcon.colcon_core.shell:Skip shell extension 'powershell' for command environment: Not usable outside of PowerShell
[4.558s] DEBUG:colcon.colcon_core.shell:Skip shell extension 'dsv' for command environment
[4.582s] DEBUG:colcon.colcon_core.event_handler.log_command:Invoking command in '/home/orangepi/marco_ws/build/marco_bringup': AMENT_PREFIX_PATH=/home/orangepi/marco_ws/install/marco_base:/home/orangepi/marco_ws/install/marco_simulation:/home/orangepi/marco_ws/install/marco_safety:/home/orangepi/marco_ws/install/marco_perception:/home/orangepi/marco_ws/install/marco_navigation:/home/orangepi/marco_ws/install/marco_msgs:/home/orangepi/marco_ws/install/marco_mission:/home/orangepi/marco_ws/install/marco_localization:/home/orangepi/marco_ws/install/marco_docking:/home/orangepi/marco_ws/install/marco_bringup:/home/orangepi/marco_ws/install/marco_description:/home/orangepi/ydlidar_ros2_ws/install/ydlidar_ros2_driver:/opt/ros/humble CMAKE_PREFIX_PATH=/home/orangepi/marco_ws/install/marco_description:/home/orangepi/marco_ws/install/marco_simulation:/home/orangepi/marco_ws/install/marco_safety:/home/orangepi/marco_ws/install/marco_navigation:/home/orangepi/marco_ws/install/marco_msgs:/home/orangepi/marco_ws/install/marco_localization:/home/orangepi/marco_ws/install/marco_bringup:/home/orangepi/ydlidar_ros2_ws/install/ydlidar_ros2_driver:/home/orangepi/marco_ws/install/marco_perception:/home/orangepi/marco_ws/install/marco_mission:/home/orangepi/marco_ws/install/marco_docking:/home/orangepi/marco_ws/install/marco_base:/opt/ros/humble PYTHONPATH=/home/orangepi/marco_ws/install/marco_base/lib/python3.10/site-packages:/home/orangepi/marco_ws/build/marco_perception:/home/orangepi/marco_ws/install/marco_perception/lib/python3.10/site-packages:/home/orangepi/marco_ws/install/marco_msgs/local/lib/python3.10/dist-packages:/home/orangepi/marco_ws/build/marco_mission:/home/orangepi/marco_ws/install/marco_mission/lib/python3.10/site-packages:/home/orangepi/marco_ws/build/marco_docking:/home/orangepi/marco_ws/install/marco_docking/lib/python3.10/site-packages:/home/orangepi/marco_ws/build/marco_base:/opt/ros/humble/lib/python3.10/site-packages:/opt/ros/humble/local/lib/python3.10/dist-packages /usr/bin/cmake /home/orangepi/marco_ws/src/marco_bringup -DCMAKE_INSTALL_PREFIX=/home/orangepi/marco_ws/install/marco_bringup
[5.101s] DEBUG:colcon.colcon_core.event_handler.log_command:Invoked command in '/home/orangepi/marco_ws/build/marco_bringup' returned '0': AMENT_PREFIX_PATH=/home/orangepi/marco_ws/install/marco_base:/home/orangepi/marco_ws/install/marco_simulation:/home/orangepi/marco_ws/install/marco_safety:/home/orangepi/marco_ws/install/marco_perception:/home/orangepi/marco_ws/install/marco_navigation:/home/orangepi/marco_ws/install/marco_msgs:/home/orangepi/marco_ws/install/marco_mission:/home/orangepi/marco_ws/install/marco_localization:/home/orangepi/marco_ws/install/marco_docking:/home/orangepi/marco_ws/install/marco_bringup:/home/orangepi/marco_ws/install/marco_description:/home/orangepi/ydlidar_ros2_ws/install/ydlidar_ros2_driver:/opt/ros/humble CMAKE_PREFIX_PATH=/home/orangepi/marco_ws/install/marco_description:/home/orangepi/marco_ws/install/marco_simulation:/home/orangepi/marco_ws/install/marco_safety:/home/orangepi/marco_ws/install/marco_navigation:/home/orangepi/marco_ws/install/marco_msgs:/home/orangepi/marco_ws/install/marco_localization:/home/orangepi/marco_ws/install/marco_bringup:/home/orangepi/ydlidar_ros2_ws/install/ydlidar_ros2_driver:/home/orangepi/marco_ws/install/marco_perception:/home/orangepi/marco_ws/install/marco_mission:/home/orangepi/marco_ws/install/marco_docking:/home/orangepi/marco_ws/install/marco_base:/opt/ros/humble PYTHONPATH=/home/orangepi/marco_ws/install/marco_base/lib/python3.10/site-packages:/home/orangepi/marco_ws/build/marco_perception:/home/orangepi/marco_ws/install/marco_perception/lib/python3.10/site-packages:/home/orangepi/marco_ws/install/marco_msgs/local/lib/python3.10/dist-packages:/home/orangepi/marco_ws/build/marco_mission:/home/orangepi/marco_ws/install/marco_mission/lib/python3.10/site-packages:/home/orangepi/marco_ws/build/marco_docking:/home/orangepi/marco_ws/install/marco_docking/lib/python3.10/site-packages:/home/orangepi/marco_ws/build/marco_base:/opt/ros/humble/lib/python3.10/site-packages:/opt/ros/humble/local/lib/python3.10/dist-packages /usr/bin/cmake /home/orangepi/marco_ws/src/marco_bringup -DCMAKE_INSTALL_PREFIX=/home/orangepi/marco_ws/install/marco_bringup
[5.106s] DEBUG:colcon.colcon_core.event_handler.log_command:Invoking command in '/home/orangepi/marco_ws/build/marco_bringup': AMENT_PREFIX_PATH=/home/orangepi/marco_ws/install/marco_base:/home/orangepi/marco_ws/install/marco_simulation:/home/orangepi/marco_ws/install/marco_safety:/home/orangepi/marco_ws/install/marco_perception:/home/orangepi/marco_ws/install/marco_navigation:/home/orangepi/marco_ws/install/marco_msgs:/home/orangepi/marco_ws/install/marco_mission:/home/orangepi/marco_ws/install/marco_localization:/home/orangepi/marco_ws/install/marco_docking:/home/orangepi/marco_ws/install/marco_bringup:/home/orangepi/marco_ws/install/marco_description:/home/orangepi/ydlidar_ros2_ws/install/ydlidar_ros2_driver:/opt/ros/humble CMAKE_PREFIX_PATH=/home/orangepi/marco_ws/install/marco_description:/home/orangepi/marco_ws/install/marco_simulation:/home/orangepi/marco_ws/install/marco_safety:/home/orangepi/marco_ws/install/marco_navigation:/home/orangepi/marco_ws/install/marco_msgs:/home/orangepi/marco_ws/install/marco_localization:/home/orangepi/marco_ws/install/marco_bringup:/home/orangepi/ydlidar_ros2_ws/install/ydlidar_ros2_driver:/home/orangepi/marco_ws/install/marco_perception:/home/orangepi/marco_ws/install/marco_mission:/home/orangepi/marco_ws/install/marco_docking:/home/orangepi/marco_ws/install/marco_base:/opt/ros/humble PYTHONPATH=/home/orangepi/marco_ws/install/marco_base/lib/python3.10/site-packages:/home/orangepi/marco_ws/build/marco_perception:/home/orangepi/marco_ws/install/marco_perception/lib/python3.10/site-packages:/home/orangepi/marco_ws/install/marco_msgs/local/lib/python3.10/dist-packages:/home/orangepi/marco_ws/build/marco_mission:/home/orangepi/marco_ws/install/marco_mission/lib/python3.10/site-packages:/home/orangepi/marco_ws/build/marco_docking:/home/orangepi/marco_ws/install/marco_docking/lib/python3.10/site-packages:/home/orangepi/marco_ws/build/marco_base:/opt/ros/humble/lib/python3.10/site-packages:/opt/ros/humble/local/lib/python3.10/dist-packages /usr/bin/cmake --build /home/orangepi/marco_ws/build/marco_bringup -- -j8 -l8
[5.261s] DEBUG:colcon.colcon_core.event_handler.log_command:Invoked command in '/home/orangepi/marco_ws/build/marco_bringup' returned '0': AMENT_PREFIX_PATH=/home/orangepi/marco_ws/install/marco_base:/home/orangepi/marco_ws/install/marco_simulation:/home/orangepi/marco_ws/install/marco_safety:/home/orangepi/marco_ws/install/marco_perception:/home/orangepi/marco_ws/install/marco_navigation:/home/orangepi/marco_ws/install/marco_msgs:/home/orangepi/marco_ws/install/marco_mission:/home/orangepi/marco_ws/install/marco_localization:/home/orangepi/marco_ws/install/marco_docking:/home/orangepi/marco_ws/install/marco_bringup:/home/orangepi/marco_ws/install/marco_description:/home/orangepi/ydlidar_ros2_ws/install/ydlidar_ros2_driver:/opt/ros/humble CMAKE_PREFIX_PATH=/home/orangepi/marco_ws/install/marco_description:/home/orangepi/marco_ws/install/marco_simulation:/home/orangepi/marco_ws/install/marco_safety:/home/orangepi/marco_ws/install/marco_navigation:/home/orangepi/marco_ws/install/marco_msgs:/home/orangepi/marco_ws/install/marco_localization:/home/orangepi/marco_ws/install/marco_bringup:/home/orangepi/ydlidar_ros2_ws/install/ydlidar_ros2_driver:/home/orangepi/marco_ws/install/marco_perception:/home/orangepi/marco_ws/install/marco_mission:/home/orangepi/marco_ws/install/marco_docking:/home/orangepi/marco_ws/install/marco_base:/opt/ros/humble PYTHONPATH=/home/orangepi/marco_ws/install/marco_base/lib/python3.10/site-packages:/home/orangepi/marco_ws/build/marco_perception:/home/orangepi/marco_ws/install/marco_perception/lib/python3.10/site-packages:/home/orangepi/marco_ws/install/marco_msgs/local/lib/python3.10/dist-packages:/home/orangepi/marco_ws/build/marco_mission:/home/orangepi/marco_ws/install/marco_mission/lib/python3.10/site-packages:/home/orangepi/marco_ws/build/marco_docking:/home/orangepi/marco_ws/install/marco_docking/lib/python3.10/site-packages:/home/orangepi/marco_ws/build/marco_base:/opt/ros/humble/lib/python3.10/site-packages:/opt/ros/humble/local/lib/python3.10/dist-packages /usr/bin/cmake --build /home/orangepi/marco_ws/build/marco_bringup -- -j8 -l8
[5.264s] DEBUG:colcon.colcon_core.event_handler.log_command:Invoking command in '/home/orangepi/marco_ws/build/marco_bringup': AMENT_PREFIX_PATH=/home/orangepi/marco_ws/install/marco_base:/home/orangepi/marco_ws/install/marco_simulation:/home/orangepi/marco_ws/install/marco_safety:/home/orangepi/marco_ws/install/marco_perception:/home/orangepi/marco_ws/install/marco_navigation:/home/orangepi/marco_ws/install/marco_msgs:/home/orangepi/marco_ws/install/marco_mission:/home/orangepi/marco_ws/install/marco_localization:/home/orangepi/marco_ws/install/marco_docking:/home/orangepi/marco_ws/install/marco_bringup:/home/orangepi/marco_ws/install/marco_description:/home/orangepi/ydlidar_ros2_ws/install/ydlidar_ros2_driver:/opt/ros/humble CMAKE_PREFIX_PATH=/home/orangepi/marco_ws/install/marco_description:/home/orangepi/marco_ws/install/marco_simulation:/home/orangepi/marco_ws/install/marco_safety:/home/orangepi/marco_ws/install/marco_navigation:/home/orangepi/marco_ws/install/marco_msgs:/home/orangepi/marco_ws/install/marco_localization:/home/orangepi/marco_ws/install/marco_bringup:/home/orangepi/ydlidar_ros2_ws/install/ydlidar_ros2_driver:/home/orangepi/marco_ws/install/marco_perception:/home/orangepi/marco_ws/install/marco_mission:/home/orangepi/marco_ws/install/marco_docking:/home/orangepi/marco_ws/install/marco_base:/opt/ros/humble PYTHONPATH=/home/orangepi/marco_ws/install/marco_base/lib/python3.10/site-packages:/home/orangepi/marco_ws/build/marco_perception:/home/orangepi/marco_ws/install/marco_perception/lib/python3.10/site-packages:/home/orangepi/marco_ws/install/marco_msgs/local/lib/python3.10/dist-packages:/home/orangepi/marco_ws/build/marco_mission:/home/orangepi/marco_ws/install/marco_mission/lib/python3.10/site-packages:/home/orangepi/marco_ws/build/marco_docking:/home/orangepi/marco_ws/install/marco_docking/lib/python3.10/site-packages:/home/orangepi/marco_ws/build/marco_base:/opt/ros/humble/lib/python3.10/site-packages:/opt/ros/humble/local/lib/python3.10/dist-packages /usr/bin/cmake --install /home/orangepi/marco_ws/build/marco_bringup
[5.315s] Level 1:colcon.colcon_core.environment:create_environment_scripts_only(marco_bringup)
[5.317s] Level 1:colcon.colcon_core.environment:checking '/home/orangepi/marco_ws/install/marco_bringup' for CMake module files
[5.319s] DEBUG:colcon.colcon_core.event_handler.log_command:Invoked command in '/home/orangepi/marco_ws/build/marco_bringup' returned '0': AMENT_PREFIX_PATH=/home/orangepi/marco_ws/install/marco_base:/home/orangepi/marco_ws/install/marco_simulation:/home/orangepi/marco_ws/install/marco_safety:/home/orangepi/marco_ws/install/marco_perception:/home/orangepi/marco_ws/install/marco_navigation:/home/orangepi/marco_ws/install/marco_msgs:/home/orangepi/marco_ws/install/marco_mission:/home/orangepi/marco_ws/install/marco_localization:/home/orangepi/marco_ws/install/marco_docking:/home/orangepi/marco_ws/install/marco_bringup:/home/orangepi/marco_ws/install/marco_description:/home/orangepi/ydlidar_ros2_ws/install/ydlidar_ros2_driver:/opt/ros/humble CMAKE_PREFIX_PATH=/home/orangepi/marco_ws/install/marco_description:/home/orangepi/marco_ws/install/marco_simulation:/home/orangepi/marco_ws/install/marco_safety:/home/orangepi/marco_ws/install/marco_navigation:/home/orangepi/marco_ws/install/marco_msgs:/home/orangepi/marco_ws/install/marco_localization:/home/orangepi/marco_ws/install/marco_bringup:/home/orangepi/ydlidar_ros2_ws/install/ydlidar_ros2_driver:/home/orangepi/marco_ws/install/marco_perception:/home/orangepi/marco_ws/install/marco_mission:/home/orangepi/marco_ws/install/marco_docking:/home/orangepi/marco_ws/install/marco_base:/opt/ros/humble PYTHONPATH=/home/orangepi/marco_ws/install/marco_base/lib/python3.10/site-packages:/home/orangepi/marco_ws/build/marco_perception:/home/orangepi/marco_ws/install/marco_perception/lib/python3.10/site-packages:/home/orangepi/marco_ws/install/marco_msgs/local/lib/python3.10/dist-packages:/home/orangepi/marco_ws/build/marco_mission:/home/orangepi/marco_ws/install/marco_mission/lib/python3.10/site-packages:/home/orangepi/marco_ws/build/marco_docking:/home/orangepi/marco_ws/install/marco_docking/lib/python3.10/site-packages:/home/orangepi/marco_ws/build/marco_base:/opt/ros/humble/lib/python3.10/site-packages:/opt/ros/humble/local/lib/python3.10/dist-packages /usr/bin/cmake --install /home/orangepi/marco_ws/build/marco_bringup
[5.321s] Level 1:colcon.colcon_core.environment:checking '/home/orangepi/marco_ws/install/marco_bringup' for CMake config files
[5.322s] Level 1:colcon.colcon_core.shell:create_environment_hook('marco_bringup', 'cmake_prefix_path')
[5.323s] INFO:colcon.colcon_core.shell:Creating environment hook '/home/orangepi/marco_ws/install/marco_bringup/share/marco_bringup/hook/cmake_prefix_path.ps1'
[5.325s] INFO:colcon.colcon_core.shell:Creating environment descriptor '/home/orangepi/marco_ws/install/marco_bringup/share/marco_bringup/hook/cmake_prefix_path.dsv'
[5.330s] INFO:colcon.colcon_core.shell:Creating environment hook '/home/orangepi/marco_ws/install/marco_bringup/share/marco_bringup/hook/cmake_prefix_path.sh'
[5.332s] Level 1:colcon.colcon_core.environment:checking '/home/orangepi/marco_ws/install/marco_bringup/lib'
[5.332s] Level 1:colcon.colcon_core.environment:checking '/home/orangepi/marco_ws/install/marco_bringup/bin'
[5.333s] Level 1:colcon.colcon_core.environment:checking '/home/orangepi/marco_ws/install/marco_bringup/lib/pkgconfig/marco_bringup.pc'
[5.334s] Level 1:colcon.colcon_core.environment:checking '/home/orangepi/marco_ws/install/marco_bringup/lib/python3.10/site-packages'
[5.336s] Level 1:colcon.colcon_core.environment:checking '/home/orangepi/marco_ws/install/marco_bringup/bin'
[5.337s] INFO:colcon.colcon_core.shell:Creating package script '/home/orangepi/marco_ws/install/marco_bringup/share/marco_bringup/package.ps1'
[5.340s] INFO:colcon.colcon_core.shell:Creating package descriptor '/home/orangepi/marco_ws/install/marco_bringup/share/marco_bringup/package.dsv'
[5.342s] INFO:colcon.colcon_core.shell:Creating package script '/home/orangepi/marco_ws/install/marco_bringup/share/marco_bringup/package.sh'
[5.344s] INFO:colcon.colcon_core.shell:Creating package script '/home/orangepi/marco_ws/install/marco_bringup/share/marco_bringup/package.bash'
[5.345s] INFO:colcon.colcon_core.shell:Creating package script '/home/orangepi/marco_ws/install/marco_bringup/share/marco_bringup/package.zsh'
[5.348s] Level 1:colcon.colcon_core.environment:create_file_with_runtime_dependencies(/home/orangepi/marco_ws/install/marco_bringup/share/colcon-core/packages/marco_bringup)
[5.350s] Level 1:colcon.colcon_core.environment:create_environment_scripts_only(marco_bringup)
[5.352s] Level 1:colcon.colcon_core.environment:checking '/home/orangepi/marco_ws/install/marco_bringup' for CMake module files
[5.354s] Level 1:colcon.colcon_core.environment:checking '/home/orangepi/marco_ws/install/marco_bringup' for CMake config files
[5.355s] Level 1:colcon.colcon_core.shell:create_environment_hook('marco_bringup', 'cmake_prefix_path')
[5.356s] INFO:colcon.colcon_core.shell:Creating environment hook '/home/orangepi/marco_ws/install/marco_bringup/share/marco_bringup/hook/cmake_prefix_path.ps1'
[5.358s] INFO:colcon.colcon_core.shell:Creating environment descriptor '/home/orangepi/marco_ws/install/marco_bringup/share/marco_bringup/hook/cmake_prefix_path.dsv'
[5.359s] INFO:colcon.colcon_core.shell:Creating environment hook '/home/orangepi/marco_ws/install/marco_bringup/share/marco_bringup/hook/cmake_prefix_path.sh'
[5.362s] Level 1:colcon.colcon_core.environment:checking '/home/orangepi/marco_ws/install/marco_bringup/lib'
[5.362s] Level 1:colcon.colcon_core.environment:checking '/home/orangepi/marco_ws/install/marco_bringup/bin'
[5.362s] Level 1:colcon.colcon_core.environment:checking '/home/orangepi/marco_ws/install/marco_bringup/lib/pkgconfig/marco_bringup.pc'
[5.363s] Level 1:colcon.colcon_core.environment:checking '/home/orangepi/marco_ws/install/marco_bringup/lib/python3.10/site-packages'
[5.365s] Level 1:colcon.colcon_core.environment:checking '/home/orangepi/marco_ws/install/marco_bringup/bin'
[5.367s] INFO:colcon.colcon_core.shell:Creating package script '/home/orangepi/marco_ws/install/marco_bringup/share/marco_bringup/package.ps1'
[5.371s] INFO:colcon.colcon_core.shell:Creating package descriptor '/home/orangepi/marco_ws/install/marco_bringup/share/marco_bringup/package.dsv'
[5.374s] INFO:colcon.colcon_core.shell:Creating package script '/home/orangepi/marco_ws/install/marco_bringup/share/marco_bringup/package.sh'
[5.376s] INFO:colcon.colcon_core.shell:Creating package script '/home/orangepi/marco_ws/install/marco_bringup/share/marco_bringup/package.bash'
[5.378s] INFO:colcon.colcon_core.shell:Creating package script '/home/orangepi/marco_ws/install/marco_bringup/share/marco_bringup/package.zsh'
[5.381s] Level 1:colcon.colcon_core.environment:create_file_with_runtime_dependencies(/home/orangepi/marco_ws/install/marco_bringup/share/colcon-core/packages/marco_bringup)
[5.383s] INFO:colcon.colcon_ros.task.ament_cmake.build:Building ROS package in '/home/orangepi/marco_ws/src/marco_localization' with build type 'ament_cmake'
[5.384s] INFO:colcon.colcon_cmake.task.cmake.build:Building CMake package in '/home/orangepi/marco_ws/src/marco_localization'
[5.385s] INFO:colcon.colcon_core.shell:Skip shell extension 'powershell' for command environment: Not usable outside of PowerShell
[5.386s] DEBUG:colcon.colcon_core.shell:Skip shell extension 'dsv' for command environment
[5.429s] DEBUG:colcon.colcon_core.event_handler.log_command:Invoking command in '/home/orangepi/marco_ws/build/marco_localization': AMENT_PREFIX_PATH=/home/orangepi/marco_ws/install/marco_base:/home/orangepi/marco_ws/install/marco_simulation:/home/orangepi/marco_ws/install/marco_safety:/home/orangepi/marco_ws/install/marco_perception:/home/orangepi/marco_ws/install/marco_navigation:/home/orangepi/marco_ws/install/marco_msgs:/home/orangepi/marco_ws/install/marco_mission:/home/orangepi/marco_ws/install/marco_localization:/home/orangepi/marco_ws/install/marco_docking:/home/orangepi/marco_ws/install/marco_bringup:/home/orangepi/marco_ws/install/marco_description:/home/orangepi/ydlidar_ros2_ws/install/ydlidar_ros2_driver:/opt/ros/humble CMAKE_PREFIX_PATH=/home/orangepi/marco_ws/install/marco_bringup:/home/orangepi/marco_ws/install/marco_description:/home/orangepi/marco_ws/install/marco_simulation:/home/orangepi/marco_ws/install/marco_safety:/home/orangepi/marco_ws/install/marco_navigation:/home/orangepi/marco_ws/install/marco_msgs:/home/orangepi/marco_ws/install/marco_localization:/home/orangepi/ydlidar_ros2_ws/install/ydlidar_ros2_driver:/home/orangepi/marco_ws/install/marco_perception:/home/orangepi/marco_ws/install/marco_mission:/home/orangepi/marco_ws/install/marco_docking:/home/orangepi/marco_ws/install/marco_base:/opt/ros/humble PYTHONPATH=/home/orangepi/marco_ws/install/marco_base/lib/python3.10/site-packages:/home/orangepi/marco_ws/build/marco_perception:/home/orangepi/marco_ws/install/marco_perception/lib/python3.10/site-packages:/home/orangepi/marco_ws/install/marco_msgs/local/lib/python3.10/dist-packages:/home/orangepi/marco_ws/build/marco_mission:/home/orangepi/marco_ws/install/marco_mission/lib/python3.10/site-packages:/home/orangepi/marco_ws/build/marco_docking:/home/orangepi/marco_ws/install/marco_docking/lib/python3.10/site-packages:/home/orangepi/marco_ws/build/marco_base:/opt/ros/humble/lib/python3.10/site-packages:/opt/ros/humble/local/lib/python3.10/dist-packages /usr/bin/cmake /home/orangepi/marco_ws/src/marco_localization -DCMAKE_INSTALL_PREFIX=/home/orangepi/marco_ws/install/marco_localization
[5.908s] DEBUG:colcon.colcon_core.event_handler.log_command:Invoked command in '/home/orangepi/marco_ws/build/marco_localization' returned '0': AMENT_PREFIX_PATH=/home/orangepi/marco_ws/install/marco_base:/home/orangepi/marco_ws/install/marco_simulation:/home/orangepi/marco_ws/install/marco_safety:/home/orangepi/marco_ws/install/marco_perception:/home/orangepi/marco_ws/install/marco_navigation:/home/orangepi/marco_ws/install/marco_msgs:/home/orangepi/marco_ws/install/marco_mission:/home/orangepi/marco_ws/install/marco_localization:/home/orangepi/marco_ws/install/marco_docking:/home/orangepi/marco_ws/install/marco_bringup:/home/orangepi/marco_ws/install/marco_description:/home/orangepi/ydlidar_ros2_ws/install/ydlidar_ros2_driver:/opt/ros/humble CMAKE_PREFIX_PATH=/home/orangepi/marco_ws/install/marco_bringup:/home/orangepi/marco_ws/install/marco_description:/home/orangepi/marco_ws/install/marco_simulation:/home/orangepi/marco_ws/install/marco_safety:/home/orangepi/marco_ws/install/marco_navigation:/home/orangepi/marco_ws/install/marco_msgs:/home/orangepi/marco_ws/install/marco_localization:/home/orangepi/ydlidar_ros2_ws/install/ydlidar_ros2_driver:/home/orangepi/marco_ws/install/marco_perception:/home/orangepi/marco_ws/install/marco_mission:/home/orangepi/marco_ws/install/marco_docking:/home/orangepi/marco_ws/install/marco_base:/opt/ros/humble PYTHONPATH=/home/orangepi/marco_ws/install/marco_base/lib/python3.10/site-packages:/home/orangepi/marco_ws/build/marco_perception:/home/orangepi/marco_ws/install/marco_perception/lib/python3.10/site-packages:/home/orangepi/marco_ws/install/marco_msgs/local/lib/python3.10/dist-packages:/home/orangepi/marco_ws/build/marco_mission:/home/orangepi/marco_ws/install/marco_mission/lib/python3.10/site-packages:/home/orangepi/marco_ws/build/marco_docking:/home/orangepi/marco_ws/install/marco_docking/lib/python3.10/site-packages:/home/orangepi/marco_ws/build/marco_base:/opt/ros/humble/lib/python3.10/site-packages:/opt/ros/humble/local/lib/python3.10/dist-packages /usr/bin/cmake /home/orangepi/marco_ws/src/marco_localization -DCMAKE_INSTALL_PREFIX=/home/orangepi/marco_ws/install/marco_localization
[5.913s] DEBUG:colcon.colcon_core.event_handler.log_command:Invoking command in '/home/orangepi/marco_ws/build/marco_localization': AMENT_PREFIX_PATH=/home/orangepi/marco_ws/install/marco_base:/home/orangepi/marco_ws/install/marco_simulation:/home/orangepi/marco_ws/install/marco_safety:/home/orangepi/marco_ws/install/marco_perception:/home/orangepi/marco_ws/install/marco_navigation:/home/orangepi/marco_ws/install/marco_msgs:/home/orangepi/marco_ws/install/marco_mission:/home/orangepi/marco_ws/install/marco_localization:/home/orangepi/marco_ws/install/marco_docking:/home/orangepi/marco_ws/install/marco_bringup:/home/orangepi/marco_ws/install/marco_description:/home/orangepi/ydlidar_ros2_ws/install/ydlidar_ros2_driver:/opt/ros/humble CMAKE_PREFIX_PATH=/home/orangepi/marco_ws/install/marco_bringup:/home/orangepi/marco_ws/install/marco_description:/home/orangepi/marco_ws/install/marco_simulation:/home/orangepi/marco_ws/install/marco_safety:/home/orangepi/marco_ws/install/marco_navigation:/home/orangepi/marco_ws/install/marco_msgs:/home/orangepi/marco_ws/install/marco_localization:/home/orangepi/ydlidar_ros2_ws/install/ydlidar_ros2_driver:/home/orangepi/marco_ws/install/marco_perception:/home/orangepi/marco_ws/install/marco_mission:/home/orangepi/marco_ws/install/marco_docking:/home/orangepi/marco_ws/install/marco_base:/opt/ros/humble PYTHONPATH=/home/orangepi/marco_ws/install/marco_base/lib/python3.10/site-packages:/home/orangepi/marco_ws/build/marco_perception:/home/orangepi/marco_ws/install/marco_perception/lib/python3.10/site-packages:/home/orangepi/marco_ws/install/marco_msgs/local/lib/python3.10/dist-packages:/home/orangepi/marco_ws/build/marco_mission:/home/orangepi/marco_ws/install/marco_mission/lib/python3.10/site-packages:/home/orangepi/marco_ws/build/marco_docking:/home/orangepi/marco_ws/install/marco_docking/lib/python3.10/site-packages:/home/orangepi/marco_ws/build/marco_base:/opt/ros/humble/lib/python3.10/site-packages:/opt/ros/humble/local/lib/python3.10/dist-packages /usr/bin/cmake --build /home/orangepi/marco_ws/build/marco_localization -- -j8 -l8
[6.022s] DEBUG:colcon.colcon_core.event_handler.log_command:Invoked command in '/home/orangepi/marco_ws/build/marco_localization' returned '0': AMENT_PREFIX_PATH=/home/orangepi/marco_ws/install/marco_base:/home/orangepi/marco_ws/install/marco_simulation:/home/orangepi/marco_ws/install/marco_safety:/home/orangepi/marco_ws/install/marco_perception:/home/orangepi/marco_ws/install/marco_navigation:/home/orangepi/marco_ws/install/marco_msgs:/home/orangepi/marco_ws/install/marco_mission:/home/orangepi/marco_ws/install/marco_localization:/home/orangepi/marco_ws/install/marco_docking:/home/orangepi/marco_ws/install/marco_bringup:/home/orangepi/marco_ws/install/marco_description:/home/orangepi/ydlidar_ros2_ws/install/ydlidar_ros2_driver:/opt/ros/humble CMAKE_PREFIX_PATH=/home/orangepi/marco_ws/install/marco_bringup:/home/orangepi/marco_ws/install/marco_description:/home/orangepi/marco_ws/install/marco_simulation:/home/orangepi/marco_ws/install/marco_safety:/home/orangepi/marco_ws/install/marco_navigation:/home/orangepi/marco_ws/install/marco_msgs:/home/orangepi/marco_ws/install/marco_localization:/home/orangepi/ydlidar_ros2_ws/install/ydlidar_ros2_driver:/home/orangepi/marco_ws/install/marco_perception:/home/orangepi/marco_ws/install/marco_mission:/home/orangepi/marco_ws/install/marco_docking:/home/orangepi/marco_ws/install/marco_base:/opt/ros/humble PYTHONPATH=/home/orangepi/marco_ws/install/marco_base/lib/python3.10/site-packages:/home/orangepi/marco_ws/build/marco_perception:/home/orangepi/marco_ws/install/marco_perception/lib/python3.10/site-packages:/home/orangepi/marco_ws/install/marco_msgs/local/lib/python3.10/dist-packages:/home/orangepi/marco_ws/build/marco_mission:/home/orangepi/marco_ws/install/marco_mission/lib/python3.10/site-packages:/home/orangepi/marco_ws/build/marco_docking:/home/orangepi/marco_ws/install/marco_docking/lib/python3.10/site-packages:/home/orangepi/marco_ws/build/marco_base:/opt/ros/humble/lib/python3.10/site-packages:/opt/ros/humble/local/lib/python3.10/dist-packages /usr/bin/cmake --build /home/orangepi/marco_ws/build/marco_localization -- -j8 -l8
[6.029s] DEBUG:colcon.colcon_core.event_handler.log_command:Invoking command in '/home/orangepi/marco_ws/build/marco_localization': AMENT_PREFIX_PATH=/home/orangepi/marco_ws/install/marco_base:/home/orangepi/marco_ws/install/marco_simulation:/home/orangepi/marco_ws/install/marco_safety:/home/orangepi/marco_ws/install/marco_perception:/home/orangepi/marco_ws/install/marco_navigation:/home/orangepi/marco_ws/install/marco_msgs:/home/orangepi/marco_ws/install/marco_mission:/home/orangepi/marco_ws/install/marco_localization:/home/orangepi/marco_ws/install/marco_docking:/home/orangepi/marco_ws/install/marco_bringup:/home/orangepi/marco_ws/install/marco_description:/home/orangepi/ydlidar_ros2_ws/install/ydlidar_ros2_driver:/opt/ros/humble CMAKE_PREFIX_PATH=/home/orangepi/marco_ws/install/marco_bringup:/home/orangepi/marco_ws/install/marco_description:/home/orangepi/marco_ws/install/marco_simulation:/home/orangepi/marco_ws/install/marco_safety:/home/orangepi/marco_ws/install/marco_navigation:/home/orangepi/marco_ws/install/marco_msgs:/home/orangepi/marco_ws/install/marco_localization:/home/orangepi/ydlidar_ros2_ws/install/ydlidar_ros2_driver:/home/orangepi/marco_ws/install/marco_perception:/home/orangepi/marco_ws/install/marco_mission:/home/orangepi/marco_ws/install/marco_docking:/home/orangepi/marco_ws/install/marco_base:/opt/ros/humble PYTHONPATH=/home/orangepi/marco_ws/install/marco_base/lib/python3.10/site-packages:/home/orangepi/marco_ws/build/marco_perception:/home/orangepi/marco_ws/install/marco_perception/lib/python3.10/site-packages:/home/orangepi/marco_ws/install/marco_msgs/local/lib/python3.10/dist-packages:/home/orangepi/marco_ws/build/marco_mission:/home/orangepi/marco_ws/install/marco_mission/lib/python3.10/site-packages:/home/orangepi/marco_ws/build/marco_docking:/home/orangepi/marco_ws/install/marco_docking/lib/python3.10/site-packages:/home/orangepi/marco_ws/build/marco_base:/opt/ros/humble/lib/python3.10/site-packages:/opt/ros/humble/local/lib/python3.10/dist-packages /usr/bin/cmake --install /home/orangepi/marco_ws/build/marco_localization
[6.102s] Level 1:colcon.colcon_core.environment:create_environment_scripts_only(marco_localization)
[6.103s] Level 1:colcon.colcon_core.environment:checking '/home/orangepi/marco_ws/install/marco_localization' for CMake module files
[6.104s] DEBUG:colcon.colcon_core.event_handler.log_command:Invoked command in '/home/orangepi/marco_ws/build/marco_localization' returned '0': AMENT_PREFIX_PATH=/home/orangepi/marco_ws/install/marco_base:/home/orangepi/marco_ws/install/marco_simulation:/home/orangepi/marco_ws/install/marco_safety:/home/orangepi/marco_ws/install/marco_perception:/home/orangepi/marco_ws/install/marco_navigation:/home/orangepi/marco_ws/install/marco_msgs:/home/orangepi/marco_ws/install/marco_mission:/home/orangepi/marco_ws/install/marco_localization:/home/orangepi/marco_ws/install/marco_docking:/home/orangepi/marco_ws/install/marco_bringup:/home/orangepi/marco_ws/install/marco_description:/home/orangepi/ydlidar_ros2_ws/install/ydlidar_ros2_driver:/opt/ros/humble CMAKE_PREFIX_PATH=/home/orangepi/marco_ws/install/marco_bringup:/home/orangepi/marco_ws/install/marco_description:/home/orangepi/marco_ws/install/marco_simulation:/home/orangepi/marco_ws/install/marco_safety:/home/orangepi/marco_ws/install/marco_navigation:/home/orangepi/marco_ws/install/marco_msgs:/home/orangepi/marco_ws/install/marco_localization:/home/orangepi/ydlidar_ros2_ws/install/ydlidar_ros2_driver:/home/orangepi/marco_ws/install/marco_perception:/home/orangepi/marco_ws/install/marco_mission:/home/orangepi/marco_ws/install/marco_docking:/home/orangepi/marco_ws/install/marco_base:/opt/ros/humble PYTHONPATH=/home/orangepi/marco_ws/install/marco_base/lib/python3.10/site-packages:/home/orangepi/marco_ws/build/marco_perception:/home/orangepi/marco_ws/install/marco_perception/lib/python3.10/site-packages:/home/orangepi/marco_ws/install/marco_msgs/local/lib/python3.10/dist-packages:/home/orangepi/marco_ws/build/marco_mission:/home/orangepi/marco_ws/install/marco_mission/lib/python3.10/site-packages:/home/orangepi/marco_ws/build/marco_docking:/home/orangepi/marco_ws/install/marco_docking/lib/python3.10/site-packages:/home/orangepi/marco_ws/build/marco_base:/opt/ros/humble/lib/python3.10/site-packages:/opt/ros/humble/local/lib/python3.10/dist-packages /usr/bin/cmake --install /home/orangepi/marco_ws/build/marco_localization
[6.105s] Level 1:colcon.colcon_core.environment:checking '/home/orangepi/marco_ws/install/marco_localization' for CMake config files
[6.105s] Level 1:colcon.colcon_core.shell:create_environment_hook('marco_localization', 'cmake_prefix_path')
[6.106s] INFO:colcon.colcon_core.shell:Creating environment hook '/home/orangepi/marco_ws/install/marco_localization/share/marco_localization/hook/cmake_prefix_path.ps1'
[6.107s] INFO:colcon.colcon_core.shell:Creating environment descriptor '/home/orangepi/marco_ws/install/marco_localization/share/marco_localization/hook/cmake_prefix_path.dsv'
[6.108s] INFO:colcon.colcon_core.shell:Creating environment hook '/home/orangepi/marco_ws/install/marco_localization/share/marco_localization/hook/cmake_prefix_path.sh'
[6.110s] Level 1:colcon.colcon_core.environment:checking '/home/orangepi/marco_ws/install/marco_localization/lib'
[6.110s] Level 1:colcon.colcon_core.environment:checking '/home/orangepi/marco_ws/install/marco_localization/bin'
[6.110s] Level 1:colcon.colcon_core.environment:checking '/home/orangepi/marco_ws/install/marco_localization/lib/pkgconfig/marco_localization.pc'
[6.110s] Level 1:colcon.colcon_core.environment:checking '/home/orangepi/marco_ws/install/marco_localization/lib/python3.10/site-packages'
[6.111s] Level 1:colcon.colcon_core.environment:checking '/home/orangepi/marco_ws/install/marco_localization/bin'
[6.112s] INFO:colcon.colcon_core.shell:Creating package script '/home/orangepi/marco_ws/install/marco_localization/share/marco_localization/package.ps1'
[6.113s] INFO:colcon.colcon_core.shell:Creating package descriptor '/home/orangepi/marco_ws/install/marco_localization/share/marco_localization/package.dsv'
[6.114s] INFO:colcon.colcon_core.shell:Creating package script '/home/orangepi/marco_ws/install/marco_localization/share/marco_localization/package.sh'
[6.114s] INFO:colcon.colcon_core.shell:Creating package script '/home/orangepi/marco_ws/install/marco_localization/share/marco_localization/package.bash'
[6.115s] INFO:colcon.colcon_core.shell:Creating package script '/home/orangepi/marco_ws/install/marco_localization/share/marco_localization/package.zsh'
[6.115s] Level 1:colcon.colcon_core.environment:create_file_with_runtime_dependencies(/home/orangepi/marco_ws/install/marco_localization/share/colcon-core/packages/marco_localization)
[6.116s] Level 1:colcon.colcon_core.environment:create_environment_scripts_only(marco_localization)
[6.117s] Level 1:colcon.colcon_core.environment:checking '/home/orangepi/marco_ws/install/marco_localization' for CMake module files
[6.118s] Level 1:colcon.colcon_core.environment:checking '/home/orangepi/marco_ws/install/marco_localization' for CMake config files
[6.119s] Level 1:colcon.colcon_core.shell:create_environment_hook('marco_localization', 'cmake_prefix_path')
[6.119s] INFO:colcon.colcon_core.shell:Creating environment hook '/home/orangepi/marco_ws/install/marco_localization/share/marco_localization/hook/cmake_prefix_path.ps1'
[6.120s] INFO:colcon.colcon_core.shell:Creating environment descriptor '/home/orangepi/marco_ws/install/marco_localization/share/marco_localization/hook/cmake_prefix_path.dsv'
[6.121s] INFO:colcon.colcon_core.shell:Creating environment hook '/home/orangepi/marco_ws/install/marco_localization/share/marco_localization/hook/cmake_prefix_path.sh'
[6.122s] Level 1:colcon.colcon_core.environment:checking '/home/orangepi/marco_ws/install/marco_localization/lib'
[6.122s] Level 1:colcon.colcon_core.environment:checking '/home/orangepi/marco_ws/install/marco_localization/bin'
[6.122s] Level 1:colcon.colcon_core.environment:checking '/home/orangepi/marco_ws/install/marco_localization/lib/pkgconfig/marco_localization.pc'
[6.122s] Level 1:colcon.colcon_core.environment:checking '/home/orangepi/marco_ws/install/marco_localization/lib/python3.10/site-packages'
[6.123s] Level 1:colcon.colcon_core.environment:checking '/home/orangepi/marco_ws/install/marco_localization/bin'
[6.123s] INFO:colcon.colcon_core.shell:Creating package script '/home/orangepi/marco_ws/install/marco_localization/share/marco_localization/package.ps1'
[6.124s] INFO:colcon.colcon_core.shell:Creating package descriptor '/home/orangepi/marco_ws/install/marco_localization/share/marco_localization/package.dsv'
[6.125s] INFO:colcon.colcon_core.shell:Creating package script '/home/orangepi/marco_ws/install/marco_localization/share/marco_localization/package.sh'
[6.125s] INFO:colcon.colcon_core.shell:Creating package script '/home/orangepi/marco_ws/install/marco_localization/share/marco_localization/package.bash'
[6.126s] INFO:colcon.colcon_core.shell:Creating package script '/home/orangepi/marco_ws/install/marco_localization/share/marco_localization/package.zsh'
[6.127s] Level 1:colcon.colcon_core.environment:create_file_with_runtime_dependencies(/home/orangepi/marco_ws/install/marco_localization/share/colcon-core/packages/marco_localization)
[6.253s] DEBUG:colcon.colcon_core.event_handler.log_command:Invoked command in '/home/orangepi/marco_ws/build/marco_msgs' returned '0': CMAKE_PREFIX_PATH=${CMAKE_PREFIX_PATH}:/home/orangepi/marco_ws/install/marco_perception:/home/orangepi/marco_ws/install/marco_mission:/home/orangepi/marco_ws/install/marco_docking:/home/orangepi/marco_ws/install/marco_base:/opt/ros/humble /usr/bin/cmake /home/orangepi/marco_ws/src/marco_msgs -DCMAKE_INSTALL_PREFIX=/home/orangepi/marco_ws/install/marco_msgs
[6.257s] DEBUG:colcon.colcon_core.event_handler.log_command:Invoking command in '/home/orangepi/marco_ws/build/marco_msgs': CMAKE_PREFIX_PATH=${CMAKE_PREFIX_PATH}:/home/orangepi/marco_ws/install/marco_perception:/home/orangepi/marco_ws/install/marco_mission:/home/orangepi/marco_ws/install/marco_docking:/home/orangepi/marco_ws/install/marco_base:/opt/ros/humble /usr/bin/cmake --build /home/orangepi/marco_ws/build/marco_msgs -- -j8 -l8
[6.957s] DEBUG:colcon.colcon_core.event_handler.log_command:Invoked command in '/home/orangepi/marco_ws/build/marco_msgs' returned '0': CMAKE_PREFIX_PATH=${CMAKE_PREFIX_PATH}:/home/orangepi/marco_ws/install/marco_perception:/home/orangepi/marco_ws/install/marco_mission:/home/orangepi/marco_ws/install/marco_docking:/home/orangepi/marco_ws/install/marco_base:/opt/ros/humble /usr/bin/cmake --build /home/orangepi/marco_ws/build/marco_msgs -- -j8 -l8
[6.967s] DEBUG:colcon.colcon_core.event_handler.log_command:Invoking command in '/home/orangepi/marco_ws/build/marco_msgs': CMAKE_PREFIX_PATH=${CMAKE_PREFIX_PATH}:/home/orangepi/marco_ws/install/marco_perception:/home/orangepi/marco_ws/install/marco_mission:/home/orangepi/marco_ws/install/marco_docking:/home/orangepi/marco_ws/install/marco_base:/opt/ros/humble /usr/bin/cmake --install /home/orangepi/marco_ws/build/marco_msgs
[7.197s] Level 1:colcon.colcon_core.environment:create_environment_scripts_only(marco_msgs)
[7.199s] Level 1:colcon.colcon_core.environment:checking '/home/orangepi/marco_ws/install/marco_msgs' for CMake module files
[7.202s] DEBUG:colcon.colcon_core.event_handler.log_command:Invoked command in '/home/orangepi/marco_ws/build/marco_msgs' returned '0': CMAKE_PREFIX_PATH=${CMAKE_PREFIX_PATH}:/home/orangepi/marco_ws/install/marco_perception:/home/orangepi/marco_ws/install/marco_mission:/home/orangepi/marco_ws/install/marco_docking:/home/orangepi/marco_ws/install/marco_base:/opt/ros/humble /usr/bin/cmake --install /home/orangepi/marco_ws/build/marco_msgs
[7.204s] Level 1:colcon.colcon_core.environment:checking '/home/orangepi/marco_ws/install/marco_msgs' for CMake config files
[7.209s] Level 1:colcon.colcon_core.shell:create_environment_hook('marco_msgs', 'cmake_prefix_path')
[7.211s] INFO:colcon.colcon_core.shell:Creating environment hook '/home/orangepi/marco_ws/install/marco_msgs/share/marco_msgs/hook/cmake_prefix_path.ps1'
[7.213s] INFO:colcon.colcon_core.shell:Creating environment descriptor '/home/orangepi/marco_ws/install/marco_msgs/share/marco_msgs/hook/cmake_prefix_path.dsv'
[7.214s] INFO:colcon.colcon_core.shell:Creating environment hook '/home/orangepi/marco_ws/install/marco_msgs/share/marco_msgs/hook/cmake_prefix_path.sh'
[7.217s] Level 1:colcon.colcon_core.environment:checking '/home/orangepi/marco_ws/install/marco_msgs/lib'
[7.217s] Level 1:colcon.colcon_core.shell:create_environment_hook('marco_msgs', 'ld_library_path_lib')
[7.218s] INFO:colcon.colcon_core.shell:Creating environment hook '/home/orangepi/marco_ws/install/marco_msgs/share/marco_msgs/hook/ld_library_path_lib.ps1'
[7.220s] INFO:colcon.colcon_core.shell:Creating environment descriptor '/home/orangepi/marco_ws/install/marco_msgs/share/marco_msgs/hook/ld_library_path_lib.dsv'
[7.221s] INFO:colcon.colcon_core.shell:Creating environment hook '/home/orangepi/marco_ws/install/marco_msgs/share/marco_msgs/hook/ld_library_path_lib.sh'
[7.222s] Level 1:colcon.colcon_core.environment:checking '/home/orangepi/marco_ws/install/marco_msgs/bin'
[7.223s] Level 1:colcon.colcon_core.environment:checking '/home/orangepi/marco_ws/install/marco_msgs/lib/pkgconfig/marco_msgs.pc'
[7.224s] Level 1:colcon.colcon_core.environment:checking '/home/orangepi/marco_ws/install/marco_msgs/lib/python3.10/site-packages'
[7.225s] Level 1:colcon.colcon_core.environment:checking '/home/orangepi/marco_ws/install/marco_msgs/bin'
[7.227s] INFO:colcon.colcon_core.shell:Creating package script '/home/orangepi/marco_ws/install/marco_msgs/share/marco_msgs/package.ps1'
[7.230s] INFO:colcon.colcon_core.shell:Creating package descriptor '/home/orangepi/marco_ws/install/marco_msgs/share/marco_msgs/package.dsv'
[7.232s] INFO:colcon.colcon_core.shell:Creating package script '/home/orangepi/marco_ws/install/marco_msgs/share/marco_msgs/package.sh'
[7.233s] INFO:colcon.colcon_core.shell:Creating package script '/home/orangepi/marco_ws/install/marco_msgs/share/marco_msgs/package.bash'
[7.235s] INFO:colcon.colcon_core.shell:Creating package script '/home/orangepi/marco_ws/install/marco_msgs/share/marco_msgs/package.zsh'
[7.236s] Level 1:colcon.colcon_core.environment:create_file_with_runtime_dependencies(/home/orangepi/marco_ws/install/marco_msgs/share/colcon-core/packages/marco_msgs)
[7.239s] Level 1:colcon.colcon_core.environment:create_environment_scripts_only(marco_msgs)
[7.240s] Level 1:colcon.colcon_core.environment:checking '/home/orangepi/marco_ws/install/marco_msgs' for CMake module files
[7.243s] Level 1:colcon.colcon_core.environment:checking '/home/orangepi/marco_ws/install/marco_msgs' for CMake config files
[7.249s] Level 1:colcon.colcon_core.shell:create_environment_hook('marco_msgs', 'cmake_prefix_path')
[7.250s] INFO:colcon.colcon_core.shell:Creating environment hook '/home/orangepi/marco_ws/install/marco_msgs/share/marco_msgs/hook/cmake_prefix_path.ps1'
[7.251s] INFO:colcon.colcon_core.shell:Creating environment descriptor '/home/orangepi/marco_ws/install/marco_msgs/share/marco_msgs/hook/cmake_prefix_path.dsv'
[7.253s] INFO:colcon.colcon_core.shell:Creating environment hook '/home/orangepi/marco_ws/install/marco_msgs/share/marco_msgs/hook/cmake_prefix_path.sh'
[7.255s] Level 1:colcon.colcon_core.environment:checking '/home/orangepi/marco_ws/install/marco_msgs/lib'
[7.255s] Level 1:colcon.colcon_core.shell:create_environment_hook('marco_msgs', 'ld_library_path_lib')
[7.256s] INFO:colcon.colcon_core.shell:Creating environment hook '/home/orangepi/marco_ws/install/marco_msgs/share/marco_msgs/hook/ld_library_path_lib.ps1'
[7.258s] INFO:colcon.colcon_core.shell:Creating environment descriptor '/home/orangepi/marco_ws/install/marco_msgs/share/marco_msgs/hook/ld_library_path_lib.dsv'
[7.259s] INFO:colcon.colcon_core.shell:Creating environment hook '/home/orangepi/marco_ws/install/marco_msgs/share/marco_msgs/hook/ld_library_path_lib.sh'
[7.260s] Level 1:colcon.colcon_core.environment:checking '/home/orangepi/marco_ws/install/marco_msgs/bin'
[7.261s] Level 1:colcon.colcon_core.environment:checking '/home/orangepi/marco_ws/install/marco_msgs/lib/pkgconfig/marco_msgs.pc'
[7.262s] Level 1:colcon.colcon_core.environment:checking '/home/orangepi/marco_ws/install/marco_msgs/lib/python3.10/site-packages'
[7.264s] Level 1:colcon.colcon_core.environment:checking '/home/orangepi/marco_ws/install/marco_msgs/bin'
[7.266s] INFO:colcon.colcon_core.shell:Creating package script '/home/orangepi/marco_ws/install/marco_msgs/share/marco_msgs/package.ps1'
[7.270s] INFO:colcon.colcon_core.shell:Creating package descriptor '/home/orangepi/marco_ws/install/marco_msgs/share/marco_msgs/package.dsv'
[7.275s] INFO:colcon.colcon_core.shell:Creating package script '/home/orangepi/marco_ws/install/marco_msgs/share/marco_msgs/package.sh'
[7.278s] INFO:colcon.colcon_core.shell:Creating package script '/home/orangepi/marco_ws/install/marco_msgs/share/marco_msgs/package.bash'
[7.281s] INFO:colcon.colcon_core.shell:Creating package script '/home/orangepi/marco_ws/install/marco_msgs/share/marco_msgs/package.zsh'
[7.283s] Level 1:colcon.colcon_core.environment:create_file_with_runtime_dependencies(/home/orangepi/marco_ws/install/marco_msgs/share/colcon-core/packages/marco_msgs)
[7.285s] DEBUG:colcon.colcon_parallel_executor.executor.parallel:closing loop
[7.286s] DEBUG:colcon.colcon_parallel_executor.executor.parallel:loop closed
[7.286s] DEBUG:colcon.colcon_parallel_executor.executor.parallel:run_until_complete finished with '0'
[7.286s] DEBUG:colcon.colcon_core.event_reactor:joining thread
[7.288s] DEBUG:colcon.colcon_core.event_reactor:joined thread
[7.289s] INFO:colcon.colcon_core.shell:Creating prefix script '/home/orangepi/marco_ws/install/local_setup.ps1'
[7.291s] INFO:colcon.colcon_core.shell:Creating prefix util module '/home/orangepi/marco_ws/install/_local_setup_util_ps1.py'
[7.294s] INFO:colcon.colcon_core.shell:Creating prefix chain script '/home/orangepi/marco_ws/install/setup.ps1'
[7.297s] INFO:colcon.colcon_core.shell:Creating prefix script '/home/orangepi/marco_ws/install/local_setup.sh'
[7.300s] INFO:colcon.colcon_core.shell:Creating prefix util module '/home/orangepi/marco_ws/install/_local_setup_util_sh.py'
[7.302s] INFO:colcon.colcon_core.shell:Creating prefix chain script '/home/orangepi/marco_ws/install/setup.sh'
[7.309s] INFO:colcon.colcon_core.shell:Creating prefix script '/home/orangepi/marco_ws/install/local_setup.bash'
[7.311s] INFO:colcon.colcon_core.shell:Creating prefix chain script '/home/orangepi/marco_ws/install/setup.bash'
[7.317s] INFO:colcon.colcon_core.shell:Creating prefix script '/home/orangepi/marco_ws/install/local_setup.zsh'
[7.319s] INFO:colcon.colcon_core.shell:Creating prefix chain script '/home/orangepi/marco_ws/install/setup.zsh'
