[0.149s] DEBUG:colcon:Command line arguments: ['/usr/bin/colcon', 'build']
[0.149s] DEBUG:colcon:Parsed command line arguments: Namespace(log_base=None, log_level=None, verb_name='build', build_base='build', install_base='install', merge_install=False, symlink_install=False, test_result_base=None, continue_on_error=False, executor='parallel', parallel_workers=8, event_handlers=None, ignore_user_meta=False, metas=['./colcon.meta'], base_paths=['.'], packages_ignore=None, packages_ignore_regex=None, paths=None, packages_up_to=None, packages_up_to_regex=None, packages_above=None, packages_above_and_dependencies=None, packages_above_depth=None, packages_select_by_dep=None, packages_skip_by_dep=None, packages_skip_up_to=None, packages_select_build_failed=False, packages_skip_build_finished=False, packages_select_test_failures=False, packages_skip_test_passed=False, packages_select=None, packages_skip=None, packages_select_regex=None, packages_skip_regex=None, packages_start=None, packages_end=None, cmake_args=None, cmake_target=None, cmake_target_skip_unavailable=False, cmake_clean_cache=False, cmake_clean_first=False, cmake_force_configure=False, ament_cmake_args=None, catkin_cmake_args=None, catkin_skip_building_tests=False, verb_parser=<colcon_defaults.argument_parser.defaults.DefaultArgumentsDecorator object at 0x7faa684cd0>, verb_extension=<colcon_core.verb.build.BuildVerb object at 0x7faa7b23e0>, main=<bound method BuildVerb.main of <colcon_core.verb.build.BuildVerb object at 0x7faa7b23e0>>)
[0.353s] Level 1:colcon.colcon_core.package_discovery:discover_packages(colcon_meta) check parameters
[0.353s] Level 1:colcon.colcon_core.package_discovery:discover_packages(recursive) check parameters
[0.353s] Level 1:colcon.colcon_core.package_discovery:discover_packages(ignore) check parameters
[0.353s] Level 1:colcon.colcon_core.package_discovery:discover_packages(path) check parameters
[0.353s] Level 1:colcon.colcon_core.package_discovery:discover_packages(colcon_meta) discover
[0.353s] Level 1:colcon.colcon_core.package_discovery:discover_packages(recursive) discover
[0.353s] INFO:colcon.colcon_core.package_discovery:Crawling recursively for packages in '/home/orangepi/marco_ws'
[0.354s] Level 1:colcon.colcon_core.package_identification:_identify(.) by extensions ['ignore', 'ignore_ament_install']
[0.354s] Level 1:colcon.colcon_core.package_identification:_identify(.) by extension 'ignore'
[0.354s] Level 1:colcon.colcon_core.package_identification:_identify(.) by extension 'ignore_ament_install'
[0.354s] Level 1:colcon.colcon_core.package_identification:_identify(.) by extensions ['colcon_pkg']
[0.354s] Level 1:colcon.colcon_core.package_identification:_identify(.) by extension 'colcon_pkg'
[0.354s] Level 1:colcon.colcon_core.package_identification:_identify(.) by extensions ['colcon_meta']
[0.354s] Level 1:colcon.colcon_core.package_identification:_identify(.) by extension 'colcon_meta'
[0.354s] Level 1:colcon.colcon_core.package_identification:_identify(.) by extensions ['ros']
[0.354s] Level 1:colcon.colcon_core.package_identification:_identify(.) by extension 'ros'
[0.373s] Level 1:colcon.colcon_core.package_identification:_identify(.) by extensions ['cmake', 'python']
[0.373s] Level 1:colcon.colcon_core.package_identification:_identify(.) by extension 'cmake'
[0.373s] Level 1:colcon.colcon_core.package_identification:_identify(.) by extension 'python'
[0.373s] Level 1:colcon.colcon_core.package_identification:_identify(.) by extensions ['python_setup_py']
[0.373s] Level 1:colcon.colcon_core.package_identification:_identify(.) by extension 'python_setup_py'
[0.374s] Level 1:colcon.colcon_core.package_identification:_identify(build) by extensions ['ignore', 'ignore_ament_install']
[0.374s] Level 1:colcon.colcon_core.package_identification:_identify(build) by extension 'ignore'
[0.374s] Level 1:colcon.colcon_core.package_identification:_identify(build) ignored
[0.374s] Level 1:colcon.colcon_core.package_identification:_identify(install) by extensions ['ignore', 'ignore_ament_install']
[0.374s] Level 1:colcon.colcon_core.package_identification:_identify(install) by extension 'ignore'
[0.375s] Level 1:colcon.colcon_core.package_identification:_identify(install) ignored
[0.375s] Level 1:colcon.colcon_core.package_identification:_identify(log) by extensions ['ignore', 'ignore_ament_install']
[0.375s] Level 1:colcon.colcon_core.package_identification:_identify(log) by extension 'ignore'
[0.375s] Level 1:colcon.colcon_core.package_identification:_identify(log) ignored
[0.375s] Level 1:colcon.colcon_core.package_identification:_identify(src) by extensions ['ignore', 'ignore_ament_install']
[0.375s] Level 1:colcon.colcon_core.package_identification:_identify(src) by extension 'ignore'
[0.375s] Level 1:colcon.colcon_core.package_identification:_identify(src) by extension 'ignore_ament_install'
[0.375s] Level 1:colcon.colcon_core.package_identification:_identify(src) by extensions ['colcon_pkg']
[0.375s] Level 1:colcon.colcon_core.package_identification:_identify(src) by extension 'colcon_pkg'
[0.375s] Level 1:colcon.colcon_core.package_identification:_identify(src) by extensions ['colcon_meta']
[0.375s] Level 1:colcon.colcon_core.package_identification:_identify(src) by extension 'colcon_meta'
[0.375s] Level 1:colcon.colcon_core.package_identification:_identify(src) by extensions ['ros']
[0.375s] Level 1:colcon.colcon_core.package_identification:_identify(src) by extension 'ros'
[0.375s] Level 1:colcon.colcon_core.package_identification:_identify(src) by extensions ['cmake', 'python']
[0.375s] Level 1:colcon.colcon_core.package_identification:_identify(src) by extension 'cmake'
[0.376s] Level 1:colcon.colcon_core.package_identification:_identify(src) by extension 'python'
[0.376s] Level 1:colcon.colcon_core.package_identification:_identify(src) by extensions ['python_setup_py']
[0.376s] Level 1:colcon.colcon_core.package_identification:_identify(src) by extension 'python_setup_py'
[0.376s] Level 1:colcon.colcon_core.package_identification:_identify(src/lane_tracking) by extensions ['ignore', 'ignore_ament_install']
[0.376s] Level 1:colcon.colcon_core.package_identification:_identify(src/lane_tracking) by extension 'ignore'
[0.376s] Level 1:colcon.colcon_core.package_identification:_identify(src/lane_tracking) by extension 'ignore_ament_install'
[0.376s] Level 1:colcon.colcon_core.package_identification:_identify(src/lane_tracking) by extensions ['colcon_pkg']
[0.376s] Level 1:colcon.colcon_core.package_identification:_identify(src/lane_tracking) by extension 'colcon_pkg'
[0.376s] Level 1:colcon.colcon_core.package_identification:_identify(src/lane_tracking) by extensions ['colcon_meta']
[0.376s] Level 1:colcon.colcon_core.package_identification:_identify(src/lane_tracking) by extension 'colcon_meta'
[0.376s] Level 1:colcon.colcon_core.package_identification:_identify(src/lane_tracking) by extensions ['ros']
[0.376s] Level 1:colcon.colcon_core.package_identification:_identify(src/lane_tracking) by extension 'ros'
[0.380s] DEBUG:colcon.colcon_core.package_identification:Package 'src/lane_tracking' with type 'ros.ament_python' and name 'lane_tracking'
[0.380s] Level 1:colcon.colcon_core.package_identification:_identify(src/marco_base) by extensions ['ignore', 'ignore_ament_install']
[0.380s] Level 1:colcon.colcon_core.package_identification:_identify(src/marco_base) by extension 'ignore'
[0.380s] Level 1:colcon.colcon_core.package_identification:_identify(src/marco_base) by extension 'ignore_ament_install'
[0.380s] Level 1:colcon.colcon_core.package_identification:_identify(src/marco_base) by extensions ['colcon_pkg']
[0.380s] Level 1:colcon.colcon_core.package_identification:_identify(src/marco_base) by extension 'colcon_pkg'
[0.380s] Level 1:colcon.colcon_core.package_identification:_identify(src/marco_base) by extensions ['colcon_meta']
[0.380s] Level 1:colcon.colcon_core.package_identification:_identify(src/marco_base) by extension 'colcon_meta'
[0.380s] Level 1:colcon.colcon_core.package_identification:_identify(src/marco_base) by extensions ['ros']
[0.380s] Level 1:colcon.colcon_core.package_identification:_identify(src/marco_base) by extension 'ros'
[0.382s] DEBUG:colcon.colcon_core.package_identification:Package 'src/marco_base' with type 'ros.ament_python' and name 'marco_base'
[0.382s] Level 1:colcon.colcon_core.package_identification:_identify(src/marco_bringup) by extensions ['ignore', 'ignore_ament_install']
[0.382s] Level 1:colcon.colcon_core.package_identification:_identify(src/marco_bringup) by extension 'ignore'
[0.382s] Level 1:colcon.colcon_core.package_identification:_identify(src/marco_bringup) by extension 'ignore_ament_install'
[0.382s] Level 1:colcon.colcon_core.package_identification:_identify(src/marco_bringup) by extensions ['colcon_pkg']
[0.382s] Level 1:colcon.colcon_core.package_identification:_identify(src/marco_bringup) by extension 'colcon_pkg'
[0.382s] Level 1:colcon.colcon_core.package_identification:_identify(src/marco_bringup) by extensions ['colcon_meta']
[0.382s] Level 1:colcon.colcon_core.package_identification:_identify(src/marco_bringup) by extension 'colcon_meta'
[0.382s] Level 1:colcon.colcon_core.package_identification:_identify(src/marco_bringup) by extensions ['ros']
[0.382s] Level 1:colcon.colcon_core.package_identification:_identify(src/marco_bringup) by extension 'ros'
[0.383s] DEBUG:colcon.colcon_core.package_identification:Package 'src/marco_bringup' with type 'ros.ament_cmake' and name 'marco_bringup'
[0.383s] Level 1:colcon.colcon_core.package_identification:_identify(src/marco_description) by extensions ['ignore', 'ignore_ament_install']
[0.384s] Level 1:colcon.colcon_core.package_identification:_identify(src/marco_description) by extension 'ignore'
[0.384s] Level 1:colcon.colcon_core.package_identification:_identify(src/marco_description) by extension 'ignore_ament_install'
[0.384s] Level 1:colcon.colcon_core.package_identification:_identify(src/marco_description) by extensions ['colcon_pkg']
[0.384s] Level 1:colcon.colcon_core.package_identification:_identify(src/marco_description) by extension 'colcon_pkg'
[0.384s] Level 1:colcon.colcon_core.package_identification:_identify(src/marco_description) by extensions ['colcon_meta']
[0.384s] Level 1:colcon.colcon_core.package_identification:_identify(src/marco_description) by extension 'colcon_meta'
[0.384s] Level 1:colcon.colcon_core.package_identification:_identify(src/marco_description) by extensions ['ros']
[0.384s] Level 1:colcon.colcon_core.package_identification:_identify(src/marco_description) by extension 'ros'
[0.384s] DEBUG:colcon.colcon_core.package_identification:Package 'src/marco_description' with type 'ros.ament_cmake' and name 'marco_description'
[0.385s] Level 1:colcon.colcon_core.package_identification:_identify(src/marco_docking) by extensions ['ignore', 'ignore_ament_install']
[0.385s] Level 1:colcon.colcon_core.package_identification:_identify(src/marco_docking) by extension 'ignore'
[0.385s] Level 1:colcon.colcon_core.package_identification:_identify(src/marco_docking) by extension 'ignore_ament_install'
[0.385s] Level 1:colcon.colcon_core.package_identification:_identify(src/marco_docking) by extensions ['colcon_pkg']
[0.385s] Level 1:colcon.colcon_core.package_identification:_identify(src/marco_docking) by extension 'colcon_pkg'
[0.385s] Level 1:colcon.colcon_core.package_identification:_identify(src/marco_docking) by extensions ['colcon_meta']
[0.385s] Level 1:colcon.colcon_core.package_identification:_identify(src/marco_docking) by extension 'colcon_meta'
[0.385s] Level 1:colcon.colcon_core.package_identification:_identify(src/marco_docking) by extensions ['ros']
[0.385s] Level 1:colcon.colcon_core.package_identification:_identify(src/marco_docking) by extension 'ros'
[0.386s] DEBUG:colcon.colcon_core.package_identification:Package 'src/marco_docking' with type 'ros.ament_python' and name 'marco_docking'
[0.386s] Level 1:colcon.colcon_core.package_identification:_identify(src/marco_localization) by extensions ['ignore', 'ignore_ament_install']
[0.386s] Level 1:colcon.colcon_core.package_identification:_identify(src/marco_localization) by extension 'ignore'
[0.386s] Level 1:colcon.colcon_core.package_identification:_identify(src/marco_localization) by extension 'ignore_ament_install'
[0.386s] Level 1:colcon.colcon_core.package_identification:_identify(src/marco_localization) by extensions ['colcon_pkg']
[0.386s] Level 1:colcon.colcon_core.package_identification:_identify(src/marco_localization) by extension 'colcon_pkg'
[0.386s] Level 1:colcon.colcon_core.package_identification:_identify(src/marco_localization) by extensions ['colcon_meta']
[0.386s] Level 1:colcon.colcon_core.package_identification:_identify(src/marco_localization) by extension 'colcon_meta'
[0.386s] Level 1:colcon.colcon_core.package_identification:_identify(src/marco_localization) by extensions ['ros']
[0.386s] Level 1:colcon.colcon_core.package_identification:_identify(src/marco_localization) by extension 'ros'
[0.387s] DEBUG:colcon.colcon_core.package_identification:Package 'src/marco_localization' with type 'ros.ament_cmake' and name 'marco_localization'
[0.387s] Level 1:colcon.colcon_core.package_identification:_identify(src/marco_mission) by extensions ['ignore', 'ignore_ament_install']
[0.387s] Level 1:colcon.colcon_core.package_identification:_identify(src/marco_mission) by extension 'ignore'
[0.387s] Level 1:colcon.colcon_core.package_identification:_identify(src/marco_mission) by extension 'ignore_ament_install'
[0.388s] Level 1:colcon.colcon_core.package_identification:_identify(src/marco_mission) by extensions ['colcon_pkg']
[0.388s] Level 1:colcon.colcon_core.package_identification:_identify(src/marco_mission) by extension 'colcon_pkg'
[0.388s] Level 1:colcon.colcon_core.package_identification:_identify(src/marco_mission) by extensions ['colcon_meta']
[0.388s] Level 1:colcon.colcon_core.package_identification:_identify(src/marco_mission) by extension 'colcon_meta'
[0.388s] Level 1:colcon.colcon_core.package_identification:_identify(src/marco_mission) by extensions ['ros']
[0.388s] Level 1:colcon.colcon_core.package_identification:_identify(src/marco_mission) by extension 'ros'
[0.389s] DEBUG:colcon.colcon_core.package_identification:Package 'src/marco_mission' with type 'ros.ament_python' and name 'marco_mission'
[0.389s] Level 1:colcon.colcon_core.package_identification:_identify(src/marco_msgs) by extensions ['ignore', 'ignore_ament_install']
[0.389s] Level 1:colcon.colcon_core.package_identification:_identify(src/marco_msgs) by extension 'ignore'
[0.389s] Level 1:colcon.colcon_core.package_identification:_identify(src/marco_msgs) by extension 'ignore_ament_install'
[0.389s] Level 1:colcon.colcon_core.package_identification:_identify(src/marco_msgs) by extensions ['colcon_pkg']
[0.389s] Level 1:colcon.colcon_core.package_identification:_identify(src/marco_msgs) by extension 'colcon_pkg'
[0.389s] Level 1:colcon.colcon_core.package_identification:_identify(src/marco_msgs) by extensions ['colcon_meta']
[0.389s] Level 1:colcon.colcon_core.package_identification:_identify(src/marco_msgs) by extension 'colcon_meta'
[0.389s] Level 1:colcon.colcon_core.package_identification:_identify(src/marco_msgs) by extensions ['ros']
[0.389s] Level 1:colcon.colcon_core.package_identification:_identify(src/marco_msgs) by extension 'ros'
[0.390s] DEBUG:colcon.colcon_core.package_identification:Package 'src/marco_msgs' with type 'ros.ament_cmake' and name 'marco_msgs'
[0.390s] Level 1:colcon.colcon_core.package_identification:_identify(src/marco_navigation) by extensions ['ignore', 'ignore_ament_install']
[0.390s] Level 1:colcon.colcon_core.package_identification:_identify(src/marco_navigation) by extension 'ignore'
[0.390s] Level 1:colcon.colcon_core.package_identification:_identify(src/marco_navigation) by extension 'ignore_ament_install'
[0.390s] Level 1:colcon.colcon_core.package_identification:_identify(src/marco_navigation) by extensions ['colcon_pkg']
[0.390s] Level 1:colcon.colcon_core.package_identification:_identify(src/marco_navigation) by extension 'colcon_pkg'
[0.390s] Level 1:colcon.colcon_core.package_identification:_identify(src/marco_navigation) by extensions ['colcon_meta']
[0.390s] Level 1:colcon.colcon_core.package_identification:_identify(src/marco_navigation) by extension 'colcon_meta'
[0.390s] Level 1:colcon.colcon_core.package_identification:_identify(src/marco_navigation) by extensions ['ros']
[0.391s] Level 1:colcon.colcon_core.package_identification:_identify(src/marco_navigation) by extension 'ros'
[0.391s] DEBUG:colcon.colcon_core.package_identification:Package 'src/marco_navigation' with type 'ros.ament_cmake' and name 'marco_navigation'
[0.391s] Level 1:colcon.colcon_core.package_identification:_identify(src/marco_perception) by extensions ['ignore', 'ignore_ament_install']
[0.392s] Level 1:colcon.colcon_core.package_identification:_identify(src/marco_perception) by extension 'ignore'
[0.392s] Level 1:colcon.colcon_core.package_identification:_identify(src/marco_perception) by extension 'ignore_ament_install'
[0.392s] Level 1:colcon.colcon_core.package_identification:_identify(src/marco_perception) by extensions ['colcon_pkg']
[0.392s] Level 1:colcon.colcon_core.package_identification:_identify(src/marco_perception) by extension 'colcon_pkg'
[0.392s] Level 1:colcon.colcon_core.package_identification:_identify(src/marco_perception) by extensions ['colcon_meta']
[0.392s] Level 1:colcon.colcon_core.package_identification:_identify(src/marco_perception) by extension 'colcon_meta'
[0.392s] Level 1:colcon.colcon_core.package_identification:_identify(src/marco_perception) by extensions ['ros']
[0.392s] Level 1:colcon.colcon_core.package_identification:_identify(src/marco_perception) by extension 'ros'
[0.393s] DEBUG:colcon.colcon_core.package_identification:Package 'src/marco_perception' with type 'ros.ament_python' and name 'marco_perception'
[0.393s] Level 1:colcon.colcon_core.package_identification:_identify(src/marco_safety) by extensions ['ignore', 'ignore_ament_install']
[0.393s] Level 1:colcon.colcon_core.package_identification:_identify(src/marco_safety) by extension 'ignore'
[0.393s] Level 1:colcon.colcon_core.package_identification:_identify(src/marco_safety) by extension 'ignore_ament_install'
[0.393s] Level 1:colcon.colcon_core.package_identification:_identify(src/marco_safety) by extensions ['colcon_pkg']
[0.393s] Level 1:colcon.colcon_core.package_identification:_identify(src/marco_safety) by extension 'colcon_pkg'
[0.393s] Level 1:colcon.colcon_core.package_identification:_identify(src/marco_safety) by extensions ['colcon_meta']
[0.393s] Level 1:colcon.colcon_core.package_identification:_identify(src/marco_safety) by extension 'colcon_meta'
[0.393s] Level 1:colcon.colcon_core.package_identification:_identify(src/marco_safety) by extensions ['ros']
[0.393s] Level 1:colcon.colcon_core.package_identification:_identify(src/marco_safety) by extension 'ros'
[0.394s] DEBUG:colcon.colcon_core.package_identification:Package 'src/marco_safety' with type 'ros.ament_cmake' and name 'marco_safety'
[0.394s] Level 1:colcon.colcon_core.package_identification:_identify(src/marco_simulation) by extensions ['ignore', 'ignore_ament_install']
[0.394s] Level 1:colcon.colcon_core.package_identification:_identify(src/marco_simulation) by extension 'ignore'
[0.394s] Level 1:colcon.colcon_core.package_identification:_identify(src/marco_simulation) by extension 'ignore_ament_install'
[0.394s] Level 1:colcon.colcon_core.package_identification:_identify(src/marco_simulation) by extensions ['colcon_pkg']
[0.394s] Level 1:colcon.colcon_core.package_identification:_identify(src/marco_simulation) by extension 'colcon_pkg'
[0.394s] Level 1:colcon.colcon_core.package_identification:_identify(src/marco_simulation) by extensions ['colcon_meta']
[0.394s] Level 1:colcon.colcon_core.package_identification:_identify(src/marco_simulation) by extension 'colcon_meta'
[0.394s] Level 1:colcon.colcon_core.package_identification:_identify(src/marco_simulation) by extensions ['ros']
[0.394s] Level 1:colcon.colcon_core.package_identification:_identify(src/marco_simulation) by extension 'ros'
[0.395s] DEBUG:colcon.colcon_core.package_identification:Package 'src/marco_simulation' with type 'ros.ament_cmake' and name 'marco_simulation'
[0.395s] Level 1:colcon.colcon_core.package_discovery:discover_packages(recursive) using defaults
[0.395s] Level 1:colcon.colcon_core.package_discovery:discover_packages(ignore) discover
[0.395s] Level 1:colcon.colcon_core.package_discovery:discover_packages(ignore) using defaults
[0.395s] Level 1:colcon.colcon_core.package_discovery:discover_packages(path) discover
[0.395s] Level 1:colcon.colcon_core.package_discovery:discover_packages(path) using defaults
[0.473s] Level 5:colcon.colcon_core.verb:set package 'lane_tracking' build argument 'cmake_args' from command line to 'None'
[0.474s] Level 5:colcon.colcon_core.verb:set package 'lane_tracking' build argument 'cmake_target' from command line to 'None'
[0.474s] Level 5:colcon.colcon_core.verb:set package 'lane_tracking' build argument 'cmake_target_skip_unavailable' from command line to 'False'
[0.474s] Level 5:colcon.colcon_core.verb:set package 'lane_tracking' build argument 'cmake_clean_cache' from command line to 'False'
[0.474s] Level 5:colcon.colcon_core.verb:set package 'lane_tracking' build argument 'cmake_clean_first' from command line to 'False'
[0.474s] Level 5:colcon.colcon_core.verb:set package 'lane_tracking' build argument 'cmake_force_configure' from command line to 'False'
[0.474s] Level 5:colcon.colcon_core.verb:set package 'lane_tracking' build argument 'ament_cmake_args' from command line to 'None'
[0.474s] Level 5:colcon.colcon_core.verb:set package 'lane_tracking' build argument 'catkin_cmake_args' from command line to 'None'
[0.474s] Level 5:colcon.colcon_core.verb:set package 'lane_tracking' build argument 'catkin_skip_building_tests' from command line to 'False'
[0.474s] DEBUG:colcon.colcon_core.verb:Building package 'lane_tracking' with the following arguments: {'ament_cmake_args': None, 'build_base': '/home/orangepi/marco_ws/build/lane_tracking', 'catkin_cmake_args': None, 'catkin_skip_building_tests': False, 'cmake_args': None, 'cmake_clean_cache': False, 'cmake_clean_first': False, 'cmake_force_configure': False, 'cmake_target': None, 'cmake_target_skip_unavailable': False, 'install_base': '/home/orangepi/marco_ws/install/lane_tracking', 'merge_install': False, 'path': '/home/orangepi/marco_ws/src/lane_tracking', 'symlink_install': False, 'test_result_base': None}
[0.475s] Level 5:colcon.colcon_core.verb:set package 'marco_base' build argument 'cmake_args' from command line to 'None'
[0.475s] Level 5:colcon.colcon_core.verb:set package 'marco_base' build argument 'cmake_target' from command line to 'None'
[0.475s] Level 5:colcon.colcon_core.verb:set package 'marco_base' build argument 'cmake_target_skip_unavailable' from command line to 'False'
[0.475s] Level 5:colcon.colcon_core.verb:set package 'marco_base' build argument 'cmake_clean_cache' from command line to 'False'
[0.475s] Level 5:colcon.colcon_core.verb:set package 'marco_base' build argument 'cmake_clean_first' from command line to 'False'
[0.475s] Level 5:colcon.colcon_core.verb:set package 'marco_base' build argument 'cmake_force_configure' from command line to 'False'
[0.475s] Level 5:colcon.colcon_core.verb:set package 'marco_base' build argument 'ament_cmake_args' from command line to 'None'
[0.475s] Level 5:colcon.colcon_core.verb:set package 'marco_base' build argument 'catkin_cmake_args' from command line to 'None'
[0.475s] Level 5:colcon.colcon_core.verb:set package 'marco_base' build argument 'catkin_skip_building_tests' from command line to 'False'
[0.475s] DEBUG:colcon.colcon_core.verb:Building package 'marco_base' with the following arguments: {'ament_cmake_args': None, 'build_base': '/home/orangepi/marco_ws/build/marco_base', 'catkin_cmake_args': None, 'catkin_skip_building_tests': False, 'cmake_args': None, 'cmake_clean_cache': False, 'cmake_clean_first': False, 'cmake_force_configure': False, 'cmake_target': None, 'cmake_target_skip_unavailable': False, 'install_base': '/home/orangepi/marco_ws/install/marco_base', 'merge_install': False, 'path': '/home/orangepi/marco_ws/src/marco_base', 'symlink_install': False, 'test_result_base': None}
[0.475s] Level 5:colcon.colcon_core.verb:set package 'marco_description' build argument 'cmake_args' from command line to 'None'
[0.475s] Level 5:colcon.colcon_core.verb:set package 'marco_description' build argument 'cmake_target' from command line to 'None'
[0.475s] Level 5:colcon.colcon_core.verb:set package 'marco_description' build argument 'cmake_target_skip_unavailable' from command line to 'False'
[0.475s] Level 5:colcon.colcon_core.verb:set package 'marco_description' build argument 'cmake_clean_cache' from command line to 'False'
[0.475s] Level 5:colcon.colcon_core.verb:set package 'marco_description' build argument 'cmake_clean_first' from command line to 'False'
[0.475s] Level 5:colcon.colcon_core.verb:set package 'marco_description' build argument 'cmake_force_configure' from command line to 'False'
[0.475s] Level 5:colcon.colcon_core.verb:set package 'marco_description' build argument 'ament_cmake_args' from command line to 'None'
[0.476s] Level 5:colcon.colcon_core.verb:set package 'marco_description' build argument 'catkin_cmake_args' from command line to 'None'
[0.476s] Level 5:colcon.colcon_core.verb:set package 'marco_description' build argument 'catkin_skip_building_tests' from command line to 'False'
[0.476s] DEBUG:colcon.colcon_core.verb:Building package 'marco_description' with the following arguments: {'ament_cmake_args': None, 'build_base': '/home/orangepi/marco_ws/build/marco_description', 'catkin_cmake_args': None, 'catkin_skip_building_tests': False, 'cmake_args': None, 'cmake_clean_cache': False, 'cmake_clean_first': False, 'cmake_force_configure': False, 'cmake_target': None, 'cmake_target_skip_unavailable': False, 'install_base': '/home/orangepi/marco_ws/install/marco_description', 'merge_install': False, 'path': '/home/orangepi/marco_ws/src/marco_description', 'symlink_install': False, 'test_result_base': None}
[0.476s] Level 5:colcon.colcon_core.verb:set package 'marco_msgs' build argument 'cmake_args' from command line to 'None'
[0.476s] Level 5:colcon.colcon_core.verb:set package 'marco_msgs' build argument 'cmake_target' from command line to 'None'
[0.476s] Level 5:colcon.colcon_core.verb:set package 'marco_msgs' build argument 'cmake_target_skip_unavailable' from command line to 'False'
[0.476s] Level 5:colcon.colcon_core.verb:set package 'marco_msgs' build argument 'cmake_clean_cache' from command line to 'False'
[0.476s] Level 5:colcon.colcon_core.verb:set package 'marco_msgs' build argument 'cmake_clean_first' from command line to 'False'
[0.476s] Level 5:colcon.colcon_core.verb:set package 'marco_msgs' build argument 'cmake_force_configure' from command line to 'False'
[0.476s] Level 5:colcon.colcon_core.verb:set package 'marco_msgs' build argument 'ament_cmake_args' from command line to 'None'
[0.476s] Level 5:colcon.colcon_core.verb:set package 'marco_msgs' build argument 'catkin_cmake_args' from command line to 'None'
[0.476s] Level 5:colcon.colcon_core.verb:set package 'marco_msgs' build argument 'catkin_skip_building_tests' from command line to 'False'
[0.476s] DEBUG:colcon.colcon_core.verb:Building package 'marco_msgs' with the following arguments: {'ament_cmake_args': None, 'build_base': '/home/orangepi/marco_ws/build/marco_msgs', 'catkin_cmake_args': None, 'catkin_skip_building_tests': False, 'cmake_args': None, 'cmake_clean_cache': False, 'cmake_clean_first': False, 'cmake_force_configure': False, 'cmake_target': None, 'cmake_target_skip_unavailable': False, 'install_base': '/home/orangepi/marco_ws/install/marco_msgs', 'merge_install': False, 'path': '/home/orangepi/marco_ws/src/marco_msgs', 'symlink_install': False, 'test_result_base': None}
[0.477s] Level 5:colcon.colcon_core.verb:set package 'marco_navigation' build argument 'cmake_args' from command line to 'None'
[0.477s] Level 5:colcon.colcon_core.verb:set package 'marco_navigation' build argument 'cmake_target' from command line to 'None'
[0.477s] Level 5:colcon.colcon_core.verb:set package 'marco_navigation' build argument 'cmake_target_skip_unavailable' from command line to 'False'
[0.477s] Level 5:colcon.colcon_core.verb:set package 'marco_navigation' build argument 'cmake_clean_cache' from command line to 'False'
[0.477s] Level 5:colcon.colcon_core.verb:set package 'marco_navigation' build argument 'cmake_clean_first' from command line to 'False'
[0.477s] Level 5:colcon.colcon_core.verb:set package 'marco_navigation' build argument 'cmake_force_configure' from command line to 'False'
[0.477s] Level 5:colcon.colcon_core.verb:set package 'marco_navigation' build argument 'ament_cmake_args' from command line to 'None'
[0.477s] Level 5:colcon.colcon_core.verb:set package 'marco_navigation' build argument 'catkin_cmake_args' from command line to 'None'
[0.477s] Level 5:colcon.colcon_core.verb:set package 'marco_navigation' build argument 'catkin_skip_building_tests' from command line to 'False'
[0.477s] DEBUG:colcon.colcon_core.verb:Building package 'marco_navigation' with the following arguments: {'ament_cmake_args': None, 'build_base': '/home/orangepi/marco_ws/build/marco_navigation', 'catkin_cmake_args': None, 'catkin_skip_building_tests': False, 'cmake_args': None, 'cmake_clean_cache': False, 'cmake_clean_first': False, 'cmake_force_configure': False, 'cmake_target': None, 'cmake_target_skip_unavailable': False, 'install_base': '/home/orangepi/marco_ws/install/marco_navigation', 'merge_install': False, 'path': '/home/orangepi/marco_ws/src/marco_navigation', 'symlink_install': False, 'test_result_base': None}
[0.477s] Level 5:colcon.colcon_core.verb:set package 'marco_safety' build argument 'cmake_args' from command line to 'None'
[0.477s] Level 5:colcon.colcon_core.verb:set package 'marco_safety' build argument 'cmake_target' from command line to 'None'
[0.477s] Level 5:colcon.colcon_core.verb:set package 'marco_safety' build argument 'cmake_target_skip_unavailable' from command line to 'False'
[0.477s] Level 5:colcon.colcon_core.verb:set package 'marco_safety' build argument 'cmake_clean_cache' from command line to 'False'
[0.477s] Level 5:colcon.colcon_core.verb:set package 'marco_safety' build argument 'cmake_clean_first' from command line to 'False'
[0.477s] Level 5:colcon.colcon_core.verb:set package 'marco_safety' build argument 'cmake_force_configure' from command line to 'False'
[0.477s] Level 5:colcon.colcon_core.verb:set package 'marco_safety' build argument 'ament_cmake_args' from command line to 'None'
[0.477s] Level 5:colcon.colcon_core.verb:set package 'marco_safety' build argument 'catkin_cmake_args' from command line to 'None'
[0.478s] Level 5:colcon.colcon_core.verb:set package 'marco_safety' build argument 'catkin_skip_building_tests' from command line to 'False'
[0.478s] DEBUG:colcon.colcon_core.verb:Building package 'marco_safety' with the following arguments: {'ament_cmake_args': None, 'build_base': '/home/orangepi/marco_ws/build/marco_safety', 'catkin_cmake_args': None, 'catkin_skip_building_tests': False, 'cmake_args': None, 'cmake_clean_cache': False, 'cmake_clean_first': False, 'cmake_force_configure': False, 'cmake_target': None, 'cmake_target_skip_unavailable': False, 'install_base': '/home/orangepi/marco_ws/install/marco_safety', 'merge_install': False, 'path': '/home/orangepi/marco_ws/src/marco_safety', 'symlink_install': False, 'test_result_base': None}
[0.478s] Level 5:colcon.colcon_core.verb:set package 'marco_simulation' build argument 'cmake_args' from command line to 'None'
[0.478s] Level 5:colcon.colcon_core.verb:set package 'marco_simulation' build argument 'cmake_target' from command line to 'None'
[0.478s] Level 5:colcon.colcon_core.verb:set package 'marco_simulation' build argument 'cmake_target_skip_unavailable' from command line to 'False'
[0.478s] Level 5:colcon.colcon_core.verb:set package 'marco_simulation' build argument 'cmake_clean_cache' from command line to 'False'
[0.478s] Level 5:colcon.colcon_core.verb:set package 'marco_simulation' build argument 'cmake_clean_first' from command line to 'False'
[0.478s] Level 5:colcon.colcon_core.verb:set package 'marco_simulation' build argument 'cmake_force_configure' from command line to 'False'
[0.478s] Level 5:colcon.colcon_core.verb:set package 'marco_simulation' build argument 'ament_cmake_args' from command line to 'None'
[0.478s] Level 5:colcon.colcon_core.verb:set package 'marco_simulation' build argument 'catkin_cmake_args' from command line to 'None'
[0.478s] Level 5:colcon.colcon_core.verb:set package 'marco_simulation' build argument 'catkin_skip_building_tests' from command line to 'False'
[0.478s] DEBUG:colcon.colcon_core.verb:Building package 'marco_simulation' with the following arguments: {'ament_cmake_args': None, 'build_base': '/home/orangepi/marco_ws/build/marco_simulation', 'catkin_cmake_args': None, 'catkin_skip_building_tests': False, 'cmake_args': None, 'cmake_clean_cache': False, 'cmake_clean_first': False, 'cmake_force_configure': False, 'cmake_target': None, 'cmake_target_skip_unavailable': False, 'install_base': '/home/orangepi/marco_ws/install/marco_simulation', 'merge_install': False, 'path': '/home/orangepi/marco_ws/src/marco_simulation', 'symlink_install': False, 'test_result_base': None}
[0.479s] Level 5:colcon.colcon_core.verb:set package 'marco_bringup' build argument 'cmake_args' from command line to 'None'
[0.479s] Level 5:colcon.colcon_core.verb:set package 'marco_bringup' build argument 'cmake_target' from command line to 'None'
[0.479s] Level 5:colcon.colcon_core.verb:set package 'marco_bringup' build argument 'cmake_target_skip_unavailable' from command line to 'False'
[0.479s] Level 5:colcon.colcon_core.verb:set package 'marco_bringup' build argument 'cmake_clean_cache' from command line to 'False'
[0.479s] Level 5:colcon.colcon_core.verb:set package 'marco_bringup' build argument 'cmake_clean_first' from command line to 'False'
[0.479s] Level 5:colcon.colcon_core.verb:set package 'marco_bringup' build argument 'cmake_force_configure' from command line to 'False'
[0.479s] Level 5:colcon.colcon_core.verb:set package 'marco_bringup' build argument 'ament_cmake_args' from command line to 'None'
[0.479s] Level 5:colcon.colcon_core.verb:set package 'marco_bringup' build argument 'catkin_cmake_args' from command line to 'None'
[0.479s] Level 5:colcon.colcon_core.verb:set package 'marco_bringup' build argument 'catkin_skip_building_tests' from command line to 'False'
[0.479s] DEBUG:colcon.colcon_core.verb:Building package 'marco_bringup' with the following arguments: {'ament_cmake_args': None, 'build_base': '/home/orangepi/marco_ws/build/marco_bringup', 'catkin_cmake_args': None, 'catkin_skip_building_tests': False, 'cmake_args': None, 'cmake_clean_cache': False, 'cmake_clean_first': False, 'cmake_force_configure': False, 'cmake_target': None, 'cmake_target_skip_unavailable': False, 'install_base': '/home/orangepi/marco_ws/install/marco_bringup', 'merge_install': False, 'path': '/home/orangepi/marco_ws/src/marco_bringup', 'symlink_install': False, 'test_result_base': None}
[0.479s] Level 5:colcon.colcon_core.verb:set package 'marco_mission' build argument 'cmake_args' from command line to 'None'
[0.479s] Level 5:colcon.colcon_core.verb:set package 'marco_mission' build argument 'cmake_target' from command line to 'None'
[0.479s] Level 5:colcon.colcon_core.verb:set package 'marco_mission' build argument 'cmake_target_skip_unavailable' from command line to 'False'
[0.479s] Level 5:colcon.colcon_core.verb:set package 'marco_mission' build argument 'cmake_clean_cache' from command line to 'False'
[0.479s] Level 5:colcon.colcon_core.verb:set package 'marco_mission' build argument 'cmake_clean_first' from command line to 'False'
[0.479s] Level 5:colcon.colcon_core.verb:set package 'marco_mission' build argument 'cmake_force_configure' from command line to 'False'
[0.479s] Level 5:colcon.colcon_core.verb:set package 'marco_mission' build argument 'ament_cmake_args' from command line to 'None'
[0.479s] Level 5:colcon.colcon_core.verb:set package 'marco_mission' build argument 'catkin_cmake_args' from command line to 'None'
[0.479s] Level 5:colcon.colcon_core.verb:set package 'marco_mission' build argument 'catkin_skip_building_tests' from command line to 'False'
[0.479s] DEBUG:colcon.colcon_core.verb:Building package 'marco_mission' with the following arguments: {'ament_cmake_args': None, 'build_base': '/home/orangepi/marco_ws/build/marco_mission', 'catkin_cmake_args': None, 'catkin_skip_building_tests': False, 'cmake_args': None, 'cmake_clean_cache': False, 'cmake_clean_first': False, 'cmake_force_configure': False, 'cmake_target': None, 'cmake_target_skip_unavailable': False, 'install_base': '/home/orangepi/marco_ws/install/marco_mission', 'merge_install': False, 'path': '/home/orangepi/marco_ws/src/marco_mission', 'symlink_install': False, 'test_result_base': None}
[0.480s] Level 5:colcon.colcon_core.verb:set package 'marco_perception' build argument 'cmake_args' from command line to 'None'
[0.480s] Level 5:colcon.colcon_core.verb:set package 'marco_perception' build argument 'cmake_target' from command line to 'None'
[0.480s] Level 5:colcon.colcon_core.verb:set package 'marco_perception' build argument 'cmake_target_skip_unavailable' from command line to 'False'
[0.480s] Level 5:colcon.colcon_core.verb:set package 'marco_perception' build argument 'cmake_clean_cache' from command line to 'False'
[0.480s] Level 5:colcon.colcon_core.verb:set package 'marco_perception' build argument 'cmake_clean_first' from command line to 'False'
[0.480s] Level 5:colcon.colcon_core.verb:set package 'marco_perception' build argument 'cmake_force_configure' from command line to 'False'
[0.480s] Level 5:colcon.colcon_core.verb:set package 'marco_perception' build argument 'ament_cmake_args' from command line to 'None'
[0.480s] Level 5:colcon.colcon_core.verb:set package 'marco_perception' build argument 'catkin_cmake_args' from command line to 'None'
[0.480s] Level 5:colcon.colcon_core.verb:set package 'marco_perception' build argument 'catkin_skip_building_tests' from command line to 'False'
[0.480s] DEBUG:colcon.colcon_core.verb:Building package 'marco_perception' with the following arguments: {'ament_cmake_args': None, 'build_base': '/home/orangepi/marco_ws/build/marco_perception', 'catkin_cmake_args': None, 'catkin_skip_building_tests': False, 'cmake_args': None, 'cmake_clean_cache': False, 'cmake_clean_first': False, 'cmake_force_configure': False, 'cmake_target': None, 'cmake_target_skip_unavailable': False, 'install_base': '/home/orangepi/marco_ws/install/marco_perception', 'merge_install': False, 'path': '/home/orangepi/marco_ws/src/marco_perception', 'symlink_install': False, 'test_result_base': None}
[0.480s] Level 5:colcon.colcon_core.verb:set package 'marco_docking' build argument 'cmake_args' from command line to 'None'
[0.480s] Level 5:colcon.colcon_core.verb:set package 'marco_docking' build argument 'cmake_target' from command line to 'None'
[0.480s] Level 5:colcon.colcon_core.verb:set package 'marco_docking' build argument 'cmake_target_skip_unavailable' from command line to 'False'
[0.480s] Level 5:colcon.colcon_core.verb:set package 'marco_docking' build argument 'cmake_clean_cache' from command line to 'False'
[0.481s] Level 5:colcon.colcon_core.verb:set package 'marco_docking' build argument 'cmake_clean_first' from command line to 'False'
[0.481s] Level 5:colcon.colcon_core.verb:set package 'marco_docking' build argument 'cmake_force_configure' from command line to 'False'
[0.481s] Level 5:colcon.colcon_core.verb:set package 'marco_docking' build argument 'ament_cmake_args' from command line to 'None'
[0.481s] Level 5:colcon.colcon_core.verb:set package 'marco_docking' build argument 'catkin_cmake_args' from command line to 'None'
[0.481s] Level 5:colcon.colcon_core.verb:set package 'marco_docking' build argument 'catkin_skip_building_tests' from command line to 'False'
[0.481s] DEBUG:colcon.colcon_core.verb:Building package 'marco_docking' with the following arguments: {'ament_cmake_args': None, 'build_base': '/home/orangepi/marco_ws/build/marco_docking', 'catkin_cmake_args': None, 'catkin_skip_building_tests': False, 'cmake_args': None, 'cmake_clean_cache': False, 'cmake_clean_first': False, 'cmake_force_configure': False, 'cmake_target': None, 'cmake_target_skip_unavailable': False, 'install_base': '/home/orangepi/marco_ws/install/marco_docking', 'merge_install': False, 'path': '/home/orangepi/marco_ws/src/marco_docking', 'symlink_install': False, 'test_result_base': None}
[0.481s] Level 5:colcon.colcon_core.verb:set package 'marco_localization' build argument 'cmake_args' from command line to 'None'
[0.481s] Level 5:colcon.colcon_core.verb:set package 'marco_localization' build argument 'cmake_target' from command line to 'None'
[0.481s] Level 5:colcon.colcon_core.verb:set package 'marco_localization' build argument 'cmake_target_skip_unavailable' from command line to 'False'
[0.481s] Level 5:colcon.colcon_core.verb:set package 'marco_localization' build argument 'cmake_clean_cache' from command line to 'False'
[0.481s] Level 5:colcon.colcon_core.verb:set package 'marco_localization' build argument 'cmake_clean_first' from command line to 'False'
[0.481s] Level 5:colcon.colcon_core.verb:set package 'marco_localization' build argument 'cmake_force_configure' from command line to 'False'
[0.481s] Level 5:colcon.colcon_core.verb:set package 'marco_localization' build argument 'ament_cmake_args' from command line to 'None'
[0.481s] Level 5:colcon.colcon_core.verb:set package 'marco_localization' build argument 'catkin_cmake_args' from command line to 'None'
[0.481s] Level 5:colcon.colcon_core.verb:set package 'marco_localization' build argument 'catkin_skip_building_tests' from command line to 'False'
[0.481s] DEBUG:colcon.colcon_core.verb:Building package 'marco_localization' with the following arguments: {'ament_cmake_args': None, 'build_base': '/home/orangepi/marco_ws/build/marco_localization', 'catkin_cmake_args': None, 'catkin_skip_building_tests': False, 'cmake_args': None, 'cmake_clean_cache': False, 'cmake_clean_first': False, 'cmake_force_configure': False, 'cmake_target': None, 'cmake_target_skip_unavailable': False, 'install_base': '/home/orangepi/marco_ws/install/marco_localization', 'merge_install': False, 'path': '/home/orangepi/marco_ws/src/marco_localization', 'symlink_install': False, 'test_result_base': None}
[0.482s] INFO:colcon.colcon_core.executor:Executing jobs using 'parallel' executor
[0.485s] DEBUG:colcon.colcon_parallel_executor.executor.parallel:run_until_complete
[0.487s] INFO:colcon.colcon_ros.task.ament_cmake.build:Building ROS package in '/home/orangepi/marco_ws/src/marco_msgs' with build type 'ament_cmake'
[0.488s] INFO:colcon.colcon_cmake.task.cmake.build:Building CMake package in '/home/orangepi/marco_ws/src/marco_msgs'
[0.499s] INFO:colcon.colcon_core.plugin_system:Skipping extension 'colcon_core.shell.bat': Not used on non-Windows systems
[0.500s] INFO:colcon.colcon_core.shell:Skip shell extension 'powershell' for command environment: Not usable outside of PowerShell
[0.500s] DEBUG:colcon.colcon_core.shell:Skip shell extension 'dsv' for command environment
[0.510s] INFO:colcon.colcon_ros.task.ament_python.build:Building ROS package in '/home/orangepi/marco_ws/src/marco_base' with build type 'ament_python'
[0.510s] Level 1:colcon.colcon_core.shell:create_environment_hook('marco_base', 'ament_prefix_path')
[0.510s] INFO:colcon.colcon_core.shell:Creating environment hook '/home/orangepi/marco_ws/install/marco_base/share/marco_base/hook/ament_prefix_path.ps1'
[0.512s] INFO:colcon.colcon_core.shell:Creating environment descriptor '/home/orangepi/marco_ws/install/marco_base/share/marco_base/hook/ament_prefix_path.dsv'
[0.513s] INFO:colcon.colcon_core.shell:Creating environment hook '/home/orangepi/marco_ws/install/marco_base/share/marco_base/hook/ament_prefix_path.sh'
[0.514s] INFO:colcon.colcon_core.shell:Skip shell extension 'powershell' for command environment: Not usable outside of PowerShell
[0.514s] DEBUG:colcon.colcon_core.shell:Skip shell extension 'dsv' for command environment
[0.520s] INFO:colcon.colcon_ros.task.ament_cmake.build:Building ROS package in '/home/orangepi/marco_ws/src/marco_description' with build type 'ament_cmake'
[0.520s] INFO:colcon.colcon_cmake.task.cmake.build:Building CMake package in '/home/orangepi/marco_ws/src/marco_description'
[0.520s] INFO:colcon.colcon_core.shell:Skip shell extension 'powershell' for command environment: Not usable outside of PowerShell
[0.521s] DEBUG:colcon.colcon_core.shell:Skip shell extension 'dsv' for command environment
[0.527s] INFO:colcon.colcon_ros.task.ament_cmake.build:Building ROS package in '/home/orangepi/marco_ws/src/marco_navigation' with build type 'ament_cmake'
[0.528s] INFO:colcon.colcon_cmake.task.cmake.build:Building CMake package in '/home/orangepi/marco_ws/src/marco_navigation'
[0.528s] INFO:colcon.colcon_core.shell:Skip shell extension 'powershell' for command environment: Not usable outside of PowerShell
[0.528s] DEBUG:colcon.colcon_core.shell:Skip shell extension 'dsv' for command environment
[0.535s] INFO:colcon.colcon_ros.task.ament_python.build:Building ROS package in '/home/orangepi/marco_ws/src/lane_tracking' with build type 'ament_python'
[0.535s] Level 1:colcon.colcon_core.shell:create_environment_hook('lane_tracking', 'ament_prefix_path')
[0.535s] INFO:colcon.colcon_core.shell:Creating environment hook '/home/orangepi/marco_ws/install/lane_tracking/share/lane_tracking/hook/ament_prefix_path.ps1'
[0.536s] INFO:colcon.colcon_core.shell:Creating environment descriptor '/home/orangepi/marco_ws/install/lane_tracking/share/lane_tracking/hook/ament_prefix_path.dsv'
[0.537s] INFO:colcon.colcon_core.shell:Creating environment hook '/home/orangepi/marco_ws/install/lane_tracking/share/lane_tracking/hook/ament_prefix_path.sh'
[0.538s] INFO:colcon.colcon_core.shell:Skip shell extension 'powershell' for command environment: Not usable outside of PowerShell
[0.538s] DEBUG:colcon.colcon_core.shell:Skip shell extension 'dsv' for command environment
[0.544s] INFO:colcon.colcon_ros.task.ament_cmake.build:Building ROS package in '/home/orangepi/marco_ws/src/marco_safety' with build type 'ament_cmake'
[0.544s] INFO:colcon.colcon_cmake.task.cmake.build:Building CMake package in '/home/orangepi/marco_ws/src/marco_safety'
[0.545s] INFO:colcon.colcon_core.shell:Skip shell extension 'powershell' for command environment: Not usable outside of PowerShell
[0.545s] DEBUG:colcon.colcon_core.shell:Skip shell extension 'dsv' for command environment
[0.551s] INFO:colcon.colcon_ros.task.ament_cmake.build:Building ROS package in '/home/orangepi/marco_ws/src/marco_simulation' with build type 'ament_cmake'
[0.552s] INFO:colcon.colcon_cmake.task.cmake.build:Building CMake package in '/home/orangepi/marco_ws/src/marco_simulation'
[0.552s] INFO:colcon.colcon_core.shell:Skip shell extension 'powershell' for command environment: Not usable outside of PowerShell
[0.552s] DEBUG:colcon.colcon_core.shell:Skip shell extension 'dsv' for command environment
[0.570s] DEBUG:colcon.colcon_core.event_handler.log_command:Invoking command in '/home/orangepi/marco_ws/build/marco_msgs': CMAKE_PREFIX_PATH=${CMAKE_PREFIX_PATH}:/home/orangepi/marco_ws/install/marco_docking:/home/orangepi/marco_ws/install/marco_perception:/home/orangepi/marco_ws/install/marco_mission:/home/orangepi/marco_ws/install/marco_base:/home/orangepi/marco_ws/install/lane_tracking:/opt/ros/humble /usr/bin/cmake --build /home/orangepi/marco_ws/build/marco_msgs -- -j8 -l8
[0.976s] INFO:colcon.colcon_core.task.python.build:Building Python package in '/home/orangepi/marco_ws/src/marco_base'
[0.976s] INFO:colcon.colcon_core.shell:Skip shell extension 'powershell' for command environment: Not usable outside of PowerShell
[0.976s] DEBUG:colcon.colcon_core.shell:Skip shell extension 'dsv' for command environment
[0.988s] DEBUG:colcon.colcon_core.event_handler.log_command:Invoking command in '/home/orangepi/marco_ws/build/marco_description': CMAKE_PREFIX_PATH=${CMAKE_PREFIX_PATH}:/home/orangepi/marco_ws/install/marco_docking:/home/orangepi/marco_ws/install/marco_perception:/home/orangepi/marco_ws/install/marco_mission:/home/orangepi/marco_ws/install/marco_base:/home/orangepi/marco_ws/install/lane_tracking:/opt/ros/humble /usr/bin/cmake --build /home/orangepi/marco_ws/build/marco_description -- -j8 -l8
[0.991s] DEBUG:colcon.colcon_core.event_handler.log_command:Invoking command in '/home/orangepi/marco_ws/build/marco_navigation': CMAKE_PREFIX_PATH=${CMAKE_PREFIX_PATH}:/home/orangepi/marco_ws/install/marco_docking:/home/orangepi/marco_ws/install/marco_perception:/home/orangepi/marco_ws/install/marco_mission:/home/orangepi/marco_ws/install/marco_base:/home/orangepi/marco_ws/install/lane_tracking:/opt/ros/humble /usr/bin/cmake --build /home/orangepi/marco_ws/build/marco_navigation -- -j8 -l8
[1.441s] INFO:colcon.colcon_core.task.python.build:Building Python package in '/home/orangepi/marco_ws/src/lane_tracking'
[1.442s] INFO:colcon.colcon_core.shell:Skip shell extension 'powershell' for command environment: Not usable outside of PowerShell
[1.442s] DEBUG:colcon.colcon_core.shell:Skip shell extension 'dsv' for command environment
[1.456s] DEBUG:colcon.colcon_core.event_handler.log_command:Invoking command in '/home/orangepi/marco_ws/build/marco_safety': CMAKE_PREFIX_PATH=${CMAKE_PREFIX_PATH}:/home/orangepi/marco_ws/install/marco_docking:/home/orangepi/marco_ws/install/marco_perception:/home/orangepi/marco_ws/install/marco_mission:/home/orangepi/marco_ws/install/marco_base:/home/orangepi/marco_ws/install/lane_tracking:/opt/ros/humble /usr/bin/cmake --build /home/orangepi/marco_ws/build/marco_safety -- -j8 -l8
[1.476s] DEBUG:colcon.colcon_core.event_handler.log_command:Invoking command in '/home/orangepi/marco_ws/build/marco_simulation': CMAKE_PREFIX_PATH=${CMAKE_PREFIX_PATH}:/home/orangepi/marco_ws/install/marco_docking:/home/orangepi/marco_ws/install/marco_perception:/home/orangepi/marco_ws/install/marco_mission:/home/orangepi/marco_ws/install/marco_base:/home/orangepi/marco_ws/install/lane_tracking:/opt/ros/humble /usr/bin/cmake --build /home/orangepi/marco_ws/build/marco_simulation -- -j8 -l8
[1.483s] DEBUG:colcon.colcon_core.event_handler.log_command:Invoked command in '/home/orangepi/marco_ws/build/marco_description' returned '0': CMAKE_PREFIX_PATH=${CMAKE_PREFIX_PATH}:/home/orangepi/marco_ws/install/marco_docking:/home/orangepi/marco_ws/install/marco_perception:/home/orangepi/marco_ws/install/marco_mission:/home/orangepi/marco_ws/install/marco_base:/home/orangepi/marco_ws/install/lane_tracking:/opt/ros/humble /usr/bin/cmake --build /home/orangepi/marco_ws/build/marco_description -- -j8 -l8
[1.522s] DEBUG:colcon.colcon_core.event_handler.log_command:Invoking command in '/home/orangepi/marco_ws/build/marco_description': CMAKE_PREFIX_PATH=${CMAKE_PREFIX_PATH}:/home/orangepi/marco_ws/install/marco_docking:/home/orangepi/marco_ws/install/marco_perception:/home/orangepi/marco_ws/install/marco_mission:/home/orangepi/marco_ws/install/marco_base:/home/orangepi/marco_ws/install/lane_tracking:/opt/ros/humble /usr/bin/cmake --install /home/orangepi/marco_ws/build/marco_description
[1.524s] DEBUG:colcon.colcon_core.event_handler.log_command:Invoked command in '/home/orangepi/marco_ws/build/marco_navigation' returned '0': CMAKE_PREFIX_PATH=${CMAKE_PREFIX_PATH}:/home/orangepi/marco_ws/install/marco_docking:/home/orangepi/marco_ws/install/marco_perception:/home/orangepi/marco_ws/install/marco_mission:/home/orangepi/marco_ws/install/marco_base:/home/orangepi/marco_ws/install/lane_tracking:/opt/ros/humble /usr/bin/cmake --build /home/orangepi/marco_ws/build/marco_navigation -- -j8 -l8
[1.528s] DEBUG:colcon.colcon_core.event_handler.log_command:Invoking command in '/home/orangepi/marco_ws/build/marco_navigation': CMAKE_PREFIX_PATH=${CMAKE_PREFIX_PATH}:/home/orangepi/marco_ws/install/marco_docking:/home/orangepi/marco_ws/install/marco_perception:/home/orangepi/marco_ws/install/marco_mission:/home/orangepi/marco_ws/install/marco_base:/home/orangepi/marco_ws/install/lane_tracking:/opt/ros/humble /usr/bin/cmake --install /home/orangepi/marco_ws/build/marco_navigation
[1.531s] DEBUG:colcon.colcon_core.event_handler.log_command:Invoked command in '/home/orangepi/marco_ws/build/marco_msgs' returned '0': CMAKE_PREFIX_PATH=${CMAKE_PREFIX_PATH}:/home/orangepi/marco_ws/install/marco_docking:/home/orangepi/marco_ws/install/marco_perception:/home/orangepi/marco_ws/install/marco_mission:/home/orangepi/marco_ws/install/marco_base:/home/orangepi/marco_ws/install/lane_tracking:/opt/ros/humble /usr/bin/cmake --build /home/orangepi/marco_ws/build/marco_msgs -- -j8 -l8
[1.537s] DEBUG:colcon.colcon_core.event_handler.log_command:Invoking command in '/home/orangepi/marco_ws/build/marco_msgs': CMAKE_PREFIX_PATH=${CMAKE_PREFIX_PATH}:/home/orangepi/marco_ws/install/marco_docking:/home/orangepi/marco_ws/install/marco_perception:/home/orangepi/marco_ws/install/marco_mission:/home/orangepi/marco_ws/install/marco_base:/home/orangepi/marco_ws/install/lane_tracking:/opt/ros/humble /usr/bin/cmake --install /home/orangepi/marco_ws/build/marco_msgs
[1.591s] Level 1:colcon.colcon_core.environment:create_environment_scripts_only(marco_navigation)
[1.606s] Level 1:colcon.colcon_core.environment:checking '/home/orangepi/marco_ws/install/marco_navigation' for CMake module files
[1.609s] Level 1:colcon.colcon_core.environment:checking '/home/orangepi/marco_ws/install/marco_navigation' for CMake config files
[1.613s] Level 1:colcon.colcon_core.shell:create_environment_hook('marco_navigation', 'cmake_prefix_path')
[1.614s] INFO:colcon.colcon_core.shell:Creating environment hook '/home/orangepi/marco_ws/install/marco_navigation/share/marco_navigation/hook/cmake_prefix_path.ps1'
[1.617s] INFO:colcon.colcon_core.shell:Creating environment descriptor '/home/orangepi/marco_ws/install/marco_navigation/share/marco_navigation/hook/cmake_prefix_path.dsv'
[1.620s] INFO:colcon.colcon_core.shell:Creating environment hook '/home/orangepi/marco_ws/install/marco_navigation/share/marco_navigation/hook/cmake_prefix_path.sh'
[1.627s] Level 1:colcon.colcon_core.environment:checking '/home/orangepi/marco_ws/install/marco_navigation/lib'
[1.630s] Level 1:colcon.colcon_core.environment:checking '/home/orangepi/marco_ws/install/marco_navigation/bin'
[1.632s] Level 1:colcon.colcon_core.environment:checking '/home/orangepi/marco_ws/install/marco_navigation/lib/pkgconfig/marco_navigation.pc'
[1.634s] Level 1:colcon.colcon_core.environment:checking '/home/orangepi/marco_ws/install/marco_navigation/lib/python3.10/site-packages'
[1.637s] Level 1:colcon.colcon_core.environment:checking '/home/orangepi/marco_ws/install/marco_navigation/bin'
[1.641s] INFO:colcon.colcon_core.shell:Creating package script '/home/orangepi/marco_ws/install/marco_navigation/share/marco_navigation/package.ps1'
[1.652s] INFO:colcon.colcon_core.shell:Creating package descriptor '/home/orangepi/marco_ws/install/marco_navigation/share/marco_navigation/package.dsv'
[1.655s] INFO:colcon.colcon_core.shell:Creating package script '/home/orangepi/marco_ws/install/marco_navigation/share/marco_navigation/package.sh'
[1.659s] INFO:colcon.colcon_core.shell:Creating package script '/home/orangepi/marco_ws/install/marco_navigation/share/marco_navigation/package.bash'
[1.662s] INFO:colcon.colcon_core.shell:Creating package script '/home/orangepi/marco_ws/install/marco_navigation/share/marco_navigation/package.zsh'
[1.664s] Level 1:colcon.colcon_core.environment:create_file_with_runtime_dependencies(/home/orangepi/marco_ws/install/marco_navigation/share/colcon-core/packages/marco_navigation)
[1.668s] Level 1:colcon.colcon_core.environment:create_environment_scripts_only(marco_navigation)
[1.669s] Level 1:colcon.colcon_core.environment:checking '/home/orangepi/marco_ws/install/marco_navigation' for CMake module files
[1.673s] Level 1:colcon.colcon_core.environment:checking '/home/orangepi/marco_ws/install/marco_navigation' for CMake config files
[1.677s] Level 1:colcon.colcon_core.shell:create_environment_hook('marco_navigation', 'cmake_prefix_path')
[1.677s] INFO:colcon.colcon_core.shell:Creating environment hook '/home/orangepi/marco_ws/install/marco_navigation/share/marco_navigation/hook/cmake_prefix_path.ps1'
[1.680s] INFO:colcon.colcon_core.shell:Creating environment descriptor '/home/orangepi/marco_ws/install/marco_navigation/share/marco_navigation/hook/cmake_prefix_path.dsv'
[1.682s] INFO:colcon.colcon_core.shell:Creating environment hook '/home/orangepi/marco_ws/install/marco_navigation/share/marco_navigation/hook/cmake_prefix_path.sh'
[1.685s] Level 1:colcon.colcon_core.environment:checking '/home/orangepi/marco_ws/install/marco_navigation/lib'
[1.686s] Level 1:colcon.colcon_core.environment:checking '/home/orangepi/marco_ws/install/marco_navigation/bin'
[1.686s] Level 1:colcon.colcon_core.environment:checking '/home/orangepi/marco_ws/install/marco_navigation/lib/pkgconfig/marco_navigation.pc'
[1.687s] Level 1:colcon.colcon_core.environment:checking '/home/orangepi/marco_ws/install/marco_navigation/lib/python3.10/site-packages'
[1.688s] Level 1:colcon.colcon_core.environment:checking '/home/orangepi/marco_ws/install/marco_navigation/bin'
[1.689s] INFO:colcon.colcon_core.shell:Creating package script '/home/orangepi/marco_ws/install/marco_navigation/share/marco_navigation/package.ps1'
[1.692s] INFO:colcon.colcon_core.shell:Creating package descriptor '/home/orangepi/marco_ws/install/marco_navigation/share/marco_navigation/package.dsv'
[1.696s] INFO:colcon.colcon_core.shell:Creating package script '/home/orangepi/marco_ws/install/marco_navigation/share/marco_navigation/package.sh'
[1.697s] INFO:colcon.colcon_core.shell:Creating package script '/home/orangepi/marco_ws/install/marco_navigation/share/marco_navigation/package.bash'
[1.698s] INFO:colcon.colcon_core.shell:Creating package script '/home/orangepi/marco_ws/install/marco_navigation/share/marco_navigation/package.zsh'
[1.700s] Level 1:colcon.colcon_core.environment:create_file_with_runtime_dependencies(/home/orangepi/marco_ws/install/marco_navigation/share/colcon-core/packages/marco_navigation)
[1.708s] Level 1:colcon.colcon_core.environment:create_environment_scripts_only(marco_description)
[1.709s] Level 1:colcon.colcon_core.environment:checking '/home/orangepi/marco_ws/install/marco_description' for CMake module files
[1.712s] Level 1:colcon.colcon_core.environment:checking '/home/orangepi/marco_ws/install/marco_description' for CMake config files
[1.715s] Level 1:colcon.colcon_core.shell:create_environment_hook('marco_description', 'cmake_prefix_path')
[1.716s] INFO:colcon.colcon_core.shell:Creating environment hook '/home/orangepi/marco_ws/install/marco_description/share/marco_description/hook/cmake_prefix_path.ps1'
[1.717s] INFO:colcon.colcon_core.shell:Creating environment descriptor '/home/orangepi/marco_ws/install/marco_description/share/marco_description/hook/cmake_prefix_path.dsv'
[1.719s] DEBUG:colcon.colcon_core.event_handler.log_command:Invoked command in '/home/orangepi/marco_ws/build/marco_simulation' returned '0': CMAKE_PREFIX_PATH=${CMAKE_PREFIX_PATH}:/home/orangepi/marco_ws/install/marco_docking:/home/orangepi/marco_ws/install/marco_perception:/home/orangepi/marco_ws/install/marco_mission:/home/orangepi/marco_ws/install/marco_base:/home/orangepi/marco_ws/install/lane_tracking:/opt/ros/humble /usr/bin/cmake --build /home/orangepi/marco_ws/build/marco_simulation -- -j8 -l8
[1.720s] INFO:colcon.colcon_core.shell:Creating environment hook '/home/orangepi/marco_ws/install/marco_description/share/marco_description/hook/cmake_prefix_path.sh'
[1.721s] DEBUG:colcon.colcon_core.event_handler.log_command:Invoking command in '/home/orangepi/marco_ws/build/marco_simulation': CMAKE_PREFIX_PATH=${CMAKE_PREFIX_PATH}:/home/orangepi/marco_ws/install/marco_docking:/home/orangepi/marco_ws/install/marco_perception:/home/orangepi/marco_ws/install/marco_mission:/home/orangepi/marco_ws/install/marco_base:/home/orangepi/marco_ws/install/lane_tracking:/opt/ros/humble /usr/bin/cmake --install /home/orangepi/marco_ws/build/marco_simulation
[1.723s] DEBUG:colcon.colcon_core.event_handler.log_command:Invoked command in '/home/orangepi/marco_ws/build/marco_navigation' returned '0': CMAKE_PREFIX_PATH=${CMAKE_PREFIX_PATH}:/home/orangepi/marco_ws/install/marco_docking:/home/orangepi/marco_ws/install/marco_perception:/home/orangepi/marco_ws/install/marco_mission:/home/orangepi/marco_ws/install/marco_base:/home/orangepi/marco_ws/install/lane_tracking:/opt/ros/humble /usr/bin/cmake --install /home/orangepi/marco_ws/build/marco_navigation
[1.723s] Level 1:colcon.colcon_core.environment:checking '/home/orangepi/marco_ws/install/marco_description/bin'
[1.724s] Level 1:colcon.colcon_core.environment:checking '/home/orangepi/marco_ws/install/marco_description/lib/pkgconfig/marco_description.pc'
[1.724s] Level 1:colcon.colcon_core.environment:checking '/home/orangepi/marco_ws/install/marco_description/lib/python3.10/site-packages'
[1.725s] Level 1:colcon.colcon_core.environment:checking '/home/orangepi/marco_ws/install/marco_description/bin'
[1.725s] INFO:colcon.colcon_core.shell:Creating package script '/home/orangepi/marco_ws/install/marco_description/share/marco_description/package.ps1'
[1.726s] INFO:colcon.colcon_core.shell:Creating package descriptor '/home/orangepi/marco_ws/install/marco_description/share/marco_description/package.dsv'
[1.727s] INFO:colcon.colcon_core.shell:Creating package script '/home/orangepi/marco_ws/install/marco_description/share/marco_description/package.sh'
[1.729s] INFO:colcon.colcon_core.shell:Creating package script '/home/orangepi/marco_ws/install/marco_description/share/marco_description/package.bash'
[1.732s] INFO:colcon.colcon_core.shell:Creating package script '/home/orangepi/marco_ws/install/marco_description/share/marco_description/package.zsh'
[1.733s] Level 1:colcon.colcon_core.environment:create_file_with_runtime_dependencies(/home/orangepi/marco_ws/install/marco_description/share/colcon-core/packages/marco_description)
[1.735s] Level 1:colcon.colcon_core.environment:create_environment_scripts_only(marco_description)
[1.735s] Level 1:colcon.colcon_core.environment:checking '/home/orangepi/marco_ws/install/marco_description' for CMake module files
[1.738s] Level 1:colcon.colcon_core.environment:checking '/home/orangepi/marco_ws/install/marco_description' for CMake config files
[1.740s] Level 1:colcon.colcon_core.shell:create_environment_hook('marco_description', 'cmake_prefix_path')
[1.741s] INFO:colcon.colcon_core.shell:Creating environment hook '/home/orangepi/marco_ws/install/marco_description/share/marco_description/hook/cmake_prefix_path.ps1'
[1.742s] INFO:colcon.colcon_core.shell:Creating environment descriptor '/home/orangepi/marco_ws/install/marco_description/share/marco_description/hook/cmake_prefix_path.dsv'
[1.743s] INFO:colcon.colcon_core.shell:Creating environment hook '/home/orangepi/marco_ws/install/marco_description/share/marco_description/hook/cmake_prefix_path.sh'
[1.745s] DEBUG:colcon.colcon_core.event_handler.log_command:Invoked command in '/home/orangepi/marco_ws/build/marco_safety' returned '0': CMAKE_PREFIX_PATH=${CMAKE_PREFIX_PATH}:/home/orangepi/marco_ws/install/marco_docking:/home/orangepi/marco_ws/install/marco_perception:/home/orangepi/marco_ws/install/marco_mission:/home/orangepi/marco_ws/install/marco_base:/home/orangepi/marco_ws/install/lane_tracking:/opt/ros/humble /usr/bin/cmake --build /home/orangepi/marco_ws/build/marco_safety -- -j8 -l8
[1.746s] Level 1:colcon.colcon_core.environment:checking '/home/orangepi/marco_ws/install/marco_description/bin'
[1.746s] Level 1:colcon.colcon_core.environment:checking '/home/orangepi/marco_ws/install/marco_description/lib/pkgconfig/marco_description.pc'
[1.747s] Level 1:colcon.colcon_core.environment:checking '/home/orangepi/marco_ws/install/marco_description/lib/python3.10/site-packages'
[1.747s] Level 1:colcon.colcon_core.environment:checking '/home/orangepi/marco_ws/install/marco_description/bin'
[1.748s] INFO:colcon.colcon_core.shell:Creating package script '/home/orangepi/marco_ws/install/marco_description/share/marco_description/package.ps1'
[1.749s] INFO:colcon.colcon_core.shell:Creating package descriptor '/home/orangepi/marco_ws/install/marco_description/share/marco_description/package.dsv'
[1.750s] INFO:colcon.colcon_core.shell:Creating package script '/home/orangepi/marco_ws/install/marco_description/share/marco_description/package.sh'
[1.751s] INFO:colcon.colcon_core.shell:Creating package script '/home/orangepi/marco_ws/install/marco_description/share/marco_description/package.bash'
[1.752s] INFO:colcon.colcon_core.shell:Creating package script '/home/orangepi/marco_ws/install/marco_description/share/marco_description/package.zsh'
[1.753s] Level 1:colcon.colcon_core.environment:create_file_with_runtime_dependencies(/home/orangepi/marco_ws/install/marco_description/share/colcon-core/packages/marco_description)
[1.754s] Level 1:colcon.colcon_core.environment:create_environment_scripts_only(marco_simulation)
[1.755s] Level 1:colcon.colcon_core.environment:checking '/home/orangepi/marco_ws/install/marco_simulation' for CMake module files
[1.758s] Level 1:colcon.colcon_core.environment:checking '/home/orangepi/marco_ws/install/marco_simulation' for CMake config files
[1.759s] Level 1:colcon.colcon_core.shell:create_environment_hook('marco_simulation', 'cmake_prefix_path')
[1.760s] INFO:colcon.colcon_core.shell:Creating environment hook '/home/orangepi/marco_ws/install/marco_simulation/share/marco_simulation/hook/cmake_prefix_path.ps1'
[1.761s] INFO:colcon.colcon_core.shell:Creating environment descriptor '/home/orangepi/marco_ws/install/marco_simulation/share/marco_simulation/hook/cmake_prefix_path.dsv'
[1.762s] INFO:colcon.colcon_core.shell:Creating environment hook '/home/orangepi/marco_ws/install/marco_simulation/share/marco_simulation/hook/cmake_prefix_path.sh'
[1.763s] Level 1:colcon.colcon_core.environment:checking '/home/orangepi/marco_ws/install/marco_simulation/bin'
[1.763s] Level 1:colcon.colcon_core.environment:checking '/home/orangepi/marco_ws/install/marco_simulation/lib/pkgconfig/marco_simulation.pc'
[1.764s] Level 1:colcon.colcon_core.environment:checking '/home/orangepi/marco_ws/install/marco_simulation/lib/python3.10/site-packages'
[1.764s] Level 1:colcon.colcon_core.environment:checking '/home/orangepi/marco_ws/install/marco_simulation/bin'
[1.764s] INFO:colcon.colcon_core.shell:Creating package script '/home/orangepi/marco_ws/install/marco_simulation/share/marco_simulation/package.ps1'
[1.766s] INFO:colcon.colcon_core.shell:Creating package descriptor '/home/orangepi/marco_ws/install/marco_simulation/share/marco_simulation/package.dsv'
[1.767s] INFO:colcon.colcon_core.shell:Creating package script '/home/orangepi/marco_ws/install/marco_simulation/share/marco_simulation/package.sh'
[1.768s] INFO:colcon.colcon_core.shell:Creating package script '/home/orangepi/marco_ws/install/marco_simulation/share/marco_simulation/package.bash'
[1.769s] INFO:colcon.colcon_core.shell:Creating package script '/home/orangepi/marco_ws/install/marco_simulation/share/marco_simulation/package.zsh'
[1.770s] Level 1:colcon.colcon_core.environment:create_file_with_runtime_dependencies(/home/orangepi/marco_ws/install/marco_simulation/share/colcon-core/packages/marco_simulation)
[1.771s] Level 1:colcon.colcon_core.environment:create_environment_scripts_only(marco_simulation)
[1.772s] Level 1:colcon.colcon_core.environment:checking '/home/orangepi/marco_ws/install/marco_simulation' for CMake module files
[1.774s] Level 1:colcon.colcon_core.environment:checking '/home/orangepi/marco_ws/install/marco_simulation' for CMake config files
[1.775s] DEBUG:colcon.colcon_core.event_handler.log_command:Invoking command in '/home/orangepi/marco_ws/build/marco_safety': CMAKE_PREFIX_PATH=${CMAKE_PREFIX_PATH}:/home/orangepi/marco_ws/install/marco_docking:/home/orangepi/marco_ws/install/marco_perception:/home/orangepi/marco_ws/install/marco_mission:/home/orangepi/marco_ws/install/marco_base:/home/orangepi/marco_ws/install/lane_tracking:/opt/ros/humble /usr/bin/cmake --install /home/orangepi/marco_ws/build/marco_safety
[1.776s] DEBUG:colcon.colcon_core.event_handler.log_command:Invoked command in '/home/orangepi/marco_ws/build/marco_description' returned '0': CMAKE_PREFIX_PATH=${CMAKE_PREFIX_PATH}:/home/orangepi/marco_ws/install/marco_docking:/home/orangepi/marco_ws/install/marco_perception:/home/orangepi/marco_ws/install/marco_mission:/home/orangepi/marco_ws/install/marco_base:/home/orangepi/marco_ws/install/lane_tracking:/opt/ros/humble /usr/bin/cmake --install /home/orangepi/marco_ws/build/marco_description
[1.777s] Level 1:colcon.colcon_core.shell:create_environment_hook('marco_simulation', 'cmake_prefix_path')
[1.777s] INFO:colcon.colcon_core.shell:Creating environment hook '/home/orangepi/marco_ws/install/marco_simulation/share/marco_simulation/hook/cmake_prefix_path.ps1'
[1.778s] INFO:colcon.colcon_core.shell:Creating environment descriptor '/home/orangepi/marco_ws/install/marco_simulation/share/marco_simulation/hook/cmake_prefix_path.dsv'
[1.779s] INFO:colcon.colcon_core.shell:Creating environment hook '/home/orangepi/marco_ws/install/marco_simulation/share/marco_simulation/hook/cmake_prefix_path.sh'
[1.780s] Level 1:colcon.colcon_core.environment:checking '/home/orangepi/marco_ws/install/marco_simulation/bin'
[1.780s] Level 1:colcon.colcon_core.environment:checking '/home/orangepi/marco_ws/install/marco_simulation/lib/pkgconfig/marco_simulation.pc'
[1.781s] Level 1:colcon.colcon_core.environment:checking '/home/orangepi/marco_ws/install/marco_simulation/lib/python3.10/site-packages'
[1.781s] Level 1:colcon.colcon_core.environment:checking '/home/orangepi/marco_ws/install/marco_simulation/bin'
[1.782s] INFO:colcon.colcon_core.shell:Creating package script '/home/orangepi/marco_ws/install/marco_simulation/share/marco_simulation/package.ps1'
[1.783s] INFO:colcon.colcon_core.shell:Creating package descriptor '/home/orangepi/marco_ws/install/marco_simulation/share/marco_simulation/package.dsv'
[1.784s] INFO:colcon.colcon_core.shell:Creating package script '/home/orangepi/marco_ws/install/marco_simulation/share/marco_simulation/package.sh'
[1.787s] INFO:colcon.colcon_core.shell:Creating package script '/home/orangepi/marco_ws/install/marco_simulation/share/marco_simulation/package.bash'
[1.788s] INFO:colcon.colcon_core.shell:Creating package script '/home/orangepi/marco_ws/install/marco_simulation/share/marco_simulation/package.zsh'
[1.789s] Level 1:colcon.colcon_core.environment:create_file_with_runtime_dependencies(/home/orangepi/marco_ws/install/marco_simulation/share/colcon-core/packages/marco_simulation)
[1.789s] Level 1:colcon.colcon_core.environment:create_environment_scripts_only(marco_msgs)
[1.790s] Level 1:colcon.colcon_core.environment:checking '/home/orangepi/marco_ws/install/marco_msgs' for CMake module files
[1.792s] Level 1:colcon.colcon_core.environment:checking '/home/orangepi/marco_ws/install/marco_msgs' for CMake config files
[1.793s] DEBUG:colcon.colcon_core.event_handler.log_command:Invoked command in '/home/orangepi/marco_ws/build/marco_simulation' returned '0': CMAKE_PREFIX_PATH=${CMAKE_PREFIX_PATH}:/home/orangepi/marco_ws/install/marco_docking:/home/orangepi/marco_ws/install/marco_perception:/home/orangepi/marco_ws/install/marco_mission:/home/orangepi/marco_ws/install/marco_base:/home/orangepi/marco_ws/install/lane_tracking:/opt/ros/humble /usr/bin/cmake --install /home/orangepi/marco_ws/build/marco_simulation
[1.796s] DEBUG:colcon.colcon_core.event_handler.log_command:Invoked command in '/home/orangepi/marco_ws/build/marco_msgs' returned '0': CMAKE_PREFIX_PATH=${CMAKE_PREFIX_PATH}:/home/orangepi/marco_ws/install/marco_docking:/home/orangepi/marco_ws/install/marco_perception:/home/orangepi/marco_ws/install/marco_mission:/home/orangepi/marco_ws/install/marco_base:/home/orangepi/marco_ws/install/lane_tracking:/opt/ros/humble /usr/bin/cmake --install /home/orangepi/marco_ws/build/marco_msgs
[1.798s] Level 1:colcon.colcon_core.shell:create_environment_hook('marco_msgs', 'cmake_prefix_path')
[1.798s] INFO:colcon.colcon_core.shell:Creating environment hook '/home/orangepi/marco_ws/install/marco_msgs/share/marco_msgs/hook/cmake_prefix_path.ps1'
[1.799s] INFO:colcon.colcon_core.shell:Creating environment descriptor '/home/orangepi/marco_ws/install/marco_msgs/share/marco_msgs/hook/cmake_prefix_path.dsv'
[1.800s] INFO:colcon.colcon_core.shell:Creating environment hook '/home/orangepi/marco_ws/install/marco_msgs/share/marco_msgs/hook/cmake_prefix_path.sh'
[1.801s] Level 1:colcon.colcon_core.environment:checking '/home/orangepi/marco_ws/install/marco_msgs/lib'
[1.801s] Level 1:colcon.colcon_core.shell:create_environment_hook('marco_msgs', 'ld_library_path_lib')
[1.802s] INFO:colcon.colcon_core.shell:Creating environment hook '/home/orangepi/marco_ws/install/marco_msgs/share/marco_msgs/hook/ld_library_path_lib.ps1'
[1.802s] INFO:colcon.colcon_core.shell:Creating environment descriptor '/home/orangepi/marco_ws/install/marco_msgs/share/marco_msgs/hook/ld_library_path_lib.dsv'
[1.803s] INFO:colcon.colcon_core.shell:Creating environment hook '/home/orangepi/marco_ws/install/marco_msgs/share/marco_msgs/hook/ld_library_path_lib.sh'
[1.804s] Level 1:colcon.colcon_core.environment:checking '/home/orangepi/marco_ws/install/marco_msgs/bin'
[1.804s] Level 1:colcon.colcon_core.environment:checking '/home/orangepi/marco_ws/install/marco_msgs/lib/pkgconfig/marco_msgs.pc'
[1.804s] Level 1:colcon.colcon_core.environment:checking '/home/orangepi/marco_ws/install/marco_msgs/lib/python3.10/site-packages'
[1.804s] Level 1:colcon.colcon_core.environment:checking '/home/orangepi/marco_ws/install/marco_msgs/bin'
[1.805s] INFO:colcon.colcon_core.shell:Creating package script '/home/orangepi/marco_ws/install/marco_msgs/share/marco_msgs/package.ps1'
[1.806s] INFO:colcon.colcon_core.shell:Creating package descriptor '/home/orangepi/marco_ws/install/marco_msgs/share/marco_msgs/package.dsv'
[1.806s] INFO:colcon.colcon_core.shell:Creating package script '/home/orangepi/marco_ws/install/marco_msgs/share/marco_msgs/package.sh'
[1.807s] INFO:colcon.colcon_core.shell:Creating package script '/home/orangepi/marco_ws/install/marco_msgs/share/marco_msgs/package.bash'
[1.808s] INFO:colcon.colcon_core.shell:Creating package script '/home/orangepi/marco_ws/install/marco_msgs/share/marco_msgs/package.zsh'
[1.808s] Level 1:colcon.colcon_core.environment:create_file_with_runtime_dependencies(/home/orangepi/marco_ws/install/marco_msgs/share/colcon-core/packages/marco_msgs)
[1.810s] Level 1:colcon.colcon_core.environment:create_environment_scripts_only(marco_msgs)
[1.810s] Level 1:colcon.colcon_core.environment:checking '/home/orangepi/marco_ws/install/marco_msgs' for CMake module files
[1.811s] Level 1:colcon.colcon_core.environment:checking '/home/orangepi/marco_ws/install/marco_msgs' for CMake config files
[1.813s] Level 1:colcon.colcon_core.shell:create_environment_hook('marco_msgs', 'cmake_prefix_path')
[1.813s] INFO:colcon.colcon_core.shell:Creating environment hook '/home/orangepi/marco_ws/install/marco_msgs/share/marco_msgs/hook/cmake_prefix_path.ps1'
[1.814s] INFO:colcon.colcon_core.shell:Creating environment descriptor '/home/orangepi/marco_ws/install/marco_msgs/share/marco_msgs/hook/cmake_prefix_path.dsv'
[1.815s] INFO:colcon.colcon_core.shell:Creating environment hook '/home/orangepi/marco_ws/install/marco_msgs/share/marco_msgs/hook/cmake_prefix_path.sh'
[1.816s] Level 1:colcon.colcon_core.environment:checking '/home/orangepi/marco_ws/install/marco_msgs/lib'
[1.816s] Level 1:colcon.colcon_core.shell:create_environment_hook('marco_msgs', 'ld_library_path_lib')
[1.816s] INFO:colcon.colcon_core.shell:Creating environment hook '/home/orangepi/marco_ws/install/marco_msgs/share/marco_msgs/hook/ld_library_path_lib.ps1'
[1.817s] INFO:colcon.colcon_core.shell:Creating environment descriptor '/home/orangepi/marco_ws/install/marco_msgs/share/marco_msgs/hook/ld_library_path_lib.dsv'
[1.818s] INFO:colcon.colcon_core.shell:Creating environment hook '/home/orangepi/marco_ws/install/marco_msgs/share/marco_msgs/hook/ld_library_path_lib.sh'
[1.819s] Level 1:colcon.colcon_core.environment:checking '/home/orangepi/marco_ws/install/marco_msgs/bin'
[1.819s] Level 1:colcon.colcon_core.environment:checking '/home/orangepi/marco_ws/install/marco_msgs/lib/pkgconfig/marco_msgs.pc'
[1.819s] Level 1:colcon.colcon_core.environment:checking '/home/orangepi/marco_ws/install/marco_msgs/lib/python3.10/site-packages'
[1.820s] Level 1:colcon.colcon_core.environment:checking '/home/orangepi/marco_ws/install/marco_msgs/bin'
[1.820s] INFO:colcon.colcon_core.shell:Creating package script '/home/orangepi/marco_ws/install/marco_msgs/share/marco_msgs/package.ps1'
[1.821s] INFO:colcon.colcon_core.shell:Creating package descriptor '/home/orangepi/marco_ws/install/marco_msgs/share/marco_msgs/package.dsv'
[1.822s] INFO:colcon.colcon_core.shell:Creating package script '/home/orangepi/marco_ws/install/marco_msgs/share/marco_msgs/package.sh'
[1.826s] INFO:colcon.colcon_core.shell:Creating package script '/home/orangepi/marco_ws/install/marco_msgs/share/marco_msgs/package.bash'
[1.827s] INFO:colcon.colcon_core.shell:Creating package script '/home/orangepi/marco_ws/install/marco_msgs/share/marco_msgs/package.zsh'
[1.828s] Level 1:colcon.colcon_core.environment:create_file_with_runtime_dependencies(/home/orangepi/marco_ws/install/marco_msgs/share/colcon-core/packages/marco_msgs)
[1.829s] INFO:colcon.colcon_ros.task.ament_python.build:Building ROS package in '/home/orangepi/marco_ws/src/marco_perception' with build type 'ament_python'
[1.829s] Level 1:colcon.colcon_core.shell:create_environment_hook('marco_perception', 'ament_prefix_path')
[1.829s] INFO:colcon.colcon_core.shell:Creating environment hook '/home/orangepi/marco_ws/install/marco_perception/share/marco_perception/hook/ament_prefix_path.ps1'
[1.831s] INFO:colcon.colcon_core.shell:Creating environment descriptor '/home/orangepi/marco_ws/install/marco_perception/share/marco_perception/hook/ament_prefix_path.dsv'
[1.832s] INFO:colcon.colcon_core.shell:Creating environment hook '/home/orangepi/marco_ws/install/marco_perception/share/marco_perception/hook/ament_prefix_path.sh'
[1.832s] INFO:colcon.colcon_core.shell:Skip shell extension 'powershell' for command environment: Not usable outside of PowerShell
[1.832s] DEBUG:colcon.colcon_core.shell:Skip shell extension 'dsv' for command environment
[1.838s] INFO:colcon.colcon_ros.task.ament_python.build:Building ROS package in '/home/orangepi/marco_ws/src/marco_mission' with build type 'ament_python'
[1.838s] Level 1:colcon.colcon_core.shell:create_environment_hook('marco_mission', 'ament_prefix_path')
[1.838s] INFO:colcon.colcon_core.shell:Creating environment hook '/home/orangepi/marco_ws/install/marco_mission/share/marco_mission/hook/ament_prefix_path.ps1'
[1.839s] INFO:colcon.colcon_core.shell:Creating environment descriptor '/home/orangepi/marco_ws/install/marco_mission/share/marco_mission/hook/ament_prefix_path.dsv'
[1.840s] INFO:colcon.colcon_core.shell:Creating environment hook '/home/orangepi/marco_ws/install/marco_mission/share/marco_mission/hook/ament_prefix_path.sh'
[1.841s] INFO:colcon.colcon_core.shell:Skip shell extension 'powershell' for command environment: Not usable outside of PowerShell
[1.841s] DEBUG:colcon.colcon_core.shell:Skip shell extension 'dsv' for command environment
[1.847s] Level 1:colcon.colcon_core.environment:create_environment_scripts_only(marco_safety)
[1.848s] Level 1:colcon.colcon_core.environment:checking '/home/orangepi/marco_ws/install/marco_safety' for CMake module files
[1.849s] DEBUG:colcon.colcon_core.event_handler.log_command:Invoked command in '/home/orangepi/marco_ws/build/marco_safety' returned '0': CMAKE_PREFIX_PATH=${CMAKE_PREFIX_PATH}:/home/orangepi/marco_ws/install/marco_docking:/home/orangepi/marco_ws/install/marco_perception:/home/orangepi/marco_ws/install/marco_mission:/home/orangepi/marco_ws/install/marco_base:/home/orangepi/marco_ws/install/lane_tracking:/opt/ros/humble /usr/bin/cmake --install /home/orangepi/marco_ws/build/marco_safety
[1.850s] Level 1:colcon.colcon_core.environment:checking '/home/orangepi/marco_ws/install/marco_safety' for CMake config files
[1.850s] Level 1:colcon.colcon_core.shell:create_environment_hook('marco_safety', 'cmake_prefix_path')
[1.851s] INFO:colcon.colcon_core.shell:Creating environment hook '/home/orangepi/marco_ws/install/marco_safety/share/marco_safety/hook/cmake_prefix_path.ps1'
[1.852s] INFO:colcon.colcon_core.shell:Creating environment descriptor '/home/orangepi/marco_ws/install/marco_safety/share/marco_safety/hook/cmake_prefix_path.dsv'
[1.852s] INFO:colcon.colcon_core.shell:Creating environment hook '/home/orangepi/marco_ws/install/marco_safety/share/marco_safety/hook/cmake_prefix_path.sh'
[1.854s] Level 1:colcon.colcon_core.environment:checking '/home/orangepi/marco_ws/install/marco_safety/bin'
[1.854s] Level 1:colcon.colcon_core.environment:checking '/home/orangepi/marco_ws/install/marco_safety/lib/pkgconfig/marco_safety.pc'
[1.854s] Level 1:colcon.colcon_core.environment:checking '/home/orangepi/marco_ws/install/marco_safety/lib/python3.10/site-packages'
[1.854s] Level 1:colcon.colcon_core.environment:checking '/home/orangepi/marco_ws/install/marco_safety/bin'
[1.855s] INFO:colcon.colcon_core.shell:Creating package script '/home/orangepi/marco_ws/install/marco_safety/share/marco_safety/package.ps1'
[1.856s] INFO:colcon.colcon_core.shell:Creating package descriptor '/home/orangepi/marco_ws/install/marco_safety/share/marco_safety/package.dsv'
[1.856s] INFO:colcon.colcon_core.shell:Creating package script '/home/orangepi/marco_ws/install/marco_safety/share/marco_safety/package.sh'
[1.857s] INFO:colcon.colcon_core.shell:Creating package script '/home/orangepi/marco_ws/install/marco_safety/share/marco_safety/package.bash'
[1.858s] INFO:colcon.colcon_core.shell:Creating package script '/home/orangepi/marco_ws/install/marco_safety/share/marco_safety/package.zsh'
[1.859s] Level 1:colcon.colcon_core.environment:create_file_with_runtime_dependencies(/home/orangepi/marco_ws/install/marco_safety/share/colcon-core/packages/marco_safety)
[1.860s] Level 1:colcon.colcon_core.environment:create_environment_scripts_only(marco_safety)
[1.860s] Level 1:colcon.colcon_core.environment:checking '/home/orangepi/marco_ws/install/marco_safety' for CMake module files
[1.861s] Level 1:colcon.colcon_core.environment:checking '/home/orangepi/marco_ws/install/marco_safety' for CMake config files
[1.861s] Level 1:colcon.colcon_core.shell:create_environment_hook('marco_safety', 'cmake_prefix_path')
[1.862s] INFO:colcon.colcon_core.shell:Creating environment hook '/home/orangepi/marco_ws/install/marco_safety/share/marco_safety/hook/cmake_prefix_path.ps1'
[1.862s] INFO:colcon.colcon_core.shell:Creating environment descriptor '/home/orangepi/marco_ws/install/marco_safety/share/marco_safety/hook/cmake_prefix_path.dsv'
[1.863s] INFO:colcon.colcon_core.shell:Creating environment hook '/home/orangepi/marco_ws/install/marco_safety/share/marco_safety/hook/cmake_prefix_path.sh'
[1.864s] Level 1:colcon.colcon_core.environment:checking '/home/orangepi/marco_ws/install/marco_safety/bin'
[1.864s] Level 1:colcon.colcon_core.environment:checking '/home/orangepi/marco_ws/install/marco_safety/lib/pkgconfig/marco_safety.pc'
[1.865s] Level 1:colcon.colcon_core.environment:checking '/home/orangepi/marco_ws/install/marco_safety/lib/python3.10/site-packages'
[1.865s] Level 1:colcon.colcon_core.environment:checking '/home/orangepi/marco_ws/install/marco_safety/bin'
[1.866s] INFO:colcon.colcon_core.shell:Creating package script '/home/orangepi/marco_ws/install/marco_safety/share/marco_safety/package.ps1'
[1.868s] INFO:colcon.colcon_core.shell:Creating package descriptor '/home/orangepi/marco_ws/install/marco_safety/share/marco_safety/package.dsv'
[1.868s] INFO:colcon.colcon_core.shell:Creating package script '/home/orangepi/marco_ws/install/marco_safety/share/marco_safety/package.sh'
[1.869s] INFO:colcon.colcon_core.shell:Creating package script '/home/orangepi/marco_ws/install/marco_safety/share/marco_safety/package.bash'
[1.870s] INFO:colcon.colcon_core.shell:Creating package script '/home/orangepi/marco_ws/install/marco_safety/share/marco_safety/package.zsh'
[1.871s] Level 1:colcon.colcon_core.environment:create_file_with_runtime_dependencies(/home/orangepi/marco_ws/install/marco_safety/share/colcon-core/packages/marco_safety)
[2.266s] INFO:colcon.colcon_core.task.python.build:Building Python package in '/home/orangepi/marco_ws/src/marco_perception'
[2.268s] INFO:colcon.colcon_core.shell:Skip shell extension 'powershell' for command environment: Not usable outside of PowerShell
[2.268s] DEBUG:colcon.colcon_core.shell:Skip shell extension 'dsv' for command environment
[2.675s] INFO:colcon.colcon_core.task.python.build:Building Python package in '/home/orangepi/marco_ws/src/marco_mission'
[2.677s] INFO:colcon.colcon_core.shell:Skip shell extension 'powershell' for command environment: Not usable outside of PowerShell
[2.678s] DEBUG:colcon.colcon_core.shell:Skip shell extension 'dsv' for command environment
[2.696s] DEBUG:colcon.colcon_core.task.python.build:Available setuptools commands: check, dist_info, install_data, setopt, install_headers, rotate, install_lib, install, bdist_dumb, bdist_rpm, build, easy_install, build_ext, saveopts, install_egg_info, symlink_data, test, bdist, clean, register, bdist_wheel, bdist_egg, sdist, install_scripts, upload, build_clib, build_py, build_scripts, alias, upload_docs, egg_info, develop
[2.698s] DEBUG:colcon.colcon_core.task.python.build:Available setuptools commands: check, dist_info, install_data, setopt, install_headers, rotate, install_lib, install, bdist_dumb, bdist_rpm, build, easy_install, build_ext, saveopts, install_egg_info, symlink_data, test, bdist, clean, register, bdist_wheel, bdist_egg, sdist, install_scripts, upload, build_clib, build_py, build_scripts, alias, upload_docs, egg_info, develop
[2.706s] DEBUG:colcon.colcon_core.event_handler.log_command:Invoking command in '/home/orangepi/marco_ws/src/marco_base': PYTHONPATH=/home/orangepi/marco_ws/build/marco_base/prefix_override:/usr/lib/python3/dist-packages/colcon_core/task/python/colcon_distutils_commands:/home/orangepi/marco_ws/install/marco_base/lib/python3.10/site-packages:${PYTHONPATH} /usr/bin/python3 -W ignore:setup.py install is deprecated -W ignore:easy_install command is deprecated setup.py egg_info --egg-base ../../build/marco_base build --build-base /home/orangepi/marco_ws/build/marco_base/build install --record /home/orangepi/marco_ws/build/marco_base/install.log --install-scripts $base/lib/marco_base --single-version-externally-managed install_data
[2.719s] DEBUG:colcon.colcon_core.event_handler.log_command:Invoking command in '/home/orangepi/marco_ws/src/lane_tracking': PYTHONPATH=/home/orangepi/marco_ws/build/lane_tracking/prefix_override:/usr/lib/python3/dist-packages/colcon_core/task/python/colcon_distutils_commands:/home/orangepi/marco_ws/install/lane_tracking/lib/python3.10/site-packages:${PYTHONPATH} /usr/bin/python3 -W ignore:setup.py install is deprecated -W ignore:easy_install command is deprecated setup.py egg_info --egg-base ../../build/lane_tracking build --build-base /home/orangepi/marco_ws/build/lane_tracking/build install --record /home/orangepi/marco_ws/build/lane_tracking/install.log --install-scripts $base/lib/lane_tracking --single-version-externally-managed install_data
[3.240s] Level 1:colcon.colcon_core.environment:checking '/home/orangepi/marco_ws/install/marco_base' for CMake module files
[3.244s] DEBUG:colcon.colcon_core.event_handler.log_command:Invoked command in '/home/orangepi/marco_ws/src/marco_base' returned '0': PYTHONPATH=/home/orangepi/marco_ws/build/marco_base/prefix_override:/usr/lib/python3/dist-packages/colcon_core/task/python/colcon_distutils_commands:/home/orangepi/marco_ws/install/marco_base/lib/python3.10/site-packages:${PYTHONPATH} /usr/bin/python3 -W ignore:setup.py install is deprecated -W ignore:easy_install command is deprecated setup.py egg_info --egg-base ../../build/marco_base build --build-base /home/orangepi/marco_ws/build/marco_base/build install --record /home/orangepi/marco_ws/build/marco_base/install.log --install-scripts $base/lib/marco_base --single-version-externally-managed install_data
[3.245s] Level 1:colcon.colcon_core.environment:checking '/home/orangepi/marco_ws/install/marco_base' for CMake config files
[3.248s] Level 1:colcon.colcon_core.environment:checking '/home/orangepi/marco_ws/install/marco_base/lib'
[3.249s] Level 1:colcon.colcon_core.environment:checking '/home/orangepi/marco_ws/install/marco_base/bin'
[3.250s] Level 1:colcon.colcon_core.environment:checking '/home/orangepi/marco_ws/install/marco_base/lib/pkgconfig/marco_base.pc'
[3.251s] Level 1:colcon.colcon_core.environment:checking '/home/orangepi/marco_ws/install/marco_base/lib/python3.10/site-packages'
[3.251s] Level 1:colcon.colcon_core.shell:create_environment_hook('marco_base', 'pythonpath')
[3.253s] INFO:colcon.colcon_core.shell:Creating environment hook '/home/orangepi/marco_ws/install/marco_base/share/marco_base/hook/pythonpath.ps1'
[3.255s] INFO:colcon.colcon_core.shell:Creating environment descriptor '/home/orangepi/marco_ws/install/marco_base/share/marco_base/hook/pythonpath.dsv'
[3.257s] INFO:colcon.colcon_core.shell:Creating environment hook '/home/orangepi/marco_ws/install/marco_base/share/marco_base/hook/pythonpath.sh'
[3.262s] Level 1:colcon.colcon_core.environment:checking '/home/orangepi/marco_ws/install/marco_base/bin'
[3.262s] Level 1:colcon.colcon_core.environment:create_environment_scripts_only(marco_base)
[3.264s] INFO:colcon.colcon_core.shell:Creating package script '/home/orangepi/marco_ws/install/marco_base/share/marco_base/package.ps1'
[3.268s] INFO:colcon.colcon_core.shell:Creating package descriptor '/home/orangepi/marco_ws/install/marco_base/share/marco_base/package.dsv'
[3.271s] INFO:colcon.colcon_core.shell:Creating package script '/home/orangepi/marco_ws/install/marco_base/share/marco_base/package.sh'
[3.274s] INFO:colcon.colcon_core.shell:Creating package script '/home/orangepi/marco_ws/install/marco_base/share/marco_base/package.bash'
[3.276s] INFO:colcon.colcon_core.shell:Creating package script '/home/orangepi/marco_ws/install/marco_base/share/marco_base/package.zsh'
[3.279s] Level 1:colcon.colcon_core.environment:create_file_with_runtime_dependencies(/home/orangepi/marco_ws/install/marco_base/share/colcon-core/packages/marco_base)
[3.281s] INFO:colcon.colcon_ros.task.ament_cmake.build:Building ROS package in '/home/orangepi/marco_ws/src/marco_bringup' with build type 'ament_cmake'
[3.282s] INFO:colcon.colcon_cmake.task.cmake.build:Building CMake package in '/home/orangepi/marco_ws/src/marco_bringup'
[3.284s] INFO:colcon.colcon_core.shell:Skip shell extension 'powershell' for command environment: Not usable outside of PowerShell
[3.284s] DEBUG:colcon.colcon_core.shell:Skip shell extension 'dsv' for command environment
[3.296s] Level 1:colcon.colcon_core.environment:checking '/home/orangepi/marco_ws/install/lane_tracking' for CMake module files
[3.297s] DEBUG:colcon.colcon_core.event_handler.log_command:Invoked command in '/home/orangepi/marco_ws/src/lane_tracking' returned '0': PYTHONPATH=/home/orangepi/marco_ws/build/lane_tracking/prefix_override:/usr/lib/python3/dist-packages/colcon_core/task/python/colcon_distutils_commands:/home/orangepi/marco_ws/install/lane_tracking/lib/python3.10/site-packages:${PYTHONPATH} /usr/bin/python3 -W ignore:setup.py install is deprecated -W ignore:easy_install command is deprecated setup.py egg_info --egg-base ../../build/lane_tracking build --build-base /home/orangepi/marco_ws/build/lane_tracking/build install --record /home/orangepi/marco_ws/build/lane_tracking/install.log --install-scripts $base/lib/lane_tracking --single-version-externally-managed install_data
[3.298s] Level 1:colcon.colcon_core.environment:checking '/home/orangepi/marco_ws/install/lane_tracking' for CMake config files
[3.298s] Level 1:colcon.colcon_core.environment:checking '/home/orangepi/marco_ws/install/lane_tracking/lib'
[3.298s] Level 1:colcon.colcon_core.environment:checking '/home/orangepi/marco_ws/install/lane_tracking/bin'
[3.299s] Level 1:colcon.colcon_core.environment:checking '/home/orangepi/marco_ws/install/lane_tracking/lib/pkgconfig/lane_tracking.pc'
[3.299s] Level 1:colcon.colcon_core.environment:checking '/home/orangepi/marco_ws/install/lane_tracking/lib/python3.10/site-packages'
[3.299s] Level 1:colcon.colcon_core.shell:create_environment_hook('lane_tracking', 'pythonpath')
[3.299s] INFO:colcon.colcon_core.shell:Creating environment hook '/home/orangepi/marco_ws/install/lane_tracking/share/lane_tracking/hook/pythonpath.ps1'
[3.300s] INFO:colcon.colcon_core.shell:Creating environment descriptor '/home/orangepi/marco_ws/install/lane_tracking/share/lane_tracking/hook/pythonpath.dsv'
[3.301s] INFO:colcon.colcon_core.shell:Creating environment hook '/home/orangepi/marco_ws/install/lane_tracking/share/lane_tracking/hook/pythonpath.sh'
[3.302s] Level 1:colcon.colcon_core.environment:checking '/home/orangepi/marco_ws/install/lane_tracking/bin'
[3.302s] Level 1:colcon.colcon_core.environment:create_environment_scripts_only(lane_tracking)
[3.302s] INFO:colcon.colcon_core.shell:Creating package script '/home/orangepi/marco_ws/install/lane_tracking/share/lane_tracking/package.ps1'
[3.303s] INFO:colcon.colcon_core.shell:Creating package descriptor '/home/orangepi/marco_ws/install/lane_tracking/share/lane_tracking/package.dsv'
[3.304s] INFO:colcon.colcon_core.shell:Creating package script '/home/orangepi/marco_ws/install/lane_tracking/share/lane_tracking/package.sh'
[3.305s] INFO:colcon.colcon_core.shell:Creating package script '/home/orangepi/marco_ws/install/lane_tracking/share/lane_tracking/package.bash'
[3.306s] INFO:colcon.colcon_core.shell:Creating package script '/home/orangepi/marco_ws/install/lane_tracking/share/lane_tracking/package.zsh'
[3.306s] Level 1:colcon.colcon_core.environment:create_file_with_runtime_dependencies(/home/orangepi/marco_ws/install/lane_tracking/share/colcon-core/packages/lane_tracking)
[3.308s] DEBUG:colcon.colcon_core.task.python.build:Available setuptools commands: check, dist_info, install_data, setopt, install_headers, rotate, install_lib, install, bdist_dumb, bdist_rpm, build, easy_install, build_ext, saveopts, install_egg_info, symlink_data, test, bdist, clean, register, bdist_wheel, bdist_egg, sdist, install_scripts, upload, build_clib, build_py, build_scripts, alias, upload_docs, egg_info, develop
[3.311s] DEBUG:colcon.colcon_core.task.python.build:Available setuptools commands: check, dist_info, install_data, setopt, install_headers, rotate, install_lib, install, bdist_dumb, bdist_rpm, build, easy_install, build_ext, saveopts, install_egg_info, symlink_data, test, bdist, clean, register, bdist_wheel, bdist_egg, sdist, install_scripts, upload, build_clib, build_py, build_scripts, alias, upload_docs, egg_info, develop
[3.317s] DEBUG:colcon.colcon_core.event_handler.log_command:Invoking command in '/home/orangepi/marco_ws/src/marco_perception': CMAKE_PREFIX_PATH=/home/orangepi/marco_ws/install/marco_msgs:/home/orangepi/marco_ws/install/marco_simulation:/home/orangepi/marco_ws/install/marco_safety:/home/orangepi/marco_ws/install/marco_localization:/home/orangepi/marco_ws/install/marco_navigation:/home/orangepi/marco_ws/install/marco_bringup:/home/orangepi/marco_ws/install/marco_description:/home/orangepi/ydlidar_ros2_ws/install/ydlidar_ros2_driver PYTHONPATH=/home/orangepi/marco_ws/build/marco_perception/prefix_override:/usr/lib/python3/dist-packages/colcon_core/task/python/colcon_distutils_commands:/home/orangepi/marco_ws/install/marco_perception/lib/python3.10/site-packages:${PYTHONPATH} /usr/bin/python3 -W ignore:setup.py install is deprecated -W ignore:easy_install command is deprecated setup.py egg_info --egg-base ../../build/marco_perception build --build-base /home/orangepi/marco_ws/build/marco_perception/build install --record /home/orangepi/marco_ws/build/marco_perception/install.log --install-scripts $base/lib/marco_perception --single-version-externally-managed install_data
[3.322s] DEBUG:colcon.colcon_core.event_handler.log_command:Invoking command in '/home/orangepi/marco_ws/src/marco_mission': CMAKE_PREFIX_PATH=/home/orangepi/marco_ws/install/marco_msgs:/home/orangepi/marco_ws/install/marco_simulation:/home/orangepi/marco_ws/install/marco_safety:/home/orangepi/marco_ws/install/marco_localization:/home/orangepi/marco_ws/install/marco_navigation:/home/orangepi/marco_ws/install/marco_bringup:/home/orangepi/marco_ws/install/marco_description:/home/orangepi/ydlidar_ros2_ws/install/ydlidar_ros2_driver PYTHONPATH=/home/orangepi/marco_ws/build/marco_mission/prefix_override:/usr/lib/python3/dist-packages/colcon_core/task/python/colcon_distutils_commands:/home/orangepi/marco_ws/install/marco_mission/lib/python3.10/site-packages:${PYTHONPATH} /usr/bin/python3 -W ignore:setup.py install is deprecated -W ignore:easy_install command is deprecated setup.py egg_info --egg-base ../../build/marco_mission build --build-base /home/orangepi/marco_ws/build/marco_mission/build install --record /home/orangepi/marco_ws/build/marco_mission/install.log --install-scripts $base/lib/marco_mission --single-version-externally-managed install_data
[3.324s] DEBUG:colcon.colcon_core.event_handler.log_command:Invoking command in '/home/orangepi/marco_ws/build/marco_bringup': AMENT_PREFIX_PATH=/home/orangepi/marco_ws/install/marco_base:/home/orangepi/marco_ws/install/marco_simulation:/home/orangepi/marco_ws/install/marco_safety:/home/orangepi/marco_ws/install/marco_docking:/home/orangepi/marco_ws/install/marco_perception:/home/orangepi/marco_ws/install/marco_localization:/home/orangepi/marco_ws/install/marco_navigation:/home/orangepi/marco_ws/install/marco_mission:/home/orangepi/marco_ws/install/marco_msgs:/home/orangepi/marco_ws/install/marco_bringup:/home/orangepi/marco_ws/install/marco_description:/home/orangepi/marco_ws/install/lane_tracking:/home/orangepi/ydlidar_ros2_ws/install/ydlidar_ros2_driver:/opt/ros/humble CMAKE_PREFIX_PATH=/home/orangepi/marco_ws/install/marco_description:/home/orangepi/marco_ws/install/marco_simulation:/home/orangepi/marco_ws/install/marco_safety:/home/orangepi/marco_ws/install/marco_localization:/home/orangepi/marco_ws/install/marco_navigation:/home/orangepi/marco_ws/install/marco_msgs:/home/orangepi/marco_ws/install/marco_bringup:/home/orangepi/ydlidar_ros2_ws/install/ydlidar_ros2_driver:/home/orangepi/marco_ws/install/marco_docking:/home/orangepi/marco_ws/install/marco_perception:/home/orangepi/marco_ws/install/marco_mission:/home/orangepi/marco_ws/install/marco_base:/home/orangepi/marco_ws/install/lane_tracking:/opt/ros/humble PYTHONPATH=/home/orangepi/marco_ws/install/marco_base/lib/python3.10/site-packages:/home/orangepi/marco_ws/install/marco_docking/lib/python3.10/site-packages:/home/orangepi/marco_ws/install/marco_perception/lib/python3.10/site-packages:/home/orangepi/marco_ws/install/marco_mission/lib/python3.10/site-packages:/home/orangepi/marco_ws/install/marco_msgs/local/lib/python3.10/dist-packages:/home/orangepi/marco_ws/build/marco_base:/home/orangepi/marco_ws/install/lane_tracking/lib/python3.10/site-packages:/opt/ros/humble/lib/python3.10/site-packages:/opt/ros/humble/local/lib/python3.10/dist-packages /usr/bin/cmake --build /home/orangepi/marco_ws/build/marco_bringup -- -j8 -l8
[3.430s] DEBUG:colcon.colcon_core.event_handler.log_command:Invoked command in '/home/orangepi/marco_ws/build/marco_bringup' returned '0': AMENT_PREFIX_PATH=/home/orangepi/marco_ws/install/marco_base:/home/orangepi/marco_ws/install/marco_simulation:/home/orangepi/marco_ws/install/marco_safety:/home/orangepi/marco_ws/install/marco_docking:/home/orangepi/marco_ws/install/marco_perception:/home/orangepi/marco_ws/install/marco_localization:/home/orangepi/marco_ws/install/marco_navigation:/home/orangepi/marco_ws/install/marco_mission:/home/orangepi/marco_ws/install/marco_msgs:/home/orangepi/marco_ws/install/marco_bringup:/home/orangepi/marco_ws/install/marco_description:/home/orangepi/marco_ws/install/lane_tracking:/home/orangepi/ydlidar_ros2_ws/install/ydlidar_ros2_driver:/opt/ros/humble CMAKE_PREFIX_PATH=/home/orangepi/marco_ws/install/marco_description:/home/orangepi/marco_ws/install/marco_simulation:/home/orangepi/marco_ws/install/marco_safety:/home/orangepi/marco_ws/install/marco_localization:/home/orangepi/marco_ws/install/marco_navigation:/home/orangepi/marco_ws/install/marco_msgs:/home/orangepi/marco_ws/install/marco_bringup:/home/orangepi/ydlidar_ros2_ws/install/ydlidar_ros2_driver:/home/orangepi/marco_ws/install/marco_docking:/home/orangepi/marco_ws/install/marco_perception:/home/orangepi/marco_ws/install/marco_mission:/home/orangepi/marco_ws/install/marco_base:/home/orangepi/marco_ws/install/lane_tracking:/opt/ros/humble PYTHONPATH=/home/orangepi/marco_ws/install/marco_base/lib/python3.10/site-packages:/home/orangepi/marco_ws/install/marco_docking/lib/python3.10/site-packages:/home/orangepi/marco_ws/install/marco_perception/lib/python3.10/site-packages:/home/orangepi/marco_ws/install/marco_mission/lib/python3.10/site-packages:/home/orangepi/marco_ws/install/marco_msgs/local/lib/python3.10/dist-packages:/home/orangepi/marco_ws/build/marco_base:/home/orangepi/marco_ws/install/lane_tracking/lib/python3.10/site-packages:/opt/ros/humble/lib/python3.10/site-packages:/opt/ros/humble/local/lib/python3.10/dist-packages /usr/bin/cmake --build /home/orangepi/marco_ws/build/marco_bringup -- -j8 -l8
[3.435s] DEBUG:colcon.colcon_core.event_handler.log_command:Invoking command in '/home/orangepi/marco_ws/build/marco_bringup': AMENT_PREFIX_PATH=/home/orangepi/marco_ws/install/marco_base:/home/orangepi/marco_ws/install/marco_simulation:/home/orangepi/marco_ws/install/marco_safety:/home/orangepi/marco_ws/install/marco_docking:/home/orangepi/marco_ws/install/marco_perception:/home/orangepi/marco_ws/install/marco_localization:/home/orangepi/marco_ws/install/marco_navigation:/home/orangepi/marco_ws/install/marco_mission:/home/orangepi/marco_ws/install/marco_msgs:/home/orangepi/marco_ws/install/marco_bringup:/home/orangepi/marco_ws/install/marco_description:/home/orangepi/marco_ws/install/lane_tracking:/home/orangepi/ydlidar_ros2_ws/install/ydlidar_ros2_driver:/opt/ros/humble CMAKE_PREFIX_PATH=/home/orangepi/marco_ws/install/marco_description:/home/orangepi/marco_ws/install/marco_simulation:/home/orangepi/marco_ws/install/marco_safety:/home/orangepi/marco_ws/install/marco_localization:/home/orangepi/marco_ws/install/marco_navigation:/home/orangepi/marco_ws/install/marco_msgs:/home/orangepi/marco_ws/install/marco_bringup:/home/orangepi/ydlidar_ros2_ws/install/ydlidar_ros2_driver:/home/orangepi/marco_ws/install/marco_docking:/home/orangepi/marco_ws/install/marco_perception:/home/orangepi/marco_ws/install/marco_mission:/home/orangepi/marco_ws/install/marco_base:/home/orangepi/marco_ws/install/lane_tracking:/opt/ros/humble PYTHONPATH=/home/orangepi/marco_ws/install/marco_base/lib/python3.10/site-packages:/home/orangepi/marco_ws/install/marco_docking/lib/python3.10/site-packages:/home/orangepi/marco_ws/install/marco_perception/lib/python3.10/site-packages:/home/orangepi/marco_ws/install/marco_mission/lib/python3.10/site-packages:/home/orangepi/marco_ws/install/marco_msgs/local/lib/python3.10/dist-packages:/home/orangepi/marco_ws/build/marco_base:/home/orangepi/marco_ws/install/lane_tracking/lib/python3.10/site-packages:/opt/ros/humble/lib/python3.10/site-packages:/opt/ros/humble/local/lib/python3.10/dist-packages /usr/bin/cmake --install /home/orangepi/marco_ws/build/marco_bringup
[3.499s] Level 1:colcon.colcon_core.environment:create_environment_scripts_only(marco_bringup)
[3.500s] Level 1:colcon.colcon_core.environment:checking '/home/orangepi/marco_ws/install/marco_bringup' for CMake module files
[3.502s] DEBUG:colcon.colcon_core.event_handler.log_command:Invoked command in '/home/orangepi/marco_ws/build/marco_bringup' returned '0': AMENT_PREFIX_PATH=/home/orangepi/marco_ws/install/marco_base:/home/orangepi/marco_ws/install/marco_simulation:/home/orangepi/marco_ws/install/marco_safety:/home/orangepi/marco_ws/install/marco_docking:/home/orangepi/marco_ws/install/marco_perception:/home/orangepi/marco_ws/install/marco_localization:/home/orangepi/marco_ws/install/marco_navigation:/home/orangepi/marco_ws/install/marco_mission:/home/orangepi/marco_ws/install/marco_msgs:/home/orangepi/marco_ws/install/marco_bringup:/home/orangepi/marco_ws/install/marco_description:/home/orangepi/marco_ws/install/lane_tracking:/home/orangepi/ydlidar_ros2_ws/install/ydlidar_ros2_driver:/opt/ros/humble CMAKE_PREFIX_PATH=/home/orangepi/marco_ws/install/marco_description:/home/orangepi/marco_ws/install/marco_simulation:/home/orangepi/marco_ws/install/marco_safety:/home/orangepi/marco_ws/install/marco_localization:/home/orangepi/marco_ws/install/marco_navigation:/home/orangepi/marco_ws/install/marco_msgs:/home/orangepi/marco_ws/install/marco_bringup:/home/orangepi/ydlidar_ros2_ws/install/ydlidar_ros2_driver:/home/orangepi/marco_ws/install/marco_docking:/home/orangepi/marco_ws/install/marco_perception:/home/orangepi/marco_ws/install/marco_mission:/home/orangepi/marco_ws/install/marco_base:/home/orangepi/marco_ws/install/lane_tracking:/opt/ros/humble PYTHONPATH=/home/orangepi/marco_ws/install/marco_base/lib/python3.10/site-packages:/home/orangepi/marco_ws/install/marco_docking/lib/python3.10/site-packages:/home/orangepi/marco_ws/install/marco_perception/lib/python3.10/site-packages:/home/orangepi/marco_ws/install/marco_mission/lib/python3.10/site-packages:/home/orangepi/marco_ws/install/marco_msgs/local/lib/python3.10/dist-packages:/home/orangepi/marco_ws/build/marco_base:/home/orangepi/marco_ws/install/lane_tracking/lib/python3.10/site-packages:/opt/ros/humble/lib/python3.10/site-packages:/opt/ros/humble/local/lib/python3.10/dist-packages /usr/bin/cmake --install /home/orangepi/marco_ws/build/marco_bringup
[3.502s] Level 1:colcon.colcon_core.environment:checking '/home/orangepi/marco_ws/install/marco_bringup' for CMake config files
[3.503s] Level 1:colcon.colcon_core.shell:create_environment_hook('marco_bringup', 'cmake_prefix_path')
[3.503s] INFO:colcon.colcon_core.shell:Creating environment hook '/home/orangepi/marco_ws/install/marco_bringup/share/marco_bringup/hook/cmake_prefix_path.ps1'
[3.504s] INFO:colcon.colcon_core.shell:Creating environment descriptor '/home/orangepi/marco_ws/install/marco_bringup/share/marco_bringup/hook/cmake_prefix_path.dsv'
[3.505s] INFO:colcon.colcon_core.shell:Creating environment hook '/home/orangepi/marco_ws/install/marco_bringup/share/marco_bringup/hook/cmake_prefix_path.sh'
[3.506s] Level 1:colcon.colcon_core.environment:checking '/home/orangepi/marco_ws/install/marco_bringup/lib'
[3.506s] Level 1:colcon.colcon_core.environment:checking '/home/orangepi/marco_ws/install/marco_bringup/bin'
[3.506s] Level 1:colcon.colcon_core.environment:checking '/home/orangepi/marco_ws/install/marco_bringup/lib/pkgconfig/marco_bringup.pc'
[3.507s] Level 1:colcon.colcon_core.environment:checking '/home/orangepi/marco_ws/install/marco_bringup/lib/python3.10/site-packages'
[3.507s] Level 1:colcon.colcon_core.environment:checking '/home/orangepi/marco_ws/install/marco_bringup/bin'
[3.508s] INFO:colcon.colcon_core.shell:Creating package script '/home/orangepi/marco_ws/install/marco_bringup/share/marco_bringup/package.ps1'
[3.508s] INFO:colcon.colcon_core.shell:Creating package descriptor '/home/orangepi/marco_ws/install/marco_bringup/share/marco_bringup/package.dsv'
[3.509s] INFO:colcon.colcon_core.shell:Creating package script '/home/orangepi/marco_ws/install/marco_bringup/share/marco_bringup/package.sh'
[3.509s] INFO:colcon.colcon_core.shell:Creating package script '/home/orangepi/marco_ws/install/marco_bringup/share/marco_bringup/package.bash'
[3.511s] INFO:colcon.colcon_core.shell:Creating package script '/home/orangepi/marco_ws/install/marco_bringup/share/marco_bringup/package.zsh'
[3.512s] Level 1:colcon.colcon_core.environment:create_file_with_runtime_dependencies(/home/orangepi/marco_ws/install/marco_bringup/share/colcon-core/packages/marco_bringup)
[3.513s] Level 1:colcon.colcon_core.environment:create_environment_scripts_only(marco_bringup)
[3.513s] Level 1:colcon.colcon_core.environment:checking '/home/orangepi/marco_ws/install/marco_bringup' for CMake module files
[3.514s] Level 1:colcon.colcon_core.environment:checking '/home/orangepi/marco_ws/install/marco_bringup' for CMake config files
[3.514s] Level 1:colcon.colcon_core.shell:create_environment_hook('marco_bringup', 'cmake_prefix_path')
[3.515s] INFO:colcon.colcon_core.shell:Creating environment hook '/home/orangepi/marco_ws/install/marco_bringup/share/marco_bringup/hook/cmake_prefix_path.ps1'
[3.515s] INFO:colcon.colcon_core.shell:Creating environment descriptor '/home/orangepi/marco_ws/install/marco_bringup/share/marco_bringup/hook/cmake_prefix_path.dsv'
[3.519s] INFO:colcon.colcon_core.shell:Creating environment hook '/home/orangepi/marco_ws/install/marco_bringup/share/marco_bringup/hook/cmake_prefix_path.sh'
[3.520s] Level 1:colcon.colcon_core.environment:checking '/home/orangepi/marco_ws/install/marco_bringup/lib'
[3.520s] Level 1:colcon.colcon_core.environment:checking '/home/orangepi/marco_ws/install/marco_bringup/bin'
[3.521s] Level 1:colcon.colcon_core.environment:checking '/home/orangepi/marco_ws/install/marco_bringup/lib/pkgconfig/marco_bringup.pc'
[3.521s] Level 1:colcon.colcon_core.environment:checking '/home/orangepi/marco_ws/install/marco_bringup/lib/python3.10/site-packages'
[3.521s] Level 1:colcon.colcon_core.environment:checking '/home/orangepi/marco_ws/install/marco_bringup/bin'
[3.522s] INFO:colcon.colcon_core.shell:Creating package script '/home/orangepi/marco_ws/install/marco_bringup/share/marco_bringup/package.ps1'
[3.523s] INFO:colcon.colcon_core.shell:Creating package descriptor '/home/orangepi/marco_ws/install/marco_bringup/share/marco_bringup/package.dsv'
[3.524s] INFO:colcon.colcon_core.shell:Creating package script '/home/orangepi/marco_ws/install/marco_bringup/share/marco_bringup/package.sh'
[3.525s] INFO:colcon.colcon_core.shell:Creating package script '/home/orangepi/marco_ws/install/marco_bringup/share/marco_bringup/package.bash'
[3.526s] INFO:colcon.colcon_core.shell:Creating package script '/home/orangepi/marco_ws/install/marco_bringup/share/marco_bringup/package.zsh'
[3.527s] Level 1:colcon.colcon_core.environment:create_file_with_runtime_dependencies(/home/orangepi/marco_ws/install/marco_bringup/share/colcon-core/packages/marco_bringup)
[3.528s] INFO:colcon.colcon_ros.task.ament_cmake.build:Building ROS package in '/home/orangepi/marco_ws/src/marco_localization' with build type 'ament_cmake'
[3.529s] INFO:colcon.colcon_cmake.task.cmake.build:Building CMake package in '/home/orangepi/marco_ws/src/marco_localization'
[3.529s] INFO:colcon.colcon_core.shell:Skip shell extension 'powershell' for command environment: Not usable outside of PowerShell
[3.529s] DEBUG:colcon.colcon_core.shell:Skip shell extension 'dsv' for command environment
[3.554s] DEBUG:colcon.colcon_core.event_handler.log_command:Invoking command in '/home/orangepi/marco_ws/build/marco_localization': AMENT_PREFIX_PATH=/home/orangepi/marco_ws/install/marco_base:/home/orangepi/marco_ws/install/marco_simulation:/home/orangepi/marco_ws/install/marco_safety:/home/orangepi/marco_ws/install/marco_docking:/home/orangepi/marco_ws/install/marco_perception:/home/orangepi/marco_ws/install/marco_localization:/home/orangepi/marco_ws/install/marco_navigation:/home/orangepi/marco_ws/install/marco_mission:/home/orangepi/marco_ws/install/marco_msgs:/home/orangepi/marco_ws/install/marco_bringup:/home/orangepi/marco_ws/install/marco_description:/home/orangepi/marco_ws/install/lane_tracking:/home/orangepi/ydlidar_ros2_ws/install/ydlidar_ros2_driver:/opt/ros/humble CMAKE_PREFIX_PATH=/home/orangepi/marco_ws/install/marco_bringup:/home/orangepi/marco_ws/install/marco_navigation:/home/orangepi/marco_ws/install/marco_description:/home/orangepi/marco_ws/install/marco_simulation:/home/orangepi/marco_ws/install/marco_safety:/home/orangepi/marco_ws/install/marco_localization:/home/orangepi/marco_ws/install/marco_msgs:/home/orangepi/ydlidar_ros2_ws/install/ydlidar_ros2_driver:/home/orangepi/marco_ws/install/marco_docking:/home/orangepi/marco_ws/install/marco_perception:/home/orangepi/marco_ws/install/marco_mission:/home/orangepi/marco_ws/install/marco_base:/home/orangepi/marco_ws/install/lane_tracking:/opt/ros/humble PYTHONPATH=/home/orangepi/marco_ws/install/marco_base/lib/python3.10/site-packages:/home/orangepi/marco_ws/install/marco_docking/lib/python3.10/site-packages:/home/orangepi/marco_ws/install/marco_perception/lib/python3.10/site-packages:/home/orangepi/marco_ws/install/marco_mission/lib/python3.10/site-packages:/home/orangepi/marco_ws/install/marco_msgs/local/lib/python3.10/dist-packages:/home/orangepi/marco_ws/build/marco_base:/home/orangepi/marco_ws/install/lane_tracking/lib/python3.10/site-packages:/opt/ros/humble/lib/python3.10/site-packages:/opt/ros/humble/local/lib/python3.10/dist-packages /usr/bin/cmake --build /home/orangepi/marco_ws/build/marco_localization -- -j8 -l8
[3.678s] DEBUG:colcon.colcon_core.event_handler.log_command:Invoked command in '/home/orangepi/marco_ws/build/marco_localization' returned '0': AMENT_PREFIX_PATH=/home/orangepi/marco_ws/install/marco_base:/home/orangepi/marco_ws/install/marco_simulation:/home/orangepi/marco_ws/install/marco_safety:/home/orangepi/marco_ws/install/marco_docking:/home/orangepi/marco_ws/install/marco_perception:/home/orangepi/marco_ws/install/marco_localization:/home/orangepi/marco_ws/install/marco_navigation:/home/orangepi/marco_ws/install/marco_mission:/home/orangepi/marco_ws/install/marco_msgs:/home/orangepi/marco_ws/install/marco_bringup:/home/orangepi/marco_ws/install/marco_description:/home/orangepi/marco_ws/install/lane_tracking:/home/orangepi/ydlidar_ros2_ws/install/ydlidar_ros2_driver:/opt/ros/humble CMAKE_PREFIX_PATH=/home/orangepi/marco_ws/install/marco_bringup:/home/orangepi/marco_ws/install/marco_navigation:/home/orangepi/marco_ws/install/marco_description:/home/orangepi/marco_ws/install/marco_simulation:/home/orangepi/marco_ws/install/marco_safety:/home/orangepi/marco_ws/install/marco_localization:/home/orangepi/marco_ws/install/marco_msgs:/home/orangepi/ydlidar_ros2_ws/install/ydlidar_ros2_driver:/home/orangepi/marco_ws/install/marco_docking:/home/orangepi/marco_ws/install/marco_perception:/home/orangepi/marco_ws/install/marco_mission:/home/orangepi/marco_ws/install/marco_base:/home/orangepi/marco_ws/install/lane_tracking:/opt/ros/humble PYTHONPATH=/home/orangepi/marco_ws/install/marco_base/lib/python3.10/site-packages:/home/orangepi/marco_ws/install/marco_docking/lib/python3.10/site-packages:/home/orangepi/marco_ws/install/marco_perception/lib/python3.10/site-packages:/home/orangepi/marco_ws/install/marco_mission/lib/python3.10/site-packages:/home/orangepi/marco_ws/install/marco_msgs/local/lib/python3.10/dist-packages:/home/orangepi/marco_ws/build/marco_base:/home/orangepi/marco_ws/install/lane_tracking/lib/python3.10/site-packages:/opt/ros/humble/lib/python3.10/site-packages:/opt/ros/humble/local/lib/python3.10/dist-packages /usr/bin/cmake --build /home/orangepi/marco_ws/build/marco_localization -- -j8 -l8
[3.683s] DEBUG:colcon.colcon_core.event_handler.log_command:Invoking command in '/home/orangepi/marco_ws/build/marco_localization': AMENT_PREFIX_PATH=/home/orangepi/marco_ws/install/marco_base:/home/orangepi/marco_ws/install/marco_simulation:/home/orangepi/marco_ws/install/marco_safety:/home/orangepi/marco_ws/install/marco_docking:/home/orangepi/marco_ws/install/marco_perception:/home/orangepi/marco_ws/install/marco_localization:/home/orangepi/marco_ws/install/marco_navigation:/home/orangepi/marco_ws/install/marco_mission:/home/orangepi/marco_ws/install/marco_msgs:/home/orangepi/marco_ws/install/marco_bringup:/home/orangepi/marco_ws/install/marco_description:/home/orangepi/marco_ws/install/lane_tracking:/home/orangepi/ydlidar_ros2_ws/install/ydlidar_ros2_driver:/opt/ros/humble CMAKE_PREFIX_PATH=/home/orangepi/marco_ws/install/marco_bringup:/home/orangepi/marco_ws/install/marco_navigation:/home/orangepi/marco_ws/install/marco_description:/home/orangepi/marco_ws/install/marco_simulation:/home/orangepi/marco_ws/install/marco_safety:/home/orangepi/marco_ws/install/marco_localization:/home/orangepi/marco_ws/install/marco_msgs:/home/orangepi/ydlidar_ros2_ws/install/ydlidar_ros2_driver:/home/orangepi/marco_ws/install/marco_docking:/home/orangepi/marco_ws/install/marco_perception:/home/orangepi/marco_ws/install/marco_mission:/home/orangepi/marco_ws/install/marco_base:/home/orangepi/marco_ws/install/lane_tracking:/opt/ros/humble PYTHONPATH=/home/orangepi/marco_ws/install/marco_base/lib/python3.10/site-packages:/home/orangepi/marco_ws/install/marco_docking/lib/python3.10/site-packages:/home/orangepi/marco_ws/install/marco_perception/lib/python3.10/site-packages:/home/orangepi/marco_ws/install/marco_mission/lib/python3.10/site-packages:/home/orangepi/marco_ws/install/marco_msgs/local/lib/python3.10/dist-packages:/home/orangepi/marco_ws/build/marco_base:/home/orangepi/marco_ws/install/lane_tracking/lib/python3.10/site-packages:/opt/ros/humble/lib/python3.10/site-packages:/opt/ros/humble/local/lib/python3.10/dist-packages /usr/bin/cmake --install /home/orangepi/marco_ws/build/marco_localization
[3.732s] Level 1:colcon.colcon_core.environment:create_environment_scripts_only(marco_localization)
[3.733s] Level 1:colcon.colcon_core.environment:checking '/home/orangepi/marco_ws/install/marco_localization' for CMake module files
[3.734s] DEBUG:colcon.colcon_core.event_handler.log_command:Invoked command in '/home/orangepi/marco_ws/build/marco_localization' returned '0': AMENT_PREFIX_PATH=/home/orangepi/marco_ws/install/marco_base:/home/orangepi/marco_ws/install/marco_simulation:/home/orangepi/marco_ws/install/marco_safety:/home/orangepi/marco_ws/install/marco_docking:/home/orangepi/marco_ws/install/marco_perception:/home/orangepi/marco_ws/install/marco_localization:/home/orangepi/marco_ws/install/marco_navigation:/home/orangepi/marco_ws/install/marco_mission:/home/orangepi/marco_ws/install/marco_msgs:/home/orangepi/marco_ws/install/marco_bringup:/home/orangepi/marco_ws/install/marco_description:/home/orangepi/marco_ws/install/lane_tracking:/home/orangepi/ydlidar_ros2_ws/install/ydlidar_ros2_driver:/opt/ros/humble CMAKE_PREFIX_PATH=/home/orangepi/marco_ws/install/marco_bringup:/home/orangepi/marco_ws/install/marco_navigation:/home/orangepi/marco_ws/install/marco_description:/home/orangepi/marco_ws/install/marco_simulation:/home/orangepi/marco_ws/install/marco_safety:/home/orangepi/marco_ws/install/marco_localization:/home/orangepi/marco_ws/install/marco_msgs:/home/orangepi/ydlidar_ros2_ws/install/ydlidar_ros2_driver:/home/orangepi/marco_ws/install/marco_docking:/home/orangepi/marco_ws/install/marco_perception:/home/orangepi/marco_ws/install/marco_mission:/home/orangepi/marco_ws/install/marco_base:/home/orangepi/marco_ws/install/lane_tracking:/opt/ros/humble PYTHONPATH=/home/orangepi/marco_ws/install/marco_base/lib/python3.10/site-packages:/home/orangepi/marco_ws/install/marco_docking/lib/python3.10/site-packages:/home/orangepi/marco_ws/install/marco_perception/lib/python3.10/site-packages:/home/orangepi/marco_ws/install/marco_mission/lib/python3.10/site-packages:/home/orangepi/marco_ws/install/marco_msgs/local/lib/python3.10/dist-packages:/home/orangepi/marco_ws/build/marco_base:/home/orangepi/marco_ws/install/lane_tracking/lib/python3.10/site-packages:/opt/ros/humble/lib/python3.10/site-packages:/opt/ros/humble/local/lib/python3.10/dist-packages /usr/bin/cmake --install /home/orangepi/marco_ws/build/marco_localization
[3.735s] Level 1:colcon.colcon_core.environment:checking '/home/orangepi/marco_ws/install/marco_localization' for CMake config files
[3.736s] Level 1:colcon.colcon_core.shell:create_environment_hook('marco_localization', 'cmake_prefix_path')
[3.737s] INFO:colcon.colcon_core.shell:Creating environment hook '/home/orangepi/marco_ws/install/marco_localization/share/marco_localization/hook/cmake_prefix_path.ps1'
[3.738s] INFO:colcon.colcon_core.shell:Creating environment descriptor '/home/orangepi/marco_ws/install/marco_localization/share/marco_localization/hook/cmake_prefix_path.dsv'
[3.739s] INFO:colcon.colcon_core.shell:Creating environment hook '/home/orangepi/marco_ws/install/marco_localization/share/marco_localization/hook/cmake_prefix_path.sh'
[3.740s] Level 1:colcon.colcon_core.environment:checking '/home/orangepi/marco_ws/install/marco_localization/lib'
[3.740s] Level 1:colcon.colcon_core.environment:checking '/home/orangepi/marco_ws/install/marco_localization/bin'
[3.741s] Level 1:colcon.colcon_core.environment:checking '/home/orangepi/marco_ws/install/marco_localization/lib/pkgconfig/marco_localization.pc'
[3.741s] Level 1:colcon.colcon_core.environment:checking '/home/orangepi/marco_ws/install/marco_localization/lib/python3.10/site-packages'
[3.741s] Level 1:colcon.colcon_core.environment:checking '/home/orangepi/marco_ws/install/marco_localization/bin'
[3.742s] INFO:colcon.colcon_core.shell:Creating package script '/home/orangepi/marco_ws/install/marco_localization/share/marco_localization/package.ps1'
[3.744s] INFO:colcon.colcon_core.shell:Creating package descriptor '/home/orangepi/marco_ws/install/marco_localization/share/marco_localization/package.dsv'
[3.744s] INFO:colcon.colcon_core.shell:Creating package script '/home/orangepi/marco_ws/install/marco_localization/share/marco_localization/package.sh'
[3.745s] INFO:colcon.colcon_core.shell:Creating package script '/home/orangepi/marco_ws/install/marco_localization/share/marco_localization/package.bash'
[3.746s] INFO:colcon.colcon_core.shell:Creating package script '/home/orangepi/marco_ws/install/marco_localization/share/marco_localization/package.zsh'
[3.747s] Level 1:colcon.colcon_core.environment:create_file_with_runtime_dependencies(/home/orangepi/marco_ws/install/marco_localization/share/colcon-core/packages/marco_localization)
[3.748s] Level 1:colcon.colcon_core.environment:create_environment_scripts_only(marco_localization)
[3.749s] Level 1:colcon.colcon_core.environment:checking '/home/orangepi/marco_ws/install/marco_localization' for CMake module files
[3.751s] Level 1:colcon.colcon_core.environment:checking '/home/orangepi/marco_ws/install/marco_localization' for CMake config files
[3.752s] Level 1:colcon.colcon_core.shell:create_environment_hook('marco_localization', 'cmake_prefix_path')
[3.752s] INFO:colcon.colcon_core.shell:Creating environment hook '/home/orangepi/marco_ws/install/marco_localization/share/marco_localization/hook/cmake_prefix_path.ps1'
[3.754s] INFO:colcon.colcon_core.shell:Creating environment descriptor '/home/orangepi/marco_ws/install/marco_localization/share/marco_localization/hook/cmake_prefix_path.dsv'
[3.755s] INFO:colcon.colcon_core.shell:Creating environment hook '/home/orangepi/marco_ws/install/marco_localization/share/marco_localization/hook/cmake_prefix_path.sh'
[3.757s] Level 1:colcon.colcon_core.environment:checking '/home/orangepi/marco_ws/install/marco_localization/lib'
[3.757s] Level 1:colcon.colcon_core.environment:checking '/home/orangepi/marco_ws/install/marco_localization/bin'
[3.757s] Level 1:colcon.colcon_core.environment:checking '/home/orangepi/marco_ws/install/marco_localization/lib/pkgconfig/marco_localization.pc'
[3.757s] Level 1:colcon.colcon_core.environment:checking '/home/orangepi/marco_ws/install/marco_localization/lib/python3.10/site-packages'
[3.758s] Level 1:colcon.colcon_core.environment:checking '/home/orangepi/marco_ws/install/marco_localization/bin'
[3.759s] INFO:colcon.colcon_core.shell:Creating package script '/home/orangepi/marco_ws/install/marco_localization/share/marco_localization/package.ps1'
[3.761s] INFO:colcon.colcon_core.shell:Creating package descriptor '/home/orangepi/marco_ws/install/marco_localization/share/marco_localization/package.dsv'
[3.762s] INFO:colcon.colcon_core.shell:Creating package script '/home/orangepi/marco_ws/install/marco_localization/share/marco_localization/package.sh'
[3.763s] INFO:colcon.colcon_core.shell:Creating package script '/home/orangepi/marco_ws/install/marco_localization/share/marco_localization/package.bash'
[3.765s] INFO:colcon.colcon_core.shell:Creating package script '/home/orangepi/marco_ws/install/marco_localization/share/marco_localization/package.zsh'
[3.766s] Level 1:colcon.colcon_core.environment:create_file_with_runtime_dependencies(/home/orangepi/marco_ws/install/marco_localization/share/colcon-core/packages/marco_localization)
[3.843s] Level 1:colcon.colcon_core.environment:checking '/home/orangepi/marco_ws/install/marco_perception' for CMake module files
[3.845s] DEBUG:colcon.colcon_core.event_handler.log_command:Invoked command in '/home/orangepi/marco_ws/src/marco_perception' returned '0': CMAKE_PREFIX_PATH=/home/orangepi/marco_ws/install/marco_msgs:/home/orangepi/marco_ws/install/marco_simulation:/home/orangepi/marco_ws/install/marco_safety:/home/orangepi/marco_ws/install/marco_localization:/home/orangepi/marco_ws/install/marco_navigation:/home/orangepi/marco_ws/install/marco_bringup:/home/orangepi/marco_ws/install/marco_description:/home/orangepi/ydlidar_ros2_ws/install/ydlidar_ros2_driver PYTHONPATH=/home/orangepi/marco_ws/build/marco_perception/prefix_override:/usr/lib/python3/dist-packages/colcon_core/task/python/colcon_distutils_commands:/home/orangepi/marco_ws/install/marco_perception/lib/python3.10/site-packages:${PYTHONPATH} /usr/bin/python3 -W ignore:setup.py install is deprecated -W ignore:easy_install command is deprecated setup.py egg_info --egg-base ../../build/marco_perception build --build-base /home/orangepi/marco_ws/build/marco_perception/build install --record /home/orangepi/marco_ws/build/marco_perception/install.log --install-scripts $base/lib/marco_perception --single-version-externally-managed install_data
[3.845s] Level 1:colcon.colcon_core.environment:checking '/home/orangepi/marco_ws/install/marco_perception' for CMake config files
[3.846s] Level 1:colcon.colcon_core.environment:checking '/home/orangepi/marco_ws/install/marco_perception/lib'
[3.847s] Level 1:colcon.colcon_core.environment:checking '/home/orangepi/marco_ws/install/marco_perception/bin'
[3.847s] Level 1:colcon.colcon_core.environment:checking '/home/orangepi/marco_ws/install/marco_perception/lib/pkgconfig/marco_perception.pc'
[3.847s] Level 1:colcon.colcon_core.environment:checking '/home/orangepi/marco_ws/install/marco_perception/lib/python3.10/site-packages'
[3.847s] Level 1:colcon.colcon_core.shell:create_environment_hook('marco_perception', 'pythonpath')
[3.848s] INFO:colcon.colcon_core.shell:Creating environment hook '/home/orangepi/marco_ws/install/marco_perception/share/marco_perception/hook/pythonpath.ps1'
[3.849s] INFO:colcon.colcon_core.shell:Creating environment descriptor '/home/orangepi/marco_ws/install/marco_perception/share/marco_perception/hook/pythonpath.dsv'
[3.850s] INFO:colcon.colcon_core.shell:Creating environment hook '/home/orangepi/marco_ws/install/marco_perception/share/marco_perception/hook/pythonpath.sh'
[3.851s] Level 1:colcon.colcon_core.environment:checking '/home/orangepi/marco_ws/install/marco_perception/bin'
[3.851s] Level 1:colcon.colcon_core.environment:create_environment_scripts_only(marco_perception)
[3.852s] INFO:colcon.colcon_core.shell:Creating package script '/home/orangepi/marco_ws/install/marco_perception/share/marco_perception/package.ps1'
[3.853s] INFO:colcon.colcon_core.shell:Creating package descriptor '/home/orangepi/marco_ws/install/marco_perception/share/marco_perception/package.dsv'
[3.853s] INFO:colcon.colcon_core.shell:Creating package script '/home/orangepi/marco_ws/install/marco_perception/share/marco_perception/package.sh'
[3.854s] INFO:colcon.colcon_core.shell:Creating package script '/home/orangepi/marco_ws/install/marco_perception/share/marco_perception/package.bash'
[3.855s] INFO:colcon.colcon_core.shell:Creating package script '/home/orangepi/marco_ws/install/marco_perception/share/marco_perception/package.zsh'
[3.856s] Level 1:colcon.colcon_core.environment:create_file_with_runtime_dependencies(/home/orangepi/marco_ws/install/marco_perception/share/colcon-core/packages/marco_perception)
[3.857s] INFO:colcon.colcon_ros.task.ament_python.build:Building ROS package in '/home/orangepi/marco_ws/src/marco_docking' with build type 'ament_python'
[3.857s] Level 1:colcon.colcon_core.shell:create_environment_hook('marco_docking', 'ament_prefix_path')
[3.858s] INFO:colcon.colcon_core.shell:Creating environment hook '/home/orangepi/marco_ws/install/marco_docking/share/marco_docking/hook/ament_prefix_path.ps1'
[3.860s] INFO:colcon.colcon_core.shell:Creating environment descriptor '/home/orangepi/marco_ws/install/marco_docking/share/marco_docking/hook/ament_prefix_path.dsv'
[3.865s] INFO:colcon.colcon_core.shell:Creating environment hook '/home/orangepi/marco_ws/install/marco_docking/share/marco_docking/hook/ament_prefix_path.sh'
[3.867s] INFO:colcon.colcon_core.shell:Skip shell extension 'powershell' for command environment: Not usable outside of PowerShell
[3.867s] DEBUG:colcon.colcon_core.shell:Skip shell extension 'dsv' for command environment
[3.873s] Level 1:colcon.colcon_core.environment:checking '/home/orangepi/marco_ws/install/marco_mission' for CMake module files
[3.874s] DEBUG:colcon.colcon_core.event_handler.log_command:Invoked command in '/home/orangepi/marco_ws/src/marco_mission' returned '0': CMAKE_PREFIX_PATH=/home/orangepi/marco_ws/install/marco_msgs:/home/orangepi/marco_ws/install/marco_simulation:/home/orangepi/marco_ws/install/marco_safety:/home/orangepi/marco_ws/install/marco_localization:/home/orangepi/marco_ws/install/marco_navigation:/home/orangepi/marco_ws/install/marco_bringup:/home/orangepi/marco_ws/install/marco_description:/home/orangepi/ydlidar_ros2_ws/install/ydlidar_ros2_driver PYTHONPATH=/home/orangepi/marco_ws/build/marco_mission/prefix_override:/usr/lib/python3/dist-packages/colcon_core/task/python/colcon_distutils_commands:/home/orangepi/marco_ws/install/marco_mission/lib/python3.10/site-packages:${PYTHONPATH} /usr/bin/python3 -W ignore:setup.py install is deprecated -W ignore:easy_install command is deprecated setup.py egg_info --egg-base ../../build/marco_mission build --build-base /home/orangepi/marco_ws/build/marco_mission/build install --record /home/orangepi/marco_ws/build/marco_mission/install.log --install-scripts $base/lib/marco_mission --single-version-externally-managed install_data
[3.875s] Level 1:colcon.colcon_core.environment:checking '/home/orangepi/marco_ws/install/marco_mission' for CMake config files
[3.875s] Level 1:colcon.colcon_core.environment:checking '/home/orangepi/marco_ws/install/marco_mission/lib'
[3.876s] Level 1:colcon.colcon_core.environment:checking '/home/orangepi/marco_ws/install/marco_mission/bin'
[3.876s] Level 1:colcon.colcon_core.environment:checking '/home/orangepi/marco_ws/install/marco_mission/lib/pkgconfig/marco_mission.pc'
[3.876s] Level 1:colcon.colcon_core.environment:checking '/home/orangepi/marco_ws/install/marco_mission/lib/python3.10/site-packages'
[3.876s] Level 1:colcon.colcon_core.shell:create_environment_hook('marco_mission', 'pythonpath')
[3.876s] INFO:colcon.colcon_core.shell:Creating environment hook '/home/orangepi/marco_ws/install/marco_mission/share/marco_mission/hook/pythonpath.ps1'
[3.877s] INFO:colcon.colcon_core.shell:Creating environment descriptor '/home/orangepi/marco_ws/install/marco_mission/share/marco_mission/hook/pythonpath.dsv'
[3.878s] INFO:colcon.colcon_core.shell:Creating environment hook '/home/orangepi/marco_ws/install/marco_mission/share/marco_mission/hook/pythonpath.sh'
[3.881s] Level 1:colcon.colcon_core.environment:checking '/home/orangepi/marco_ws/install/marco_mission/bin'
[3.881s] Level 1:colcon.colcon_core.environment:create_environment_scripts_only(marco_mission)
[3.883s] INFO:colcon.colcon_core.shell:Creating package script '/home/orangepi/marco_ws/install/marco_mission/share/marco_mission/package.ps1'
[3.885s] INFO:colcon.colcon_core.shell:Creating package descriptor '/home/orangepi/marco_ws/install/marco_mission/share/marco_mission/package.dsv'
[3.887s] INFO:colcon.colcon_core.shell:Creating package script '/home/orangepi/marco_ws/install/marco_mission/share/marco_mission/package.sh'
[3.889s] INFO:colcon.colcon_core.shell:Creating package script '/home/orangepi/marco_ws/install/marco_mission/share/marco_mission/package.bash'
[3.890s] INFO:colcon.colcon_core.shell:Creating package script '/home/orangepi/marco_ws/install/marco_mission/share/marco_mission/package.zsh'
[3.891s] Level 1:colcon.colcon_core.environment:create_file_with_runtime_dependencies(/home/orangepi/marco_ws/install/marco_mission/share/colcon-core/packages/marco_mission)
[4.234s] INFO:colcon.colcon_core.task.python.build:Building Python package in '/home/orangepi/marco_ws/src/marco_docking'
[4.235s] INFO:colcon.colcon_core.shell:Skip shell extension 'powershell' for command environment: Not usable outside of PowerShell
[4.235s] DEBUG:colcon.colcon_core.shell:Skip shell extension 'dsv' for command environment
[4.777s] DEBUG:colcon.colcon_core.task.python.build:Available setuptools commands: check, dist_info, install_data, setopt, install_headers, rotate, install_lib, install, bdist_dumb, bdist_rpm, build, easy_install, build_ext, saveopts, install_egg_info, symlink_data, test, bdist, clean, register, bdist_wheel, bdist_egg, sdist, install_scripts, upload, build_clib, build_py, build_scripts, alias, upload_docs, egg_info, develop
[4.788s] DEBUG:colcon.colcon_core.event_handler.log_command:Invoking command in '/home/orangepi/marco_ws/src/marco_docking': AMENT_PREFIX_PATH=/home/orangepi/marco_ws/install/marco_perception:/home/orangepi/marco_ws/install/marco_simulation:/home/orangepi/marco_ws/install/marco_safety:/home/orangepi/marco_ws/install/marco_docking:/home/orangepi/marco_ws/install/marco_localization:/home/orangepi/marco_ws/install/marco_navigation:/home/orangepi/marco_ws/install/marco_mission:/home/orangepi/marco_ws/install/marco_msgs:/home/orangepi/marco_ws/install/marco_bringup:/home/orangepi/marco_ws/install/marco_description:/home/orangepi/marco_ws/install/marco_base:/home/orangepi/marco_ws/install/lane_tracking:/home/orangepi/ydlidar_ros2_ws/install/ydlidar_ros2_driver:/opt/ros/humble CMAKE_PREFIX_PATH=/home/orangepi/marco_ws/install/marco_msgs:/home/orangepi/marco_ws/install/marco_simulation:/home/orangepi/marco_ws/install/marco_safety:/home/orangepi/marco_ws/install/marco_localization:/home/orangepi/marco_ws/install/marco_navigation:/home/orangepi/marco_ws/install/marco_bringup:/home/orangepi/marco_ws/install/marco_description:/home/orangepi/ydlidar_ros2_ws/install/ydlidar_ros2_driver PYTHONPATH=/home/orangepi/marco_ws/build/marco_docking/prefix_override:/usr/lib/python3/dist-packages/colcon_core/task/python/colcon_distutils_commands:/home/orangepi/marco_ws/install/marco_docking/lib/python3.10/site-packages:/home/orangepi/marco_ws/install/marco_perception/lib/python3.10/site-packages:/home/orangepi/marco_ws/install/marco_docking/lib/python3.10/site-packages:/home/orangepi/marco_ws/install/marco_mission/lib/python3.10/site-packages:/home/orangepi/marco_ws/install/marco_msgs/local/lib/python3.10/dist-packages:/home/orangepi/marco_ws/build/marco_base:/home/orangepi/marco_ws/install/marco_base/lib/python3.10/site-packages:/home/orangepi/marco_ws/install/lane_tracking/lib/python3.10/site-packages:/opt/ros/humble/lib/python3.10/site-packages:/opt/ros/humble/local/lib/python3.10/dist-packages /usr/bin/python3 -W ignore:setup.py install is deprecated -W ignore:easy_install command is deprecated setup.py egg_info --egg-base ../../build/marco_docking build --build-base /home/orangepi/marco_ws/build/marco_docking/build install --record /home/orangepi/marco_ws/build/marco_docking/install.log --install-scripts $base/lib/marco_docking --single-version-externally-managed install_data
[5.244s] Level 1:colcon.colcon_core.environment:checking '/home/orangepi/marco_ws/install/marco_docking' for CMake module files
[5.246s] DEBUG:colcon.colcon_core.event_handler.log_command:Invoked command in '/home/orangepi/marco_ws/src/marco_docking' returned '0': AMENT_PREFIX_PATH=/home/orangepi/marco_ws/install/marco_perception:/home/orangepi/marco_ws/install/marco_simulation:/home/orangepi/marco_ws/install/marco_safety:/home/orangepi/marco_ws/install/marco_docking:/home/orangepi/marco_ws/install/marco_localization:/home/orangepi/marco_ws/install/marco_navigation:/home/orangepi/marco_ws/install/marco_mission:/home/orangepi/marco_ws/install/marco_msgs:/home/orangepi/marco_ws/install/marco_bringup:/home/orangepi/marco_ws/install/marco_description:/home/orangepi/marco_ws/install/marco_base:/home/orangepi/marco_ws/install/lane_tracking:/home/orangepi/ydlidar_ros2_ws/install/ydlidar_ros2_driver:/opt/ros/humble CMAKE_PREFIX_PATH=/home/orangepi/marco_ws/install/marco_msgs:/home/orangepi/marco_ws/install/marco_simulation:/home/orangepi/marco_ws/install/marco_safety:/home/orangepi/marco_ws/install/marco_localization:/home/orangepi/marco_ws/install/marco_navigation:/home/orangepi/marco_ws/install/marco_bringup:/home/orangepi/marco_ws/install/marco_description:/home/orangepi/ydlidar_ros2_ws/install/ydlidar_ros2_driver PYTHONPATH=/home/orangepi/marco_ws/build/marco_docking/prefix_override:/usr/lib/python3/dist-packages/colcon_core/task/python/colcon_distutils_commands:/home/orangepi/marco_ws/install/marco_docking/lib/python3.10/site-packages:/home/orangepi/marco_ws/install/marco_perception/lib/python3.10/site-packages:/home/orangepi/marco_ws/install/marco_docking/lib/python3.10/site-packages:/home/orangepi/marco_ws/install/marco_mission/lib/python3.10/site-packages:/home/orangepi/marco_ws/install/marco_msgs/local/lib/python3.10/dist-packages:/home/orangepi/marco_ws/build/marco_base:/home/orangepi/marco_ws/install/marco_base/lib/python3.10/site-packages:/home/orangepi/marco_ws/install/lane_tracking/lib/python3.10/site-packages:/opt/ros/humble/lib/python3.10/site-packages:/opt/ros/humble/local/lib/python3.10/dist-packages /usr/bin/python3 -W ignore:setup.py install is deprecated -W ignore:easy_install command is deprecated setup.py egg_info --egg-base ../../build/marco_docking build --build-base /home/orangepi/marco_ws/build/marco_docking/build install --record /home/orangepi/marco_ws/build/marco_docking/install.log --install-scripts $base/lib/marco_docking --single-version-externally-managed install_data
[5.246s] Level 1:colcon.colcon_core.environment:checking '/home/orangepi/marco_ws/install/marco_docking' for CMake config files
[5.247s] Level 1:colcon.colcon_core.environment:checking '/home/orangepi/marco_ws/install/marco_docking/lib'
[5.247s] Level 1:colcon.colcon_core.environment:checking '/home/orangepi/marco_ws/install/marco_docking/bin'
[5.247s] Level 1:colcon.colcon_core.environment:checking '/home/orangepi/marco_ws/install/marco_docking/lib/pkgconfig/marco_docking.pc'
[5.248s] Level 1:colcon.colcon_core.environment:checking '/home/orangepi/marco_ws/install/marco_docking/lib/python3.10/site-packages'
[5.248s] Level 1:colcon.colcon_core.shell:create_environment_hook('marco_docking', 'pythonpath')
[5.248s] INFO:colcon.colcon_core.shell:Creating environment hook '/home/orangepi/marco_ws/install/marco_docking/share/marco_docking/hook/pythonpath.ps1'
[5.249s] INFO:colcon.colcon_core.shell:Creating environment descriptor '/home/orangepi/marco_ws/install/marco_docking/share/marco_docking/hook/pythonpath.dsv'
[5.250s] INFO:colcon.colcon_core.shell:Creating environment hook '/home/orangepi/marco_ws/install/marco_docking/share/marco_docking/hook/pythonpath.sh'
[5.254s] Level 1:colcon.colcon_core.environment:checking '/home/orangepi/marco_ws/install/marco_docking/bin'
[5.254s] Level 1:colcon.colcon_core.environment:create_environment_scripts_only(marco_docking)
[5.255s] INFO:colcon.colcon_core.shell:Creating package script '/home/orangepi/marco_ws/install/marco_docking/share/marco_docking/package.ps1'
[5.258s] INFO:colcon.colcon_core.shell:Creating package descriptor '/home/orangepi/marco_ws/install/marco_docking/share/marco_docking/package.dsv'
[5.259s] INFO:colcon.colcon_core.shell:Creating package script '/home/orangepi/marco_ws/install/marco_docking/share/marco_docking/package.sh'
[5.261s] INFO:colcon.colcon_core.shell:Creating package script '/home/orangepi/marco_ws/install/marco_docking/share/marco_docking/package.bash'
[5.262s] INFO:colcon.colcon_core.shell:Creating package script '/home/orangepi/marco_ws/install/marco_docking/share/marco_docking/package.zsh'
[5.264s] Level 1:colcon.colcon_core.environment:create_file_with_runtime_dependencies(/home/orangepi/marco_ws/install/marco_docking/share/colcon-core/packages/marco_docking)
[5.265s] DEBUG:colcon.colcon_parallel_executor.executor.parallel:closing loop
[5.266s] DEBUG:colcon.colcon_parallel_executor.executor.parallel:loop closed
[5.267s] DEBUG:colcon.colcon_parallel_executor.executor.parallel:run_until_complete finished with '0'
[5.267s] DEBUG:colcon.colcon_core.event_reactor:joining thread
[5.270s] DEBUG:colcon.colcon_core.event_reactor:joined thread
[5.271s] INFO:colcon.colcon_core.shell:Creating prefix script '/home/orangepi/marco_ws/install/local_setup.ps1'
[5.275s] INFO:colcon.colcon_core.shell:Creating prefix util module '/home/orangepi/marco_ws/install/_local_setup_util_ps1.py'
[5.282s] INFO:colcon.colcon_core.shell:Creating prefix chain script '/home/orangepi/marco_ws/install/setup.ps1'
[5.288s] INFO:colcon.colcon_core.shell:Creating prefix script '/home/orangepi/marco_ws/install/local_setup.sh'
[5.291s] INFO:colcon.colcon_core.shell:Creating prefix util module '/home/orangepi/marco_ws/install/_local_setup_util_sh.py'
[5.293s] INFO:colcon.colcon_core.shell:Creating prefix chain script '/home/orangepi/marco_ws/install/setup.sh'
[5.300s] INFO:colcon.colcon_core.shell:Creating prefix script '/home/orangepi/marco_ws/install/local_setup.bash'
[5.303s] INFO:colcon.colcon_core.shell:Creating prefix chain script '/home/orangepi/marco_ws/install/setup.bash'
[5.311s] INFO:colcon.colcon_core.shell:Creating prefix script '/home/orangepi/marco_ws/install/local_setup.zsh'
[5.314s] INFO:colcon.colcon_core.shell:Creating prefix chain script '/home/orangepi/marco_ws/install/setup.zsh'
