[0.000000] (-) TimerEvent: {}
[0.000245] (-) JobUnselected: {'identifier': 'lane_tracking'}
[0.000599] (-) JobUnselected: {'identifier': 'marco_base'}
[0.000962] (-) JobUnselected: {'identifier': 'marco_bringup'}
[0.001225] (-) JobUnselected: {'identifier': 'marco_description'}
[0.001346] (-) JobUnselected: {'identifier': 'marco_docking'}
[0.001958] (-) JobUnselected: {'identifier': 'marco_localization'}
[0.002258] (-) JobUnselected: {'identifier': 'marco_navigation'}
[0.002361] (-) JobUnselected: {'identifier': 'marco_perception'}
[0.002673] (-) JobUnselected: {'identifier': 'marco_safety'}
[0.002806] (-) JobUnselected: {'identifier': 'marco_simulation'}
[0.002951] (marco_msgs) JobQueued: {'identifier': 'marco_msgs', 'dependencies': OrderedDict()}
[0.003059] (marco_mission) JobQueued: {'identifier': 'marco_mission', 'dependencies': OrderedDict([('marco_msgs', '/home/orangepi/marco_ws/install/marco_msgs')])}
[0.003181] (marco_msgs) JobStarted: {'identifier': 'marco_msgs'}
[0.018103] (marco_msgs) JobProgress: {'identifier': 'marco_msgs', 'progress': 'cmake'}
[0.019781] (marco_msgs) Command: {'cmd': ['/usr/bin/cmake', '/home/orangepi/marco_ws/src/marco_msgs', '-DAMENT_CMAKE_SYMLINK_INSTALL=1', '-DCMAKE_INSTALL_PREFIX=/home/orangepi/marco_ws/install/marco_msgs'], 'cwd': '/home/orangepi/marco_ws/build/marco_msgs', 'env': OrderedDict([('LESSOPEN', '| /usr/bin/lesspipe %s'), ('VSCODE_CWD', '/home/orangepi'), ('UMS_MOUNTPOINT', '/mnt/ums'), ('VSCODE_ESM_ENTRYPOINT', 'vs/workbench/api/node/extensionHostProcess'), ('GST_V4L2_PREFERRED_FOURCC', 'NV12:YU12:NV16:YUY2'), ('LANGUAGE', 'en_US.UTF-8'), ('USER', 'orangepi'), ('SSH_CLIENT', 'fe80::a915:eed:d97c:42ea%wlx4822541cd7c3 53828 22'), ('VSCODE_NLS_CONFIG', '{"userLocale":"en","osLocale":"en","resolvedLanguage":"en","defaultMessagesFile":"/home/orangepi/.cursor-server/bin/linux-arm64/31e8d61c448c7472e371505838a0fe34083dad50/out/nls.messages.json","locale":"en","availableLanguages":{}}'), ('VSCODE_HANDLES_UNCAUGHT_ERRORS', 'true'), ('XDG_SESSION_TYPE', 'tty'), ('CURSOR_RIPGREP_PATH', '/home/orangepi/.cursor-server/bin/linux-arm64/31e8d61c448c7472e371505838a0fe34083dad50/node_modules/@vscode/ripgrep/bin/rg'), ('SHLVL', '0'), ('USB_FUNCS', 'adb'), ('LD_LIBRARY_PATH', '/home/orangepi/marco_ws/install/marco_msgs/lib:/opt/ros/humble/opt/rviz_ogre_vendor/lib:/opt/ros/humble/lib/aarch64-linux-gnu:/opt/ros/humble/lib'), ('BROWSER', '/home/orangepi/.cursor-server/bin/linux-arm64/31e8d61c448c7472e371505838a0fe34083dad50/bin/helpers/browser.sh'), ('MOTD_SHOWN', 'pam'), ('HOME', '/home/orangepi'), ('OLDPWD', '/home/orangepi/marco_ws'), ('VSCODE_IPC_HOOK_CLI', '/run/user/1000/vscode-ipc-0eae5caf-301b-4724-a9a1-6e0880f85816.sock'), ('GST_INSPECT_NO_COLORS', '1'), ('GST_MPP_NO_RGA', '1'), ('ROS_PYTHON_VERSION', '3'), ('COGL_DRIVER', 'gles2'), ('NO_COLOR', '1'), ('DBUS_SESSION_BUS_ADDRESS', 'unix:path=/run/user/1000/bus'), ('VSCODE_L10N_BUNDLE_LOCATION', ''), ('COLCON_PREFIX_PATH', '/home/orangepi/marco_ws/install:/home/orangepi/ydlidar_ros2_ws/install'), ('GST_V4L2SRC_MAX_RESOLUTION', '3840x2160'), ('ROS_DISTRO', 'humble'), ('OVSX_REGISTRY_URL', 'https://open-vsx.org'), ('LOGNAME', 'orangepi'), ('FORCE_COLOR', '0'), ('VSCODE_HANDLES_SIGPIPE', 'true'), ('_', '/usr/bin/colcon'), ('ROS_VERSION', '2'), ('CURSOR_LAYOUT', 'unifiedAgent'), ('XDG_SESSION_CLASS', 'user'), ('TERM', 'dumb'), ('GST_GL_API', 'gles2'), ('XDG_SESSION_ID', '5'), ('GST_VIDEO_CONVERT_PREFERRED_FORMAT', 'NV12:NV16:I420:YUY2'), ('GST_V4L2SRC_RK_DEVICES', '_mainpath:_selfpath:_bypass:_scale'), ('ROS_LOCALHOST_ONLY', '0'), ('PATH', '/home/orangepi/.cursor-server/bin/linux-arm64/31e8d61c448c7472e371505838a0fe34083dad50/node_modules/@vscode/ripgrep/bin:/home/orangepi/.cursor-server/bin/linux-arm64/31e8d61c448c7472e371505838a0fe34083dad50/bin/remote-cli:/opt/ros/humble/bin:/home/orangepi/.cursor-server/bin/linux-arm64/31e8d61c448c7472e371505838a0fe34083dad50/bin/remote-cli:/usr/local/sbin:/usr/local/bin:/usr/sbin:/usr/bin:/sbin:/bin:/usr/games:/usr/local/games:/snap/bin'), ('VSCODE_AGENT_FOLDER', '/home/orangepi/.cursor-server'), ('XDG_RUNTIME_DIR', '/run/user/1000'), ('AGENT_TRANSCRIPTS', '/home/orangepi/.cursor/projects/home-orangepi/agent-transcripts'), ('GST_GL_PLATFORM', 'egl'), ('GST_DEBUG_NO_COLOR', '1'), ('GST_V4L2SRC_DEFAULT_DEVICE', '/dev/video-camera0'), ('CURSOR_AGENT', '1'), ('DISPLAY', ':0'), ('LANG', 'en_US.UTF-8'), ('LS_COLORS', ''), ('GST_V4L2_USE_LIBV4L2', '1'), ('UMS_SIZE', '256M'), ('AMENT_PREFIX_PATH', '/home/orangepi/marco_ws/install/marco_simulation:/home/orangepi/marco_ws/install/marco_safety:/home/orangepi/marco_ws/install/marco_perception:/home/orangepi/marco_ws/install/marco_localization:/home/orangepi/marco_ws/install/marco_navigation:/home/orangepi/marco_ws/install/marco_msgs:/home/orangepi/marco_ws/install/marco_mission:/home/orangepi/marco_ws/install/marco_docking:/home/orangepi/marco_ws/install/marco_bringup:/home/orangepi/marco_ws/install/marco_description:/home/orangepi/marco_ws/install/marco_base:/home/orangepi/marco_ws/install/lane_tracking:/home/orangepi/ydlidar_ros2_ws/install/ydlidar_ros2_driver:/opt/ros/humble'), ('LC_MESSAGES', 'en_US.UTF-8'), ('SHELL', '/bin/bash'), ('VSCODE_SERVER_SHUTDOWN_TIMEOUT', '300'), ('UMS_RO', '0'), ('LESSCLOSE', '/usr/bin/lesspipe %s %s'), ('UMS_FSTYPE', 'vfat'), ('PWD', '/home/orangepi/marco_ws/build/marco_msgs'), ('LC_ALL', 'en_US.UTF-8'), ('SSH_CONNECTION', 'fe80::a915:eed:d97c:42ea%wlx4822541cd7c3 53828 fe80::a73f:80ee:42ac:eebb%wlx4822541cd7c3 22'), ('CURSOR_CONVERSATION_ID', '1ca3b929-f989-4c58-9e95-8b5ab2ce584e'), ('PYTHONPATH', '/home/orangepi/marco_ws/build/marco_docking:/home/orangepi/marco_ws/build/marco_perception:/home/orangepi/marco_ws/install/marco_perception/lib/python3.10/site-packages:/home/orangepi/marco_ws/install/marco_msgs/local/lib/python3.10/dist-packages:/home/orangepi/marco_ws/install/marco_mission/lib/python3.10/site-packages:/home/orangepi/marco_ws/install/marco_docking/lib/python3.10/site-packages:/home/orangepi/marco_ws/build/marco_base:/home/orangepi/marco_ws/install/marco_base/lib/python3.10/site-packages:/home/orangepi/marco_ws/install/lane_tracking/lib/python3.10/site-packages:/opt/ros/humble/lib/python3.10/site-packages:/opt/ros/humble/local/lib/python3.10/dist-packages'), ('UMS_MOUNT', '0'), ('COLCON', '1'), ('__CURSOR_SANDBOX_ENV_RESTORE', "builtin unset CURSOR_CONVERSATION_ID CURSOR_AGENT_STORE_FILES_DIR CURSOR_AGENT_STORE_SHARED_PATHS 2>/dev/null || true; builtin export CURSOR_CONVERSATION_ID='1ca3b929-f989-4c58-9e95-8b5ab2ce584e'"), ('_ZO_DOCTOR', '0'), ('CMAKE_PREFIX_PATH', '/home/orangepi/marco_ws/install/marco_simulation:/home/orangepi/marco_ws/install/marco_safety:/home/orangepi/marco_ws/install/marco_localization:/home/orangepi/marco_ws/install/marco_navigation:/home/orangepi/marco_ws/install/marco_msgs:/home/orangepi/marco_ws/install/marco_bringup:/home/orangepi/marco_ws/install/marco_description:/home/orangepi/ydlidar_ros2_ws/install/ydlidar_ros2_driver:/home/orangepi/marco_ws/install/marco_perception:/home/orangepi/marco_ws/install/marco_mission:/home/orangepi/marco_ws/install/marco_docking:/home/orangepi/marco_ws/install/marco_base:/home/orangepi/marco_ws/install/lane_tracking:/opt/ros/humble'), ('UMS_FILE', '/userdata/ums_shared.img')]), 'shell': False}
[0.062524] (marco_msgs) StdoutLine: {'line': b'-- Found ament_cmake: 1.3.14 (/opt/ros/humble/share/ament_cmake/cmake)\n'}
[0.099254] (-) TimerEvent: {}
[0.199865] (-) TimerEvent: {}
[0.300676] (-) TimerEvent: {}
[0.315435] (marco_msgs) StdoutLine: {'line': b'-- Override CMake install command with custom implementation using symlinks instead of copying resources\n'}
[0.332764] (marco_msgs) StdoutLine: {'line': b'-- Found rosidl_default_generators: 1.2.1 (/opt/ros/humble/share/rosidl_default_generators/cmake)\n'}
[0.342317] (marco_msgs) StdoutLine: {'line': b'-- Using all available rosidl_typesupport_c: rosidl_typesupport_fastrtps_c;rosidl_typesupport_introspection_c\n'}
[0.352080] (marco_msgs) StdoutLine: {'line': b'-- Found rosidl_adapter: 3.1.9 (/opt/ros/humble/share/rosidl_adapter/cmake)\n'}
[0.400923] (-) TimerEvent: {}
[0.469158] (marco_msgs) StdoutLine: {'line': b'-- Using all available rosidl_typesupport_cpp: rosidl_typesupport_fastrtps_cpp;rosidl_typesupport_introspection_cpp\n'}
[0.501210] (-) TimerEvent: {}
[0.559283] (marco_msgs) StdoutLine: {'line': b'-- Found std_msgs: 4.9.1 (/opt/ros/humble/share/std_msgs/cmake)\n'}
[0.601547] (-) TimerEvent: {}
[0.641138] (marco_msgs) StdoutLine: {'line': b'-- Found geometry_msgs: 4.9.1 (/opt/ros/humble/share/geometry_msgs/cmake)\n'}
[0.701886] (-) TimerEvent: {}
[0.802642] (-) TimerEvent: {}
[0.903289] (-) TimerEvent: {}
[1.003910] (-) TimerEvent: {}
[1.104721] (-) TimerEvent: {}
[1.205510] (-) TimerEvent: {}
[1.306224] (-) TimerEvent: {}
[1.407099] (-) TimerEvent: {}
[1.507840] (marco_msgs) StdoutLine: {'line': b'-- Found ament_cmake_ros: 0.10.0 (/opt/ros/humble/share/ament_cmake_ros/cmake)\n'}
[1.508771] (-) TimerEvent: {}
[1.609182] (-) TimerEvent: {}
[1.709867] (-) TimerEvent: {}
[1.810611] (-) TimerEvent: {}
[1.911422] (-) TimerEvent: {}
[2.002692] (marco_msgs) StdoutLine: {'line': b'-- Using all available rosidl_typesupport_c: rosidl_typesupport_fastrtps_c;rosidl_typesupport_introspection_c\n'}
[2.011531] (-) TimerEvent: {}
[2.112061] (-) TimerEvent: {}
[2.212808] (-) TimerEvent: {}
[2.313821] (-) TimerEvent: {}
[2.414637] (-) TimerEvent: {}
[2.515434] (-) TimerEvent: {}
[2.616208] (-) TimerEvent: {}
[2.716772] (-) TimerEvent: {}
[2.762759] (marco_msgs) StdoutLine: {'line': b'-- Using all available rosidl_typesupport_cpp: rosidl_typesupport_fastrtps_cpp;rosidl_typesupport_introspection_cpp\n'}
[2.817097] (-) TimerEvent: {}
[2.838692] (marco_msgs) StdoutLine: {'line': b'-- Found python_cmake_module: 0.10.0 (/opt/ros/humble/share/python_cmake_module/cmake)\n'}
[2.917469] (-) TimerEvent: {}
[2.920177] (marco_msgs) StdoutLine: {'line': b'-- Using PYTHON_EXECUTABLE: /usr/bin/python3\n'}
[2.921047] (marco_msgs) StdoutLine: {'line': b'-- Using PYTHON_INCLUDE_DIRS: /usr/include/python3.10\n'}
[2.921565] (marco_msgs) StdoutLine: {'line': b'-- Using PYTHON_LIBRARIES: /usr/lib/aarch64-linux-gnu/libpython3.10.so\n'}
[3.017802] (-) TimerEvent: {}
[3.118549] (-) TimerEvent: {}
[3.202653] (marco_msgs) StdoutLine: {'line': b'-- Configuring done\n'}
[3.218766] (-) TimerEvent: {}
[3.319439] (-) TimerEvent: {}
[3.418016] (marco_msgs) StdoutLine: {'line': b'-- Generating done\n'}
[3.419536] (-) TimerEvent: {}
[3.467173] (marco_msgs) StdoutLine: {'line': b'-- Build files have been written to: /home/orangepi/marco_ws/build/marco_msgs\n'}
[3.489539] (marco_msgs) CommandEnded: {'returncode': 0}
[3.494524] (marco_msgs) JobProgress: {'identifier': 'marco_msgs', 'progress': 'build'}
[3.495018] (marco_msgs) Command: {'cmd': ['/usr/bin/cmake', '--build', '/home/orangepi/marco_ws/build/marco_msgs', '--', '-j8', '-l8'], 'cwd': '/home/orangepi/marco_ws/build/marco_msgs', 'env': OrderedDict([('LESSOPEN', '| /usr/bin/lesspipe %s'), ('VSCODE_CWD', '/home/orangepi'), ('UMS_MOUNTPOINT', '/mnt/ums'), ('VSCODE_ESM_ENTRYPOINT', 'vs/workbench/api/node/extensionHostProcess'), ('GST_V4L2_PREFERRED_FOURCC', 'NV12:YU12:NV16:YUY2'), ('LANGUAGE', 'en_US.UTF-8'), ('USER', 'orangepi'), ('SSH_CLIENT', 'fe80::a915:eed:d97c:42ea%wlx4822541cd7c3 53828 22'), ('VSCODE_NLS_CONFIG', '{"userLocale":"en","osLocale":"en","resolvedLanguage":"en","defaultMessagesFile":"/home/orangepi/.cursor-server/bin/linux-arm64/31e8d61c448c7472e371505838a0fe34083dad50/out/nls.messages.json","locale":"en","availableLanguages":{}}'), ('VSCODE_HANDLES_UNCAUGHT_ERRORS', 'true'), ('XDG_SESSION_TYPE', 'tty'), ('CURSOR_RIPGREP_PATH', '/home/orangepi/.cursor-server/bin/linux-arm64/31e8d61c448c7472e371505838a0fe34083dad50/node_modules/@vscode/ripgrep/bin/rg'), ('SHLVL', '0'), ('USB_FUNCS', 'adb'), ('LD_LIBRARY_PATH', '/home/orangepi/marco_ws/install/marco_msgs/lib:/opt/ros/humble/opt/rviz_ogre_vendor/lib:/opt/ros/humble/lib/aarch64-linux-gnu:/opt/ros/humble/lib'), ('BROWSER', '/home/orangepi/.cursor-server/bin/linux-arm64/31e8d61c448c7472e371505838a0fe34083dad50/bin/helpers/browser.sh'), ('MOTD_SHOWN', 'pam'), ('HOME', '/home/orangepi'), ('OLDPWD', '/home/orangepi/marco_ws'), ('VSCODE_IPC_HOOK_CLI', '/run/user/1000/vscode-ipc-0eae5caf-301b-4724-a9a1-6e0880f85816.sock'), ('GST_INSPECT_NO_COLORS', '1'), ('GST_MPP_NO_RGA', '1'), ('ROS_PYTHON_VERSION', '3'), ('COGL_DRIVER', 'gles2'), ('NO_COLOR', '1'), ('DBUS_SESSION_BUS_ADDRESS', 'unix:path=/run/user/1000/bus'), ('VSCODE_L10N_BUNDLE_LOCATION', ''), ('COLCON_PREFIX_PATH', '/home/orangepi/marco_ws/install:/home/orangepi/ydlidar_ros2_ws/install'), ('GST_V4L2SRC_MAX_RESOLUTION', '3840x2160'), ('ROS_DISTRO', 'humble'), ('OVSX_REGISTRY_URL', 'https://open-vsx.org'), ('LOGNAME', 'orangepi'), ('FORCE_COLOR', '0'), ('VSCODE_HANDLES_SIGPIPE', 'true'), ('_', '/usr/bin/colcon'), ('ROS_VERSION', '2'), ('CURSOR_LAYOUT', 'unifiedAgent'), ('XDG_SESSION_CLASS', 'user'), ('TERM', 'dumb'), ('GST_GL_API', 'gles2'), ('XDG_SESSION_ID', '5'), ('GST_VIDEO_CONVERT_PREFERRED_FORMAT', 'NV12:NV16:I420:YUY2'), ('GST_V4L2SRC_RK_DEVICES', '_mainpath:_selfpath:_bypass:_scale'), ('ROS_LOCALHOST_ONLY', '0'), ('PATH', '/home/orangepi/.cursor-server/bin/linux-arm64/31e8d61c448c7472e371505838a0fe34083dad50/node_modules/@vscode/ripgrep/bin:/home/orangepi/.cursor-server/bin/linux-arm64/31e8d61c448c7472e371505838a0fe34083dad50/bin/remote-cli:/opt/ros/humble/bin:/home/orangepi/.cursor-server/bin/linux-arm64/31e8d61c448c7472e371505838a0fe34083dad50/bin/remote-cli:/usr/local/sbin:/usr/local/bin:/usr/sbin:/usr/bin:/sbin:/bin:/usr/games:/usr/local/games:/snap/bin'), ('VSCODE_AGENT_FOLDER', '/home/orangepi/.cursor-server'), ('XDG_RUNTIME_DIR', '/run/user/1000'), ('AGENT_TRANSCRIPTS', '/home/orangepi/.cursor/projects/home-orangepi/agent-transcripts'), ('GST_GL_PLATFORM', 'egl'), ('GST_DEBUG_NO_COLOR', '1'), ('GST_V4L2SRC_DEFAULT_DEVICE', '/dev/video-camera0'), ('CURSOR_AGENT', '1'), ('DISPLAY', ':0'), ('LANG', 'en_US.UTF-8'), ('LS_COLORS', ''), ('GST_V4L2_USE_LIBV4L2', '1'), ('UMS_SIZE', '256M'), ('AMENT_PREFIX_PATH', '/home/orangepi/marco_ws/install/marco_simulation:/home/orangepi/marco_ws/install/marco_safety:/home/orangepi/marco_ws/install/marco_perception:/home/orangepi/marco_ws/install/marco_localization:/home/orangepi/marco_ws/install/marco_navigation:/home/orangepi/marco_ws/install/marco_msgs:/home/orangepi/marco_ws/install/marco_mission:/home/orangepi/marco_ws/install/marco_docking:/home/orangepi/marco_ws/install/marco_bringup:/home/orangepi/marco_ws/install/marco_description:/home/orangepi/marco_ws/install/marco_base:/home/orangepi/marco_ws/install/lane_tracking:/home/orangepi/ydlidar_ros2_ws/install/ydlidar_ros2_driver:/opt/ros/humble'), ('LC_MESSAGES', 'en_US.UTF-8'), ('SHELL', '/bin/bash'), ('VSCODE_SERVER_SHUTDOWN_TIMEOUT', '300'), ('UMS_RO', '0'), ('LESSCLOSE', '/usr/bin/lesspipe %s %s'), ('UMS_FSTYPE', 'vfat'), ('PWD', '/home/orangepi/marco_ws/build/marco_msgs'), ('LC_ALL', 'en_US.UTF-8'), ('SSH_CONNECTION', 'fe80::a915:eed:d97c:42ea%wlx4822541cd7c3 53828 fe80::a73f:80ee:42ac:eebb%wlx4822541cd7c3 22'), ('CURSOR_CONVERSATION_ID', '1ca3b929-f989-4c58-9e95-8b5ab2ce584e'), ('PYTHONPATH', '/home/orangepi/marco_ws/build/marco_docking:/home/orangepi/marco_ws/build/marco_perception:/home/orangepi/marco_ws/install/marco_perception/lib/python3.10/site-packages:/home/orangepi/marco_ws/install/marco_msgs/local/lib/python3.10/dist-packages:/home/orangepi/marco_ws/install/marco_mission/lib/python3.10/site-packages:/home/orangepi/marco_ws/install/marco_docking/lib/python3.10/site-packages:/home/orangepi/marco_ws/build/marco_base:/home/orangepi/marco_ws/install/marco_base/lib/python3.10/site-packages:/home/orangepi/marco_ws/install/lane_tracking/lib/python3.10/site-packages:/opt/ros/humble/lib/python3.10/site-packages:/opt/ros/humble/local/lib/python3.10/dist-packages'), ('UMS_MOUNT', '0'), ('COLCON', '1'), ('__CURSOR_SANDBOX_ENV_RESTORE', "builtin unset CURSOR_CONVERSATION_ID CURSOR_AGENT_STORE_FILES_DIR CURSOR_AGENT_STORE_SHARED_PATHS 2>/dev/null || true; builtin export CURSOR_CONVERSATION_ID='1ca3b929-f989-4c58-9e95-8b5ab2ce584e'"), ('_ZO_DOCTOR', '0'), ('CMAKE_PREFIX_PATH', '/home/orangepi/marco_ws/install/marco_simulation:/home/orangepi/marco_ws/install/marco_safety:/home/orangepi/marco_ws/install/marco_localization:/home/orangepi/marco_ws/install/marco_navigation:/home/orangepi/marco_ws/install/marco_msgs:/home/orangepi/marco_ws/install/marco_bringup:/home/orangepi/marco_ws/install/marco_description:/home/orangepi/ydlidar_ros2_ws/install/ydlidar_ros2_driver:/home/orangepi/marco_ws/install/marco_perception:/home/orangepi/marco_ws/install/marco_mission:/home/orangepi/marco_ws/install/marco_docking:/home/orangepi/marco_ws/install/marco_base:/home/orangepi/marco_ws/install/lane_tracking:/opt/ros/humble'), ('UMS_FILE', '/userdata/ums_shared.img')]), 'shell': False}
[3.519810] (-) TimerEvent: {}
[3.620512] (-) TimerEvent: {}
[3.627159] (marco_msgs) StdoutLine: {'line': b'[  1%] Generating C code for ROS interfaces\n'}
[3.654512] (marco_msgs) StdoutLine: {'line': b'[  2%] Generating C++ code for ROS interfaces\n'}
[3.668274] (marco_msgs) StdoutLine: {'line': b'[  3%] Generating Rust code for ROS interfaces\n'}
[3.669496] (marco_msgs) StdoutLine: {'line': b'[  3%] Built target ament_cmake_python_symlink_marco_msgs\n'}
[3.720790] (-) TimerEvent: {}
[3.821536] (-) TimerEvent: {}
[3.922179] (-) TimerEvent: {}
[4.022787] (-) TimerEvent: {}
[4.045862] (marco_msgs) StdoutLine: {'line': b'running egg_info\n'}
[4.048697] (marco_msgs) StdoutLine: {'line': b'writing marco_msgs.egg-info/PKG-INFO\n'}
[4.049398] (marco_msgs) StdoutLine: {'line': b'writing dependency_links to marco_msgs.egg-info/dependency_links.txt\n'}
[4.050139] (marco_msgs) StdoutLine: {'line': b'writing top-level names to marco_msgs.egg-info/top_level.txt\n'}
[4.055944] (marco_msgs) StdoutLine: {'line': b"reading manifest file 'marco_msgs.egg-info/SOURCES.txt'\n"}
[4.057230] (marco_msgs) StdoutLine: {'line': b"writing manifest file 'marco_msgs.egg-info/SOURCES.txt'\n"}
[4.123045] (-) TimerEvent: {}
[4.158077] (marco_msgs) StdoutLine: {'line': b'[  3%] Built target ament_cmake_python_build_marco_msgs_egg\n'}
[4.223293] (-) TimerEvent: {}
[4.323945] (-) TimerEvent: {}
[4.424760] (-) TimerEvent: {}
[4.525560] (-) TimerEvent: {}
[4.626214] (-) TimerEvent: {}
[4.726909] (-) TimerEvent: {}
[4.827621] (-) TimerEvent: {}
[4.928334] (-) TimerEvent: {}
[5.028983] (-) TimerEvent: {}
[5.129755] (-) TimerEvent: {}
[5.230511] (-) TimerEvent: {}
[5.264116] (marco_msgs) StdoutLine: {'line': b'[  3%] Built target marco_msgs__rs\n'}
[5.330772] (-) TimerEvent: {}
[5.431370] (-) TimerEvent: {}
[5.531961] (-) TimerEvent: {}
[5.632612] (-) TimerEvent: {}
[5.733249] (-) TimerEvent: {}
[5.834047] (-) TimerEvent: {}
[5.934842] (-) TimerEvent: {}
[5.980367] (marco_msgs) StdoutLine: {'line': b'[  3%] Built target marco_msgs__cpp\n'}
[5.999103] (marco_msgs) StdoutLine: {'line': b'[  5%] Generating C++ introspection for ROS interfaces\n'}
[5.999932] (marco_msgs) StdoutLine: {'line': b'[  5%] Generating C++ type support dispatch for ROS interfaces\n'}
[6.016022] (marco_msgs) StdoutLine: {'line': b'[  6%] Generating C++ type support for eProsima Fast-RTPS\n'}
[6.034956] (-) TimerEvent: {}
[6.062106] (marco_msgs) StdoutLine: {'line': b'Consolidate compiler generated dependencies of target marco_msgs__rosidl_generator_c\n'}
[6.084397] (marco_msgs) StdoutLine: {'line': b'[  7%] Building C object CMakeFiles/marco_msgs__rosidl_generator_c.dir/rosidl_generator_c/marco_msgs/msg/detail/qr_detection__functions.c.o\n'}
[6.099156] (marco_msgs) StdoutLine: {'line': b'[  9%] Building C object CMakeFiles/marco_msgs__rosidl_generator_c.dir/rosidl_generator_c/marco_msgs/msg/detail/lane_offset__functions.c.o\n'}
[6.099824] (marco_msgs) StdoutLine: {'line': b'[ 10%] Building C object CMakeFiles/marco_msgs__rosidl_generator_c.dir/rosidl_generator_c/marco_msgs/msg/detail/robot_status__functions.c.o\n'}
[6.100555] (marco_msgs) StdoutLine: {'line': b'[ 12%] Building C object CMakeFiles/marco_msgs__rosidl_generator_c.dir/rosidl_generator_c/marco_msgs/action/detail/dock_to_station__functions.c.o\n'}
[6.100649] (marco_msgs) StdoutLine: {'line': b'[ 12%] Building C object CMakeFiles/marco_msgs__rosidl_generator_c.dir/rosidl_generator_c/marco_msgs/srv/detail/assign_task__functions.c.o\n'}
[6.135055] (-) TimerEvent: {}
[6.235431] (-) TimerEvent: {}
[6.336123] (-) TimerEvent: {}
[6.436915] (-) TimerEvent: {}
[6.458123] (marco_msgs) StdoutLine: {'line': b'[ 13%] Building C object CMakeFiles/marco_msgs__rosidl_generator_c.dir/rosidl_generator_c/marco_msgs/srv/detail/start_mission__functions.c.o\n'}
[6.462210] (marco_msgs) StdoutLine: {'line': b'[ 14%] Building C object CMakeFiles/marco_msgs__rosidl_generator_c.dir/rosidl_generator_c/marco_msgs/srv/detail/gate_permission__functions.c.o\n'}
[6.468255] (marco_msgs) StdoutLine: {'line': b'[ 15%] Building C object CMakeFiles/marco_msgs__rosidl_generator_c.dir/rosidl_generator_c/marco_msgs/srv/detail/task_complete__functions.c.o\n'}
[6.537199] (-) TimerEvent: {}
[6.637872] (-) TimerEvent: {}
[6.688838] (marco_msgs) StdoutLine: {'line': b'[ 17%] Linking C shared library libmarco_msgs__rosidl_generator_c.so\n'}
[6.738184] (-) TimerEvent: {}
[6.838860] (-) TimerEvent: {}
[6.876862] (marco_msgs) StdoutLine: {'line': b'[ 17%] Built target marco_msgs__rosidl_generator_c\n'}
[6.900912] (marco_msgs) StdoutLine: {'line': b'[ 18%] Generating C type support for eProsima Fast-RTPS\n'}
[6.916627] (marco_msgs) StdoutLine: {'line': b'[ 19%] Generating C introspection for ROS interfaces\n'}
[6.917502] (marco_msgs) StdoutLine: {'line': b'[ 20%] Generating C type support dispatch for ROS interfaces\n'}
[6.939103] (-) TimerEvent: {}
[7.039797] (-) TimerEvent: {}
[7.140475] (-) TimerEvent: {}
[7.241200] (-) TimerEvent: {}
[7.341836] (-) TimerEvent: {}
[7.442494] (-) TimerEvent: {}
[7.543167] (-) TimerEvent: {}
[7.643893] (-) TimerEvent: {}
[7.744583] (-) TimerEvent: {}
[7.826089] (marco_msgs) StdoutLine: {'line': b'Consolidate compiler generated dependencies of target marco_msgs__rosidl_typesupport_cpp\n'}
[7.845124] (-) TimerEvent: {}
[7.884040] (marco_msgs) StdoutLine: {'line': b'[ 22%] Building CXX object CMakeFiles/marco_msgs__rosidl_typesupport_cpp.dir/rosidl_typesupport_cpp/marco_msgs/msg/robot_status__type_support.cpp.o\n'}
[7.885877] (marco_msgs) StdoutLine: {'line': b'[ 22%] Building CXX object CMakeFiles/marco_msgs__rosidl_typesupport_cpp.dir/rosidl_typesupport_cpp/marco_msgs/msg/lane_offset__type_support.cpp.o\n'}
[7.886468] (marco_msgs) StdoutLine: {'line': b'[ 23%] Building CXX object CMakeFiles/marco_msgs__rosidl_typesupport_cpp.dir/rosidl_typesupport_cpp/marco_msgs/msg/qr_detection__type_support.cpp.o\n'}
[7.945772] (-) TimerEvent: {}
[8.046207] (-) TimerEvent: {}
[8.146774] (-) TimerEvent: {}
[8.247391] (-) TimerEvent: {}
[8.347815] (-) TimerEvent: {}
[8.420263] (marco_msgs) StdoutLine: {'line': b'Consolidate compiler generated dependencies of target marco_msgs__rosidl_typesupport_introspection_cpp\n'}
[8.448476] (-) TimerEvent: {}
[8.477268] (marco_msgs) StdoutLine: {'line': b'[ 25%] Building CXX object CMakeFiles/marco_msgs__rosidl_typesupport_introspection_cpp.dir/rosidl_typesupport_introspection_cpp/marco_msgs/msg/detail/lane_offset__type_support.cpp.o\n'}
[8.548742] (-) TimerEvent: {}
[8.569573] (marco_msgs) StdoutLine: {'line': b'Consolidate compiler generated dependencies of target marco_msgs__rosidl_typesupport_fastrtps_cpp\n'}
[8.621665] (marco_msgs) StdoutLine: {'line': b'[ 26%] Building CXX object CMakeFiles/marco_msgs__rosidl_typesupport_fastrtps_cpp.dir/rosidl_typesupport_fastrtps_cpp/marco_msgs/msg/detail/dds_fastrtps/lane_offset__type_support.cpp.o\n'}
[8.648860] (-) TimerEvent: {}
[8.749252] (-) TimerEvent: {}
[8.849655] (-) TimerEvent: {}
[8.950022] (-) TimerEvent: {}
[9.050291] (-) TimerEvent: {}
[9.137242] (marco_msgs) StdoutLine: {'line': b'Consolidate compiler generated dependencies of target marco_msgs__rosidl_typesupport_c\n'}
[9.150524] (-) TimerEvent: {}
[9.197389] (marco_msgs) StdoutLine: {'line': b'[ 27%] Building CXX object CMakeFiles/marco_msgs__rosidl_typesupport_c.dir/rosidl_typesupport_c/marco_msgs/msg/lane_offset__type_support.cpp.o\n'}
[9.214329] (marco_msgs) StdoutLine: {'line': b'[ 28%] Building CXX object CMakeFiles/marco_msgs__rosidl_typesupport_c.dir/rosidl_typesupport_c/marco_msgs/msg/qr_detection__type_support.cpp.o\n'}
[9.228216] (marco_msgs) StdoutLine: {'line': b'[ 29%] Building CXX object CMakeFiles/marco_msgs__rosidl_typesupport_c.dir/rosidl_typesupport_c/marco_msgs/msg/robot_status__type_support.cpp.o\n'}
[9.250610] (-) TimerEvent: {}
[9.256302] (marco_msgs) StdoutLine: {'line': b'[ 30%] Building CXX object CMakeFiles/marco_msgs__rosidl_typesupport_cpp.dir/rosidl_typesupport_cpp/marco_msgs/action/dock_to_station__type_support.cpp.o\n'}
[9.350748] (-) TimerEvent: {}
[9.359718] (marco_msgs) StdoutLine: {'line': b'[ 31%] Building CXX object CMakeFiles/marco_msgs__rosidl_typesupport_c.dir/rosidl_typesupport_c/marco_msgs/action/dock_to_station__type_support.cpp.o\n'}
[9.400018] (marco_msgs) StdoutLine: {'line': b'[ 32%] Building CXX object CMakeFiles/marco_msgs__rosidl_typesupport_cpp.dir/rosidl_typesupport_cpp/marco_msgs/srv/assign_task__type_support.cpp.o\n'}
[9.444170] (marco_msgs) StdoutLine: {'line': b'[ 34%] Building CXX object CMakeFiles/marco_msgs__rosidl_typesupport_fastrtps_cpp.dir/rosidl_typesupport_fastrtps_cpp/marco_msgs/msg/detail/dds_fastrtps/qr_detection__type_support.cpp.o\n'}
[9.451030] (-) TimerEvent: {}
[9.524159] (marco_msgs) StdoutLine: {'line': b'[ 35%] Building CXX object CMakeFiles/marco_msgs__rosidl_typesupport_c.dir/rosidl_typesupport_c/marco_msgs/srv/assign_task__type_support.cpp.o\n'}
[9.551272] (-) TimerEvent: {}
[9.558205] (marco_msgs) StdoutLine: {'line': b'Consolidate compiler generated dependencies of target marco_msgs__rosidl_typesupport_fastrtps_c\n'}
[9.604896] (marco_msgs) StdoutLine: {'line': b'[ 36%] Building CXX object CMakeFiles/marco_msgs__rosidl_typesupport_fastrtps_c.dir/rosidl_typesupport_fastrtps_c/marco_msgs/msg/detail/lane_offset__type_support_c.cpp.o\n'}
[9.651516] (-) TimerEvent: {}
[9.652451] (marco_msgs) StdoutLine: {'line': b'[ 37%] Building CXX object CMakeFiles/marco_msgs__rosidl_typesupport_c.dir/rosidl_typesupport_c/marco_msgs/srv/gate_permission__type_support.cpp.o\n'}
[9.687589] (marco_msgs) StdoutLine: {'line': b'Consolidate compiler generated dependencies of target marco_msgs__rosidl_typesupport_introspection_c\n'}
[9.690097] (marco_msgs) StdoutLine: {'line': b'[ 38%] Building CXX object CMakeFiles/marco_msgs__rosidl_typesupport_introspection_cpp.dir/rosidl_typesupport_introspection_cpp/marco_msgs/msg/detail/qr_detection__type_support.cpp.o\n'}
[9.734785] (marco_msgs) StdoutLine: {'line': b'[ 39%] Building C object CMakeFiles/marco_msgs__rosidl_typesupport_introspection_c.dir/rosidl_typesupport_introspection_c/marco_msgs/msg/detail/lane_offset__type_support.c.o\n'}
[9.744269] (marco_msgs) StdoutLine: {'line': b'[ 40%] Building CXX object CMakeFiles/marco_msgs__rosidl_typesupport_cpp.dir/rosidl_typesupport_cpp/marco_msgs/srv/gate_permission__type_support.cpp.o\n'}
[9.751621] (-) TimerEvent: {}
[9.786966] (marco_msgs) StdoutLine: {'line': b'[ 42%] Building CXX object CMakeFiles/marco_msgs__rosidl_typesupport_c.dir/rosidl_typesupport_c/marco_msgs/srv/task_complete__type_support.cpp.o\n'}
[9.851758] (-) TimerEvent: {}
[9.892890] (marco_msgs) StdoutLine: {'line': b'[ 43%] Building C object CMakeFiles/marco_msgs__rosidl_typesupport_introspection_c.dir/rosidl_typesupport_introspection_c/marco_msgs/msg/detail/qr_detection__type_support.c.o\n'}
[9.894437] (marco_msgs) StdoutLine: {'line': b'[ 44%] Building CXX object CMakeFiles/marco_msgs__rosidl_typesupport_cpp.dir/rosidl_typesupport_cpp/marco_msgs/srv/task_complete__type_support.cpp.o\n'}
[9.924863] (marco_msgs) StdoutLine: {'line': b'[ 45%] Building CXX object CMakeFiles/marco_msgs__rosidl_typesupport_c.dir/rosidl_typesupport_c/marco_msgs/srv/start_mission__type_support.cpp.o\n'}
[9.951895] (-) TimerEvent: {}
[10.052178] (-) TimerEvent: {}
[10.060134] (marco_msgs) StdoutLine: {'line': b'[ 46%] Linking CXX shared library libmarco_msgs__rosidl_typesupport_c.so\n'}
[10.061233] (marco_msgs) StdoutLine: {'line': b'[ 47%] Building C object CMakeFiles/marco_msgs__rosidl_typesupport_introspection_c.dir/rosidl_typesupport_introspection_c/marco_msgs/msg/detail/robot_status__type_support.c.o\n'}
[10.106684] (marco_msgs) StdoutLine: {'line': b'[ 48%] Building CXX object CMakeFiles/marco_msgs__rosidl_typesupport_cpp.dir/rosidl_typesupport_cpp/marco_msgs/srv/start_mission__type_support.cpp.o\n'}
[10.142751] (marco_msgs) StdoutLine: {'line': b'[ 50%] Building CXX object CMakeFiles/marco_msgs__rosidl_typesupport_fastrtps_cpp.dir/rosidl_typesupport_fastrtps_cpp/marco_msgs/msg/detail/dds_fastrtps/robot_status__type_support.cpp.o\n'}
[10.152308] (-) TimerEvent: {}
[10.156432] (marco_msgs) StdoutLine: {'line': b'[ 51%] Building CXX object CMakeFiles/marco_msgs__rosidl_typesupport_fastrtps_cpp.dir/rosidl_typesupport_fastrtps_cpp/marco_msgs/action/detail/dds_fastrtps/dock_to_station__type_support.cpp.o\n'}
[10.223585] (marco_msgs) StdoutLine: {'line': b'[ 52%] Building C object CMakeFiles/marco_msgs__rosidl_typesupport_introspection_c.dir/rosidl_typesupport_introspection_c/marco_msgs/action/detail/dock_to_station__type_support.c.o\n'}
[10.240745] (marco_msgs) StdoutLine: {'line': b'[ 52%] Built target marco_msgs__rosidl_typesupport_c\n'}
[10.252464] (-) TimerEvent: {}
[10.275019] (marco_msgs) StdoutLine: {'line': b'[ 53%] Building CXX object CMakeFiles/marco_msgs__rosidl_typesupport_introspection_cpp.dir/rosidl_typesupport_introspection_cpp/marco_msgs/msg/detail/robot_status__type_support.cpp.o\n'}
[10.310908] (marco_msgs) StdoutLine: {'line': b'[ 54%] Building CXX object CMakeFiles/marco_msgs__rosidl_typesupport_introspection_cpp.dir/rosidl_typesupport_introspection_cpp/marco_msgs/action/detail/dock_to_station__type_support.cpp.o\n'}
[10.352751] (-) TimerEvent: {}
[10.453302] (-) TimerEvent: {}
[10.455923] (marco_msgs) StdoutLine: {'line': b'[ 55%] Building C object CMakeFiles/marco_msgs__rosidl_typesupport_introspection_c.dir/rosidl_typesupport_introspection_c/marco_msgs/srv/detail/assign_task__type_support.c.o\n'}
[10.493892] (marco_msgs) StdoutLine: {'line': b'[ 56%] Linking CXX shared library libmarco_msgs__rosidl_typesupport_cpp.so\n'}
[10.514476] (marco_msgs) StdoutLine: {'line': b'[ 57%] Building CXX object CMakeFiles/marco_msgs__rosidl_typesupport_introspection_cpp.dir/rosidl_typesupport_introspection_cpp/marco_msgs/srv/detail/assign_task__type_support.cpp.o\n'}
[10.553522] (-) TimerEvent: {}
[10.580062] (marco_msgs) StdoutLine: {'line': b'[ 59%] Building C object CMakeFiles/marco_msgs__rosidl_typesupport_introspection_c.dir/rosidl_typesupport_introspection_c/marco_msgs/srv/detail/gate_permission__type_support.c.o\n'}
[10.607123] (marco_msgs) StdoutLine: {'line': b'[ 60%] Building CXX object CMakeFiles/marco_msgs__rosidl_typesupport_fastrtps_c.dir/rosidl_typesupport_fastrtps_c/marco_msgs/msg/detail/qr_detection__type_support_c.cpp.o\n'}
[10.634060] (marco_msgs) StdoutLine: {'line': b'[ 60%] Built target marco_msgs__rosidl_typesupport_cpp\n'}
[10.653299] (marco_msgs) StdoutLine: {'line': b'[ 61%] Building C object CMakeFiles/marco_msgs__rosidl_typesupport_introspection_c.dir/rosidl_typesupport_introspection_c/marco_msgs/srv/detail/task_complete__type_support.c.o\n'}
[10.653622] (-) TimerEvent: {}
[10.672024] (marco_msgs) StdoutLine: {'line': b'[ 62%] Building C object CMakeFiles/marco_msgs__rosidl_typesupport_introspection_c.dir/rosidl_typesupport_introspection_c/marco_msgs/srv/detail/start_mission__type_support.c.o\n'}
[10.753823] (-) TimerEvent: {}
[10.807537] (marco_msgs) StdoutLine: {'line': b'[ 63%] Building CXX object CMakeFiles/marco_msgs__rosidl_typesupport_fastrtps_cpp.dir/rosidl_typesupport_fastrtps_cpp/marco_msgs/srv/detail/dds_fastrtps/assign_task__type_support.cpp.o\n'}
[10.835974] (marco_msgs) StdoutLine: {'line': b'[ 64%] Linking C shared library libmarco_msgs__rosidl_typesupport_introspection_c.so\n'}
[10.854016] (-) TimerEvent: {}
[10.865857] (marco_msgs) StdoutLine: {'line': b'[ 65%] Building CXX object CMakeFiles/marco_msgs__rosidl_typesupport_fastrtps_cpp.dir/rosidl_typesupport_fastrtps_cpp/marco_msgs/srv/detail/dds_fastrtps/gate_permission__type_support.cpp.o\n'}
[10.954166] (-) TimerEvent: {}
[10.976916] (marco_msgs) StdoutLine: {'line': b'[ 65%] Built target marco_msgs__rosidl_typesupport_introspection_c\n'}
[11.011853] (marco_msgs) StdoutLine: {'line': b'[ 67%] Building CXX object CMakeFiles/marco_msgs__rosidl_typesupport_fastrtps_cpp.dir/rosidl_typesupport_fastrtps_cpp/marco_msgs/srv/detail/dds_fastrtps/task_complete__type_support.cpp.o\n'}
[11.054485] (-) TimerEvent: {}
[11.082495] (marco_msgs) StdoutLine: {'line': b'[ 68%] Building CXX object CMakeFiles/marco_msgs__rosidl_typesupport_introspection_cpp.dir/rosidl_typesupport_introspection_cpp/marco_msgs/srv/detail/gate_permission__type_support.cpp.o\n'}
[11.104121] (marco_msgs) StdoutLine: {'line': b'[ 69%] Building CXX object CMakeFiles/marco_msgs__rosidl_typesupport_introspection_cpp.dir/rosidl_typesupport_introspection_cpp/marco_msgs/srv/detail/task_complete__type_support.cpp.o\n'}
[11.154605] (-) TimerEvent: {}
[11.231113] (marco_msgs) StdoutLine: {'line': b'[ 70%] Building CXX object CMakeFiles/marco_msgs__rosidl_typesupport_fastrtps_cpp.dir/rosidl_typesupport_fastrtps_cpp/marco_msgs/srv/detail/dds_fastrtps/start_mission__type_support.cpp.o\n'}
[11.254745] (-) TimerEvent: {}
[11.355052] (-) TimerEvent: {}
[11.455335] (-) TimerEvent: {}
[11.555647] (-) TimerEvent: {}
[11.592904] (marco_msgs) StdoutLine: {'line': b'[ 71%] Building CXX object CMakeFiles/marco_msgs__rosidl_typesupport_introspection_cpp.dir/rosidl_typesupport_introspection_cpp/marco_msgs/srv/detail/start_mission__type_support.cpp.o\n'}
[11.655814] (-) TimerEvent: {}
[11.674236] (marco_msgs) StdoutLine: {'line': b'[ 72%] Building CXX object CMakeFiles/marco_msgs__rosidl_typesupport_fastrtps_c.dir/rosidl_typesupport_fastrtps_c/marco_msgs/msg/detail/robot_status__type_support_c.cpp.o\n'}
[11.720214] (marco_msgs) StdoutLine: {'line': b'[ 73%] Building CXX object CMakeFiles/marco_msgs__rosidl_typesupport_fastrtps_c.dir/rosidl_typesupport_fastrtps_c/marco_msgs/action/detail/dock_to_station__type_support_c.cpp.o\n'}
[11.755363] (marco_msgs) StdoutLine: {'line': b'[ 75%] Building CXX object CMakeFiles/marco_msgs__rosidl_typesupport_fastrtps_c.dir/rosidl_typesupport_fastrtps_c/marco_msgs/srv/detail/assign_task__type_support_c.cpp.o\n'}
[11.755879] (-) TimerEvent: {}
[11.856098] (-) TimerEvent: {}
[11.921835] (marco_msgs) StdoutLine: {'line': b'[ 76%] Building CXX object CMakeFiles/marco_msgs__rosidl_typesupport_fastrtps_c.dir/rosidl_typesupport_fastrtps_c/marco_msgs/srv/detail/gate_permission__type_support_c.cpp.o\n'}
[11.956248] (-) TimerEvent: {}
[12.056560] (-) TimerEvent: {}
[12.156878] (-) TimerEvent: {}
[12.206138] (marco_msgs) StdoutLine: {'line': b'[ 77%] Building CXX object CMakeFiles/marco_msgs__rosidl_typesupport_fastrtps_c.dir/rosidl_typesupport_fastrtps_c/marco_msgs/srv/detail/task_complete__type_support_c.cpp.o\n'}
[12.257010] (-) TimerEvent: {}
[12.306369] (marco_msgs) StdoutLine: {'line': b'[ 78%] Building CXX object CMakeFiles/marco_msgs__rosidl_typesupport_fastrtps_c.dir/rosidl_typesupport_fastrtps_c/marco_msgs/srv/detail/start_mission__type_support_c.cpp.o\n'}
[12.357391] (-) TimerEvent: {}
[12.458089] (-) TimerEvent: {}
[12.558600] (-) TimerEvent: {}
[12.628265] (marco_msgs) StdoutLine: {'line': b'[ 79%] Linking CXX shared library libmarco_msgs__rosidl_typesupport_introspection_cpp.so\n'}
[12.658812] (-) TimerEvent: {}
[12.701872] (marco_msgs) StdoutLine: {'line': b'[ 80%] Linking CXX shared library libmarco_msgs__rosidl_typesupport_fastrtps_cpp.so\n'}
[12.759041] (-) TimerEvent: {}
[12.820858] (marco_msgs) StdoutLine: {'line': b'[ 80%] Built target marco_msgs__rosidl_typesupport_introspection_cpp\n'}
[12.859293] (-) TimerEvent: {}
[12.895202] (marco_msgs) StdoutLine: {'line': b'[ 80%] Built target marco_msgs__rosidl_typesupport_fastrtps_cpp\n'}
[12.901635] (marco_msgs) StdoutLine: {'line': b'[ 81%] Linking CXX shared library libmarco_msgs__rosidl_typesupport_fastrtps_c.so\n'}
[12.959671] (-) TimerEvent: {}
[13.060375] (-) TimerEvent: {}
[13.100495] (marco_msgs) StdoutLine: {'line': b'[ 81%] Built target marco_msgs__rosidl_typesupport_fastrtps_c\n'}
[13.157832] (marco_msgs) StdoutLine: {'line': b'[ 81%] Built target marco_msgs\n'}
[13.160413] (-) TimerEvent: {}
[13.221168] (marco_msgs) StdoutLine: {'line': b'[ 82%] Generating Python code for ROS interfaces\n'}
[13.260764] (-) TimerEvent: {}
[13.361430] (-) TimerEvent: {}
[13.462168] (-) TimerEvent: {}
[13.562864] (-) TimerEvent: {}
[13.663540] (-) TimerEvent: {}
[13.764177] (-) TimerEvent: {}
[13.864871] (-) TimerEvent: {}
[13.965639] (-) TimerEvent: {}
[14.066409] (-) TimerEvent: {}
[14.167092] (-) TimerEvent: {}
[14.267769] (-) TimerEvent: {}
[14.368459] (-) TimerEvent: {}
[14.469112] (-) TimerEvent: {}
[14.569792] (-) TimerEvent: {}
[14.670433] (-) TimerEvent: {}
[14.771059] (-) TimerEvent: {}
[14.871659] (-) TimerEvent: {}
[14.972233] (-) TimerEvent: {}
[15.072875] (-) TimerEvent: {}
[15.173529] (-) TimerEvent: {}
[15.274175] (-) TimerEvent: {}
[15.374815] (-) TimerEvent: {}
[15.475461] (-) TimerEvent: {}
[15.576102] (-) TimerEvent: {}
[15.676743] (-) TimerEvent: {}
[15.777408] (-) TimerEvent: {}
[15.878162] (-) TimerEvent: {}
[15.978820] (-) TimerEvent: {}
[16.079594] (-) TimerEvent: {}
[16.180269] (-) TimerEvent: {}
[16.280968] (-) TimerEvent: {}
[16.381807] (-) TimerEvent: {}
[16.482515] (-) TimerEvent: {}
[16.583203] (-) TimerEvent: {}
[16.683862] (-) TimerEvent: {}
[16.784491] (-) TimerEvent: {}
[16.885102] (-) TimerEvent: {}
[16.985741] (-) TimerEvent: {}
[17.086538] (-) TimerEvent: {}
[17.187236] (-) TimerEvent: {}
[17.206174] (marco_msgs) StdoutLine: {'line': b'[ 82%] Built target marco_msgs__py\n'}
[17.255873] (marco_msgs) StdoutLine: {'line': b'Consolidate compiler generated dependencies of target marco_msgs__rosidl_generator_py\n'}
[17.287484] (-) TimerEvent: {}
[17.287936] (marco_msgs) StdoutLine: {'line': b'[ 85%] Building C object CMakeFiles/marco_msgs__rosidl_generator_py.dir/rosidl_generator_py/marco_msgs/srv/_assign_task_s.c.o\n'}
[17.288283] (marco_msgs) StdoutLine: {'line': b'[ 85%] Building C object CMakeFiles/marco_msgs__rosidl_generator_py.dir/rosidl_generator_py/marco_msgs/action/_dock_to_station_s.c.o\n'}
[17.290240] (marco_msgs) StdoutLine: {'line': b'[ 86%] Building C object CMakeFiles/marco_msgs__rosidl_generator_py.dir/rosidl_generator_py/marco_msgs/msg/_lane_offset_s.c.o\n'}
[17.294721] (marco_msgs) StdoutLine: {'line': b'[ 88%] Building C object CMakeFiles/marco_msgs__rosidl_generator_py.dir/rosidl_generator_py/marco_msgs/srv/_gate_permission_s.c.o\n'}
[17.294995] (marco_msgs) StdoutLine: {'line': b'[ 88%] Building C object CMakeFiles/marco_msgs__rosidl_generator_py.dir/rosidl_generator_py/marco_msgs/msg/_robot_status_s.c.o\n'}
[17.295577] (marco_msgs) StdoutLine: {'line': b'[ 89%] Building C object CMakeFiles/marco_msgs__rosidl_generator_py.dir/rosidl_generator_py/marco_msgs/srv/_start_mission_s.c.o\n'}
[17.296128] (marco_msgs) StdoutLine: {'line': b'[ 90%] Building C object CMakeFiles/marco_msgs__rosidl_generator_py.dir/rosidl_generator_py/marco_msgs/msg/_qr_detection_s.c.o\n'}
[17.297896] (marco_msgs) StdoutLine: {'line': b'[ 92%] Building C object CMakeFiles/marco_msgs__rosidl_generator_py.dir/rosidl_generator_py/marco_msgs/srv/_task_complete_s.c.o\n'}
[17.387867] (-) TimerEvent: {}
[17.489019] (-) TimerEvent: {}
[17.589716] (-) TimerEvent: {}
[17.690203] (-) TimerEvent: {}
[17.740438] (marco_msgs) StdoutLine: {'line': b'[ 93%] Linking C shared library rosidl_generator_py/marco_msgs/libmarco_msgs__rosidl_generator_py.so\n'}
[17.790538] (-) TimerEvent: {}
[17.875094] (marco_msgs) StdoutLine: {'line': b'[ 93%] Built target marco_msgs__rosidl_generator_py\n'}
[17.890813] (-) TimerEvent: {}
[17.913695] (marco_msgs) StdoutLine: {'line': b'Consolidate compiler generated dependencies of target marco_msgs__rosidl_typesupport_introspection_c__pyext\n'}
[17.924858] (marco_msgs) StdoutLine: {'line': b'Consolidate compiler generated dependencies of target marco_msgs__rosidl_typesupport_fastrtps_c__pyext\n'}
[17.927449] (marco_msgs) StdoutLine: {'line': b'Consolidate compiler generated dependencies of target marco_msgs__rosidl_typesupport_c__pyext\n'}
[17.951224] (marco_msgs) StdoutLine: {'line': b'[ 94%] Building C object CMakeFiles/marco_msgs__rosidl_typesupport_introspection_c__pyext.dir/rosidl_generator_py/marco_msgs/_marco_msgs_s.ep.rosidl_typesupport_introspection_c.c.o\n'}
[17.964343] (marco_msgs) StdoutLine: {'line': b'[ 95%] Building C object CMakeFiles/marco_msgs__rosidl_typesupport_fastrtps_c__pyext.dir/rosidl_generator_py/marco_msgs/_marco_msgs_s.ep.rosidl_typesupport_fastrtps_c.c.o\n'}
[17.965573] (marco_msgs) StdoutLine: {'line': b'[ 96%] Building C object CMakeFiles/marco_msgs__rosidl_typesupport_c__pyext.dir/rosidl_generator_py/marco_msgs/_marco_msgs_s.ep.rosidl_typesupport_c.c.o\n'}
[17.991168] (-) TimerEvent: {}
[18.091975] (-) TimerEvent: {}
[18.192768] (-) TimerEvent: {}
[18.228754] (marco_msgs) StdoutLine: {'line': b'[ 97%] Linking C shared library rosidl_generator_py/marco_msgs/marco_msgs_s__rosidl_typesupport_introspection_c.cpython-310-aarch64-linux-gnu.so\n'}
[18.232443] (marco_msgs) StdoutLine: {'line': b'[ 98%] Linking C shared library rosidl_generator_py/marco_msgs/marco_msgs_s__rosidl_typesupport_c.cpython-310-aarch64-linux-gnu.so\n'}
[18.272134] (marco_msgs) StdoutLine: {'line': b'[100%] Linking C shared library rosidl_generator_py/marco_msgs/marco_msgs_s__rosidl_typesupport_fastrtps_c.cpython-310-aarch64-linux-gnu.so\n'}
[18.293238] (-) TimerEvent: {}
[18.347899] (marco_msgs) StdoutLine: {'line': b'[100%] Built target marco_msgs__rosidl_typesupport_introspection_c__pyext\n'}
[18.362929] (marco_msgs) StdoutLine: {'line': b'[100%] Built target marco_msgs__rosidl_typesupport_c__pyext\n'}
[18.393497] (-) TimerEvent: {}
[18.415203] (marco_msgs) StdoutLine: {'line': b'[100%] Built target marco_msgs__rosidl_typesupport_fastrtps_c__pyext\n'}
[18.461748] (marco_msgs) CommandEnded: {'returncode': 0}
[18.464902] (marco_msgs) JobProgress: {'identifier': 'marco_msgs', 'progress': 'install'}
[18.486925] (marco_msgs) Command: {'cmd': ['/usr/bin/cmake', '--install', '/home/orangepi/marco_ws/build/marco_msgs'], 'cwd': '/home/orangepi/marco_ws/build/marco_msgs', 'env': OrderedDict([('LESSOPEN', '| /usr/bin/lesspipe %s'), ('VSCODE_CWD', '/home/orangepi'), ('UMS_MOUNTPOINT', '/mnt/ums'), ('VSCODE_ESM_ENTRYPOINT', 'vs/workbench/api/node/extensionHostProcess'), ('GST_V4L2_PREFERRED_FOURCC', 'NV12:YU12:NV16:YUY2'), ('LANGUAGE', 'en_US.UTF-8'), ('USER', 'orangepi'), ('SSH_CLIENT', 'fe80::a915:eed:d97c:42ea%wlx4822541cd7c3 53828 22'), ('VSCODE_NLS_CONFIG', '{"userLocale":"en","osLocale":"en","resolvedLanguage":"en","defaultMessagesFile":"/home/orangepi/.cursor-server/bin/linux-arm64/31e8d61c448c7472e371505838a0fe34083dad50/out/nls.messages.json","locale":"en","availableLanguages":{}}'), ('VSCODE_HANDLES_UNCAUGHT_ERRORS', 'true'), ('XDG_SESSION_TYPE', 'tty'), ('CURSOR_RIPGREP_PATH', '/home/orangepi/.cursor-server/bin/linux-arm64/31e8d61c448c7472e371505838a0fe34083dad50/node_modules/@vscode/ripgrep/bin/rg'), ('SHLVL', '0'), ('USB_FUNCS', 'adb'), ('LD_LIBRARY_PATH', '/home/orangepi/marco_ws/install/marco_msgs/lib:/opt/ros/humble/opt/rviz_ogre_vendor/lib:/opt/ros/humble/lib/aarch64-linux-gnu:/opt/ros/humble/lib'), ('BROWSER', '/home/orangepi/.cursor-server/bin/linux-arm64/31e8d61c448c7472e371505838a0fe34083dad50/bin/helpers/browser.sh'), ('MOTD_SHOWN', 'pam'), ('HOME', '/home/orangepi'), ('OLDPWD', '/home/orangepi/marco_ws'), ('VSCODE_IPC_HOOK_CLI', '/run/user/1000/vscode-ipc-0eae5caf-301b-4724-a9a1-6e0880f85816.sock'), ('GST_INSPECT_NO_COLORS', '1'), ('GST_MPP_NO_RGA', '1'), ('ROS_PYTHON_VERSION', '3'), ('COGL_DRIVER', 'gles2'), ('NO_COLOR', '1'), ('DBUS_SESSION_BUS_ADDRESS', 'unix:path=/run/user/1000/bus'), ('VSCODE_L10N_BUNDLE_LOCATION', ''), ('COLCON_PREFIX_PATH', '/home/orangepi/marco_ws/install:/home/orangepi/ydlidar_ros2_ws/install'), ('GST_V4L2SRC_MAX_RESOLUTION', '3840x2160'), ('ROS_DISTRO', 'humble'), ('OVSX_REGISTRY_URL', 'https://open-vsx.org'), ('LOGNAME', 'orangepi'), ('FORCE_COLOR', '0'), ('VSCODE_HANDLES_SIGPIPE', 'true'), ('_', '/usr/bin/colcon'), ('ROS_VERSION', '2'), ('CURSOR_LAYOUT', 'unifiedAgent'), ('XDG_SESSION_CLASS', 'user'), ('TERM', 'dumb'), ('GST_GL_API', 'gles2'), ('XDG_SESSION_ID', '5'), ('GST_VIDEO_CONVERT_PREFERRED_FORMAT', 'NV12:NV16:I420:YUY2'), ('GST_V4L2SRC_RK_DEVICES', '_mainpath:_selfpath:_bypass:_scale'), ('ROS_LOCALHOST_ONLY', '0'), ('PATH', '/home/orangepi/.cursor-server/bin/linux-arm64/31e8d61c448c7472e371505838a0fe34083dad50/node_modules/@vscode/ripgrep/bin:/home/orangepi/.cursor-server/bin/linux-arm64/31e8d61c448c7472e371505838a0fe34083dad50/bin/remote-cli:/opt/ros/humble/bin:/home/orangepi/.cursor-server/bin/linux-arm64/31e8d61c448c7472e371505838a0fe34083dad50/bin/remote-cli:/usr/local/sbin:/usr/local/bin:/usr/sbin:/usr/bin:/sbin:/bin:/usr/games:/usr/local/games:/snap/bin'), ('VSCODE_AGENT_FOLDER', '/home/orangepi/.cursor-server'), ('XDG_RUNTIME_DIR', '/run/user/1000'), ('AGENT_TRANSCRIPTS', '/home/orangepi/.cursor/projects/home-orangepi/agent-transcripts'), ('GST_GL_PLATFORM', 'egl'), ('GST_DEBUG_NO_COLOR', '1'), ('GST_V4L2SRC_DEFAULT_DEVICE', '/dev/video-camera0'), ('CURSOR_AGENT', '1'), ('DISPLAY', ':0'), ('LANG', 'en_US.UTF-8'), ('LS_COLORS', ''), ('GST_V4L2_USE_LIBV4L2', '1'), ('UMS_SIZE', '256M'), ('AMENT_PREFIX_PATH', '/home/orangepi/marco_ws/install/marco_simulation:/home/orangepi/marco_ws/install/marco_safety:/home/orangepi/marco_ws/install/marco_perception:/home/orangepi/marco_ws/install/marco_localization:/home/orangepi/marco_ws/install/marco_navigation:/home/orangepi/marco_ws/install/marco_msgs:/home/orangepi/marco_ws/install/marco_mission:/home/orangepi/marco_ws/install/marco_docking:/home/orangepi/marco_ws/install/marco_bringup:/home/orangepi/marco_ws/install/marco_description:/home/orangepi/marco_ws/install/marco_base:/home/orangepi/marco_ws/install/lane_tracking:/home/orangepi/ydlidar_ros2_ws/install/ydlidar_ros2_driver:/opt/ros/humble'), ('LC_MESSAGES', 'en_US.UTF-8'), ('SHELL', '/bin/bash'), ('VSCODE_SERVER_SHUTDOWN_TIMEOUT', '300'), ('UMS_RO', '0'), ('LESSCLOSE', '/usr/bin/lesspipe %s %s'), ('UMS_FSTYPE', 'vfat'), ('PWD', '/home/orangepi/marco_ws/build/marco_msgs'), ('LC_ALL', 'en_US.UTF-8'), ('SSH_CONNECTION', 'fe80::a915:eed:d97c:42ea%wlx4822541cd7c3 53828 fe80::a73f:80ee:42ac:eebb%wlx4822541cd7c3 22'), ('CURSOR_CONVERSATION_ID', '1ca3b929-f989-4c58-9e95-8b5ab2ce584e'), ('PYTHONPATH', '/home/orangepi/marco_ws/build/marco_docking:/home/orangepi/marco_ws/build/marco_perception:/home/orangepi/marco_ws/install/marco_perception/lib/python3.10/site-packages:/home/orangepi/marco_ws/install/marco_msgs/local/lib/python3.10/dist-packages:/home/orangepi/marco_ws/install/marco_mission/lib/python3.10/site-packages:/home/orangepi/marco_ws/install/marco_docking/lib/python3.10/site-packages:/home/orangepi/marco_ws/build/marco_base:/home/orangepi/marco_ws/install/marco_base/lib/python3.10/site-packages:/home/orangepi/marco_ws/install/lane_tracking/lib/python3.10/site-packages:/opt/ros/humble/lib/python3.10/site-packages:/opt/ros/humble/local/lib/python3.10/dist-packages'), ('UMS_MOUNT', '0'), ('COLCON', '1'), ('__CURSOR_SANDBOX_ENV_RESTORE', "builtin unset CURSOR_CONVERSATION_ID CURSOR_AGENT_STORE_FILES_DIR CURSOR_AGENT_STORE_SHARED_PATHS 2>/dev/null || true; builtin export CURSOR_CONVERSATION_ID='1ca3b929-f989-4c58-9e95-8b5ab2ce584e'"), ('_ZO_DOCTOR', '0'), ('CMAKE_PREFIX_PATH', '/home/orangepi/marco_ws/install/marco_simulation:/home/orangepi/marco_ws/install/marco_safety:/home/orangepi/marco_ws/install/marco_localization:/home/orangepi/marco_ws/install/marco_navigation:/home/orangepi/marco_ws/install/marco_msgs:/home/orangepi/marco_ws/install/marco_bringup:/home/orangepi/marco_ws/install/marco_description:/home/orangepi/ydlidar_ros2_ws/install/ydlidar_ros2_driver:/home/orangepi/marco_ws/install/marco_perception:/home/orangepi/marco_ws/install/marco_mission:/home/orangepi/marco_ws/install/marco_docking:/home/orangepi/marco_ws/install/marco_base:/home/orangepi/marco_ws/install/lane_tracking:/opt/ros/humble'), ('UMS_FILE', '/userdata/ums_shared.img')]), 'shell': False}
[18.493533] (-) TimerEvent: {}
[18.505094] (marco_msgs) StdoutLine: {'line': b'-- Install configuration: ""\n'}
[18.506346] (marco_msgs) StdoutLine: {'line': b'-- Execute custom install script\n'}
[18.507169] (marco_msgs) StdoutLine: {'line': b'-- Up-to-date symlink: /home/orangepi/marco_ws/install/marco_msgs/share/ament_index/resource_index/rosidl_interfaces/marco_msgs\n'}
[18.508122] (marco_msgs) StdoutLine: {'line': b'-- Up-to-date symlink: /home/orangepi/marco_ws/install/marco_msgs/include/marco_msgs/marco_msgs/action/detail/dock_to_station__functions.h\n'}
[18.510929] (marco_msgs) StdoutLine: {'line': b'-- Up-to-date symlink: /home/orangepi/marco_ws/install/marco_msgs/include/marco_msgs/marco_msgs/action/detail/dock_to_station__struct.h\n'}
[18.511443] (marco_msgs) StdoutLine: {'line': b'-- Up-to-date symlink: /home/orangepi/marco_ws/install/marco_msgs/include/marco_msgs/marco_msgs/action/detail/dock_to_station__type_support.h\n'}
[18.511776] (marco_msgs) StdoutLine: {'line': b'-- Up-to-date symlink: /home/orangepi/marco_ws/install/marco_msgs/include/marco_msgs/marco_msgs/action/dock_to_station.h\n'}
[18.512124] (marco_msgs) StdoutLine: {'line': b'-- Up-to-date symlink: /home/orangepi/marco_ws/install/marco_msgs/include/marco_msgs/marco_msgs/msg/detail/lane_offset__functions.h\n'}
[18.512451] (marco_msgs) StdoutLine: {'line': b'-- Up-to-date symlink: /home/orangepi/marco_ws/install/marco_msgs/include/marco_msgs/marco_msgs/msg/detail/lane_offset__struct.h\n'}
[18.512779] (marco_msgs) StdoutLine: {'line': b'-- Up-to-date symlink: /home/orangepi/marco_ws/install/marco_msgs/include/marco_msgs/marco_msgs/msg/detail/lane_offset__type_support.h\n'}
[18.513107] (marco_msgs) StdoutLine: {'line': b'-- Up-to-date symlink: /home/orangepi/marco_ws/install/marco_msgs/include/marco_msgs/marco_msgs/msg/detail/qr_detection__functions.h\n'}
[18.513435] (marco_msgs) StdoutLine: {'line': b'-- Up-to-date symlink: /home/orangepi/marco_ws/install/marco_msgs/include/marco_msgs/marco_msgs/msg/detail/qr_detection__struct.h\n'}
[18.513764] (marco_msgs) StdoutLine: {'line': b'-- Up-to-date symlink: /home/orangepi/marco_ws/install/marco_msgs/include/marco_msgs/marco_msgs/msg/detail/qr_detection__type_support.h\n'}
[18.514093] (marco_msgs) StdoutLine: {'line': b'-- Up-to-date symlink: /home/orangepi/marco_ws/install/marco_msgs/include/marco_msgs/marco_msgs/msg/detail/robot_status__functions.h\n'}
[18.514423] (marco_msgs) StdoutLine: {'line': b'-- Up-to-date symlink: /home/orangepi/marco_ws/install/marco_msgs/include/marco_msgs/marco_msgs/msg/detail/robot_status__struct.h\n'}
[18.514763] (marco_msgs) StdoutLine: {'line': b'-- Up-to-date symlink: /home/orangepi/marco_ws/install/marco_msgs/include/marco_msgs/marco_msgs/msg/detail/robot_status__type_support.h\n'}
[18.515099] (marco_msgs) StdoutLine: {'line': b'-- Up-to-date symlink: /home/orangepi/marco_ws/install/marco_msgs/include/marco_msgs/marco_msgs/msg/lane_offset.h\n'}
[18.515435] (marco_msgs) StdoutLine: {'line': b'-- Up-to-date symlink: /home/orangepi/marco_ws/install/marco_msgs/include/marco_msgs/marco_msgs/msg/qr_detection.h\n'}
[18.515769] (marco_msgs) StdoutLine: {'line': b'-- Up-to-date symlink: /home/orangepi/marco_ws/install/marco_msgs/include/marco_msgs/marco_msgs/msg/robot_status.h\n'}
[18.516105] (marco_msgs) StdoutLine: {'line': b'-- Up-to-date symlink: /home/orangepi/marco_ws/install/marco_msgs/include/marco_msgs/marco_msgs/msg/rosidl_generator_c__visibility_control.h\n'}
[18.516437] (marco_msgs) StdoutLine: {'line': b'-- Symlinking: /home/orangepi/marco_ws/install/marco_msgs/include/marco_msgs/marco_msgs/srv/assign_task.h\n'}
[18.539639] (marco_msgs) StdoutLine: {'line': b'-- Symlinking: /home/orangepi/marco_ws/install/marco_msgs/include/marco_msgs/marco_msgs/srv/detail/assign_task__functions.h\n'}
[18.571830] (marco_msgs) StdoutLine: {'line': b'-- Symlinking: /home/orangepi/marco_ws/install/marco_msgs/include/marco_msgs/marco_msgs/srv/detail/assign_task__struct.h\n'}
[18.593832] (-) TimerEvent: {}
[18.606443] (marco_msgs) StdoutLine: {'line': b'-- Symlinking: /home/orangepi/marco_ws/install/marco_msgs/include/marco_msgs/marco_msgs/srv/detail/assign_task__type_support.h\n'}
[18.639594] (marco_msgs) StdoutLine: {'line': b'-- Symlinking: /home/orangepi/marco_ws/install/marco_msgs/include/marco_msgs/marco_msgs/srv/detail/gate_permission__functions.h\n'}
[18.658587] (marco_msgs) StdoutLine: {'line': b'-- Symlinking: /home/orangepi/marco_ws/install/marco_msgs/include/marco_msgs/marco_msgs/srv/detail/gate_permission__struct.h\n'}
[18.684007] (marco_msgs) StdoutLine: {'line': b'-- Symlinking: /home/orangepi/marco_ws/install/marco_msgs/include/marco_msgs/marco_msgs/srv/detail/gate_permission__type_support.h\n'}
[18.694006] (-) TimerEvent: {}
[18.699843] (marco_msgs) StdoutLine: {'line': b'-- Symlinking: /home/orangepi/marco_ws/install/marco_msgs/include/marco_msgs/marco_msgs/srv/detail/start_mission__functions.h\n'}
[18.733509] (marco_msgs) StdoutLine: {'line': b'-- Symlinking: /home/orangepi/marco_ws/install/marco_msgs/include/marco_msgs/marco_msgs/srv/detail/start_mission__struct.h\n'}
[18.760877] (marco_msgs) StdoutLine: {'line': b'-- Symlinking: /home/orangepi/marco_ws/install/marco_msgs/include/marco_msgs/marco_msgs/srv/detail/start_mission__type_support.h\n'}
[18.778851] (marco_msgs) StdoutLine: {'line': b'-- Symlinking: /home/orangepi/marco_ws/install/marco_msgs/include/marco_msgs/marco_msgs/srv/detail/task_complete__functions.h\n'}
[18.794379] (-) TimerEvent: {}
[18.795238] (marco_msgs) StdoutLine: {'line': b'-- Symlinking: /home/orangepi/marco_ws/install/marco_msgs/include/marco_msgs/marco_msgs/srv/detail/task_complete__struct.h\n'}
[18.813971] (marco_msgs) StdoutLine: {'line': b'-- Symlinking: /home/orangepi/marco_ws/install/marco_msgs/include/marco_msgs/marco_msgs/srv/detail/task_complete__type_support.h\n'}
[18.836636] (marco_msgs) StdoutLine: {'line': b'-- Symlinking: /home/orangepi/marco_ws/install/marco_msgs/include/marco_msgs/marco_msgs/srv/gate_permission.h\n'}
[18.869606] (marco_msgs) StdoutLine: {'line': b'-- Symlinking: /home/orangepi/marco_ws/install/marco_msgs/include/marco_msgs/marco_msgs/srv/start_mission.h\n'}
[18.894725] (-) TimerEvent: {}
[18.901551] (marco_msgs) StdoutLine: {'line': b'-- Symlinking: /home/orangepi/marco_ws/install/marco_msgs/include/marco_msgs/marco_msgs/srv/task_complete.h\n'}
[18.936616] (marco_msgs) StdoutLine: {'line': b'-- Up-to-date symlink: /home/orangepi/marco_ws/install/marco_msgs/share/marco_msgs/environment/library_path.sh\n'}
[18.937889] (marco_msgs) StdoutLine: {'line': b'-- Up-to-date symlink: /home/orangepi/marco_ws/install/marco_msgs/share/marco_msgs/environment/library_path.dsv\n'}
[18.939163] (marco_msgs) StdoutLine: {'line': b'-- Up-to-date symlink: /home/orangepi/marco_ws/install/marco_msgs/include/marco_msgs/marco_msgs/action/detail/dock_to_station__rosidl_typesupport_fastrtps_c.h\n'}
[18.939957] (marco_msgs) StdoutLine: {'line': b'-- Up-to-date symlink: /home/orangepi/marco_ws/install/marco_msgs/include/marco_msgs/marco_msgs/msg/detail/lane_offset__rosidl_typesupport_fastrtps_c.h\n'}
[18.940486] (marco_msgs) StdoutLine: {'line': b'-- Up-to-date symlink: /home/orangepi/marco_ws/install/marco_msgs/include/marco_msgs/marco_msgs/msg/detail/qr_detection__rosidl_typesupport_fastrtps_c.h\n'}
[18.941186] (marco_msgs) StdoutLine: {'line': b'-- Up-to-date symlink: /home/orangepi/marco_ws/install/marco_msgs/include/marco_msgs/marco_msgs/msg/detail/robot_status__rosidl_typesupport_fastrtps_c.h\n'}
[18.941534] (marco_msgs) StdoutLine: {'line': b'-- Up-to-date symlink: /home/orangepi/marco_ws/install/marco_msgs/include/marco_msgs/marco_msgs/msg/rosidl_typesupport_fastrtps_c__visibility_control.h\n'}
[18.941864] (marco_msgs) StdoutLine: {'line': b'-- Symlinking: /home/orangepi/marco_ws/install/marco_msgs/include/marco_msgs/marco_msgs/srv/detail/assign_task__rosidl_typesupport_fastrtps_c.h\n'}
[18.965133] (marco_msgs) StdoutLine: {'line': b'-- Symlinking: /home/orangepi/marco_ws/install/marco_msgs/include/marco_msgs/marco_msgs/srv/detail/gate_permission__rosidl_typesupport_fastrtps_c.h\n'}
[18.982046] (marco_msgs) StdoutLine: {'line': b'-- Symlinking: /home/orangepi/marco_ws/install/marco_msgs/include/marco_msgs/marco_msgs/srv/detail/start_mission__rosidl_typesupport_fastrtps_c.h\n'}
[18.994770] (-) TimerEvent: {}
[19.015487] (marco_msgs) StdoutLine: {'line': b'-- Symlinking: /home/orangepi/marco_ws/install/marco_msgs/include/marco_msgs/marco_msgs/srv/detail/task_complete__rosidl_typesupport_fastrtps_c.h\n'}
[19.052262] (marco_msgs) StdoutLine: {'line': b'-- Up-to-date symlink: /home/orangepi/marco_ws/install/marco_msgs/include/marco_msgs/marco_msgs/action/detail/dock_to_station__rosidl_typesupport_introspection_c.h\n'}
[19.053539] (marco_msgs) StdoutLine: {'line': b'-- Up-to-date symlink: /home/orangepi/marco_ws/install/marco_msgs/include/marco_msgs/marco_msgs/msg/detail/lane_offset__rosidl_typesupport_introspection_c.h\n'}
[19.054216] (marco_msgs) StdoutLine: {'line': b'-- Up-to-date symlink: /home/orangepi/marco_ws/install/marco_msgs/include/marco_msgs/marco_msgs/msg/detail/qr_detection__rosidl_typesupport_introspection_c.h\n'}
[19.054579] (marco_msgs) StdoutLine: {'line': b'-- Up-to-date symlink: /home/orangepi/marco_ws/install/marco_msgs/include/marco_msgs/marco_msgs/msg/detail/robot_status__rosidl_typesupport_introspection_c.h\n'}
[19.054937] (marco_msgs) StdoutLine: {'line': b'-- Up-to-date symlink: /home/orangepi/marco_ws/install/marco_msgs/include/marco_msgs/marco_msgs/msg/rosidl_typesupport_introspection_c__visibility_control.h\n'}
[19.055269] (marco_msgs) StdoutLine: {'line': b'-- Symlinking: /home/orangepi/marco_ws/install/marco_msgs/include/marco_msgs/marco_msgs/srv/detail/assign_task__rosidl_typesupport_introspection_c.h\n'}
[19.074514] (marco_msgs) StdoutLine: {'line': b'-- Symlinking: /home/orangepi/marco_ws/install/marco_msgs/include/marco_msgs/marco_msgs/srv/detail/gate_permission__rosidl_typesupport_introspection_c.h\n'}
[19.095134] (-) TimerEvent: {}
[19.105675] (marco_msgs) StdoutLine: {'line': b'-- Symlinking: /home/orangepi/marco_ws/install/marco_msgs/include/marco_msgs/marco_msgs/srv/detail/start_mission__rosidl_typesupport_introspection_c.h\n'}
[19.122099] (marco_msgs) StdoutLine: {'line': b'-- Symlinking: /home/orangepi/marco_ws/install/marco_msgs/include/marco_msgs/marco_msgs/srv/detail/task_complete__rosidl_typesupport_introspection_c.h\n'}
[19.153586] (marco_msgs) StdoutLine: {'line': b'-- Up-to-date symlink: /home/orangepi/marco_ws/install/marco_msgs/include/marco_msgs/marco_msgs/action/detail/dock_to_station__builder.hpp\n'}
[19.154927] (marco_msgs) StdoutLine: {'line': b'-- Up-to-date symlink: /home/orangepi/marco_ws/install/marco_msgs/include/marco_msgs/marco_msgs/action/detail/dock_to_station__struct.hpp\n'}
[19.155538] (marco_msgs) StdoutLine: {'line': b'-- Up-to-date symlink: /home/orangepi/marco_ws/install/marco_msgs/include/marco_msgs/marco_msgs/action/detail/dock_to_station__traits.hpp\n'}
[19.156071] (marco_msgs) StdoutLine: {'line': b'-- Up-to-date symlink: /home/orangepi/marco_ws/install/marco_msgs/include/marco_msgs/marco_msgs/action/detail/dock_to_station__type_support.hpp\n'}
[19.156708] (marco_msgs) StdoutLine: {'line': b'-- Up-to-date symlink: /home/orangepi/marco_ws/install/marco_msgs/include/marco_msgs/marco_msgs/action/dock_to_station.hpp\n'}
[19.156832] (marco_msgs) StdoutLine: {'line': b'-- Up-to-date symlink: /home/orangepi/marco_ws/install/marco_msgs/include/marco_msgs/marco_msgs/msg/detail/lane_offset__builder.hpp\n'}
[19.156928] (marco_msgs) StdoutLine: {'line': b'-- Up-to-date symlink: /home/orangepi/marco_ws/install/marco_msgs/include/marco_msgs/marco_msgs/msg/detail/lane_offset__struct.hpp\n'}
[19.157017] (marco_msgs) StdoutLine: {'line': b'-- Up-to-date symlink: /home/orangepi/marco_ws/install/marco_msgs/include/marco_msgs/marco_msgs/msg/detail/lane_offset__traits.hpp\n'}
[19.157136] (marco_msgs) StdoutLine: {'line': b'-- Up-to-date symlink: /home/orangepi/marco_ws/install/marco_msgs/include/marco_msgs/marco_msgs/msg/detail/lane_offset__type_support.hpp\n'}
[19.157521] (marco_msgs) StdoutLine: {'line': b'-- Up-to-date symlink: /home/orangepi/marco_ws/install/marco_msgs/include/marco_msgs/marco_msgs/msg/detail/qr_detection__builder.hpp\n'}
[19.157637] (marco_msgs) StdoutLine: {'line': b'-- Up-to-date symlink: /home/orangepi/marco_ws/install/marco_msgs/include/marco_msgs/marco_msgs/msg/detail/qr_detection__struct.hpp\n'}
[19.157724] (marco_msgs) StdoutLine: {'line': b'-- Up-to-date symlink: /home/orangepi/marco_ws/install/marco_msgs/include/marco_msgs/marco_msgs/msg/detail/qr_detection__traits.hpp\n'}
[19.157807] (marco_msgs) StdoutLine: {'line': b'-- Up-to-date symlink: /home/orangepi/marco_ws/install/marco_msgs/include/marco_msgs/marco_msgs/msg/detail/qr_detection__type_support.hpp\n'}
[19.158070] (marco_msgs) StdoutLine: {'line': b'-- Up-to-date symlink: /home/orangepi/marco_ws/install/marco_msgs/include/marco_msgs/marco_msgs/msg/detail/robot_status__builder.hpp\n'}
[19.158361] (marco_msgs) StdoutLine: {'line': b'-- Up-to-date symlink: /home/orangepi/marco_ws/install/marco_msgs/include/marco_msgs/marco_msgs/msg/detail/robot_status__struct.hpp\n'}
[19.158637] (marco_msgs) StdoutLine: {'line': b'-- Up-to-date symlink: /home/orangepi/marco_ws/install/marco_msgs/include/marco_msgs/marco_msgs/msg/detail/robot_status__traits.hpp\n'}
[19.158968] (marco_msgs) StdoutLine: {'line': b'-- Up-to-date symlink: /home/orangepi/marco_ws/install/marco_msgs/include/marco_msgs/marco_msgs/msg/detail/robot_status__type_support.hpp\n'}
[19.159378] (marco_msgs) StdoutLine: {'line': b'-- Up-to-date symlink: /home/orangepi/marco_ws/install/marco_msgs/include/marco_msgs/marco_msgs/msg/lane_offset.hpp\n'}
[19.159766] (marco_msgs) StdoutLine: {'line': b'-- Up-to-date symlink: /home/orangepi/marco_ws/install/marco_msgs/include/marco_msgs/marco_msgs/msg/qr_detection.hpp\n'}
[19.160216] (marco_msgs) StdoutLine: {'line': b'-- Up-to-date symlink: /home/orangepi/marco_ws/install/marco_msgs/include/marco_msgs/marco_msgs/msg/robot_status.hpp\n'}
[19.160546] (marco_msgs) StdoutLine: {'line': b'-- Up-to-date symlink: /home/orangepi/marco_ws/install/marco_msgs/include/marco_msgs/marco_msgs/msg/rosidl_generator_cpp__visibility_control.hpp\n'}
[19.160836] (marco_msgs) StdoutLine: {'line': b'-- Symlinking: /home/orangepi/marco_ws/install/marco_msgs/include/marco_msgs/marco_msgs/srv/assign_task.hpp\n'}
[19.195598] (marco_msgs) StdoutLine: {'line': b'-- Symlinking: /home/orangepi/marco_ws/install/marco_msgs/include/marco_msgs/marco_msgs/srv/detail/assign_task__builder.hpp\n'}
[19.196468] (-) TimerEvent: {}
[19.227177] (marco_msgs) StdoutLine: {'line': b'-- Symlinking: /home/orangepi/marco_ws/install/marco_msgs/include/marco_msgs/marco_msgs/srv/detail/assign_task__struct.hpp\n'}
[19.251054] (marco_msgs) StdoutLine: {'line': b'-- Symlinking: /home/orangepi/marco_ws/install/marco_msgs/include/marco_msgs/marco_msgs/srv/detail/assign_task__traits.hpp\n'}
[19.277991] (marco_msgs) StdoutLine: {'line': b'-- Symlinking: /home/orangepi/marco_ws/install/marco_msgs/include/marco_msgs/marco_msgs/srv/detail/assign_task__type_support.hpp\n'}
[19.293431] (marco_msgs) StdoutLine: {'line': b'-- Symlinking: /home/orangepi/marco_ws/install/marco_msgs/include/marco_msgs/marco_msgs/srv/detail/gate_permission__builder.hpp\n'}
[19.296594] (-) TimerEvent: {}
[19.324195] (marco_msgs) StdoutLine: {'line': b'-- Symlinking: /home/orangepi/marco_ws/install/marco_msgs/include/marco_msgs/marco_msgs/srv/detail/gate_permission__struct.hpp\n'}
[19.349132] (marco_msgs) StdoutLine: {'line': b'-- Symlinking: /home/orangepi/marco_ws/install/marco_msgs/include/marco_msgs/marco_msgs/srv/detail/gate_permission__traits.hpp\n'}
[19.366063] (marco_msgs) StdoutLine: {'line': b'-- Symlinking: /home/orangepi/marco_ws/install/marco_msgs/include/marco_msgs/marco_msgs/srv/detail/gate_permission__type_support.hpp\n'}
[19.392567] (marco_msgs) StdoutLine: {'line': b'-- Symlinking: /home/orangepi/marco_ws/install/marco_msgs/include/marco_msgs/marco_msgs/srv/detail/start_mission__builder.hpp\n'}
[19.396739] (-) TimerEvent: {}
[19.409712] (marco_msgs) StdoutLine: {'line': b'-- Symlinking: /home/orangepi/marco_ws/install/marco_msgs/include/marco_msgs/marco_msgs/srv/detail/start_mission__struct.hpp\n'}
[19.438686] (marco_msgs) StdoutLine: {'line': b'-- Symlinking: /home/orangepi/marco_ws/install/marco_msgs/include/marco_msgs/marco_msgs/srv/detail/start_mission__traits.hpp\n'}
[19.457393] (marco_msgs) StdoutLine: {'line': b'-- Symlinking: /home/orangepi/marco_ws/install/marco_msgs/include/marco_msgs/marco_msgs/srv/detail/start_mission__type_support.hpp\n'}
[19.487247] (marco_msgs) StdoutLine: {'line': b'-- Symlinking: /home/orangepi/marco_ws/install/marco_msgs/include/marco_msgs/marco_msgs/srv/detail/task_complete__builder.hpp\n'}
[19.496985] (-) TimerEvent: {}
[19.520149] (marco_msgs) StdoutLine: {'line': b'-- Symlinking: /home/orangepi/marco_ws/install/marco_msgs/include/marco_msgs/marco_msgs/srv/detail/task_complete__struct.hpp\n'}
[19.552119] (marco_msgs) StdoutLine: {'line': b'-- Symlinking: /home/orangepi/marco_ws/install/marco_msgs/include/marco_msgs/marco_msgs/srv/detail/task_complete__traits.hpp\n'}
[19.575375] (marco_msgs) StdoutLine: {'line': b'-- Symlinking: /home/orangepi/marco_ws/install/marco_msgs/include/marco_msgs/marco_msgs/srv/detail/task_complete__type_support.hpp\n'}
[19.597155] (-) TimerEvent: {}
[19.603241] (marco_msgs) StdoutLine: {'line': b'-- Symlinking: /home/orangepi/marco_ws/install/marco_msgs/include/marco_msgs/marco_msgs/srv/gate_permission.hpp\n'}
[19.635197] (marco_msgs) StdoutLine: {'line': b'-- Symlinking: /home/orangepi/marco_ws/install/marco_msgs/include/marco_msgs/marco_msgs/srv/start_mission.hpp\n'}
[19.658617] (marco_msgs) StdoutLine: {'line': b'-- Symlinking: /home/orangepi/marco_ws/install/marco_msgs/include/marco_msgs/marco_msgs/srv/task_complete.hpp\n'}
[19.693110] (marco_msgs) StdoutLine: {'line': b'-- Up-to-date symlink: /home/orangepi/marco_ws/install/marco_msgs/include/marco_msgs/marco_msgs/action/detail/dock_to_station__rosidl_typesupport_fastrtps_cpp.hpp\n'}
[19.694159] (marco_msgs) StdoutLine: {'line': b'-- Up-to-date symlink: /home/orangepi/marco_ws/install/marco_msgs/include/marco_msgs/marco_msgs/msg/detail/lane_offset__rosidl_typesupport_fastrtps_cpp.hpp\n'}
[19.694480] (marco_msgs) StdoutLine: {'line': b'-- Up-to-date symlink: /home/orangepi/marco_ws/install/marco_msgs/include/marco_msgs/marco_msgs/msg/detail/qr_detection__rosidl_typesupport_fastrtps_cpp.hpp\n'}
[19.694762] (marco_msgs) StdoutLine: {'line': b'-- Up-to-date symlink: /home/orangepi/marco_ws/install/marco_msgs/include/marco_msgs/marco_msgs/msg/detail/robot_status__rosidl_typesupport_fastrtps_cpp.hpp\n'}
[19.695008] (marco_msgs) StdoutLine: {'line': b'-- Up-to-date symlink: /home/orangepi/marco_ws/install/marco_msgs/include/marco_msgs/marco_msgs/msg/rosidl_typesupport_fastrtps_cpp__visibility_control.h\n'}
[19.695250] (marco_msgs) StdoutLine: {'line': b'-- Symlinking: /home/orangepi/marco_ws/install/marco_msgs/include/marco_msgs/marco_msgs/srv/detail/assign_task__rosidl_typesupport_fastrtps_cpp.hpp\n'}
[19.697224] (-) TimerEvent: {}
[19.726901] (marco_msgs) StdoutLine: {'line': b'-- Symlinking: /home/orangepi/marco_ws/install/marco_msgs/include/marco_msgs/marco_msgs/srv/detail/gate_permission__rosidl_typesupport_fastrtps_cpp.hpp\n'}
[19.755506] (marco_msgs) StdoutLine: {'line': b'-- Symlinking: /home/orangepi/marco_ws/install/marco_msgs/include/marco_msgs/marco_msgs/srv/detail/start_mission__rosidl_typesupport_fastrtps_cpp.hpp\n'}
[19.773318] (marco_msgs) StdoutLine: {'line': b'-- Symlinking: /home/orangepi/marco_ws/install/marco_msgs/include/marco_msgs/marco_msgs/srv/detail/task_complete__rosidl_typesupport_fastrtps_cpp.hpp\n'}
[19.797498] (-) TimerEvent: {}
[19.798667] (marco_msgs) StdoutLine: {'line': b'-- Up-to-date symlink: /home/orangepi/marco_ws/install/marco_msgs/include/marco_msgs/marco_msgs/action/detail/dock_to_station__rosidl_typesupport_introspection_cpp.hpp\n'}
[19.799373] (marco_msgs) StdoutLine: {'line': b'-- Up-to-date symlink: /home/orangepi/marco_ws/install/marco_msgs/include/marco_msgs/marco_msgs/msg/detail/lane_offset__rosidl_typesupport_introspection_cpp.hpp\n'}
[19.800441] (marco_msgs) StdoutLine: {'line': b'-- Up-to-date symlink: /home/orangepi/marco_ws/install/marco_msgs/include/marco_msgs/marco_msgs/msg/detail/qr_detection__rosidl_typesupport_introspection_cpp.hpp\n'}
[19.800950] (marco_msgs) StdoutLine: {'line': b'-- Up-to-date symlink: /home/orangepi/marco_ws/install/marco_msgs/include/marco_msgs/marco_msgs/msg/detail/robot_status__rosidl_typesupport_introspection_cpp.hpp\n'}
[19.801379] (marco_msgs) StdoutLine: {'line': b'-- Symlinking: /home/orangepi/marco_ws/install/marco_msgs/include/marco_msgs/marco_msgs/srv/detail/assign_task__rosidl_typesupport_introspection_cpp.hpp\n'}
[19.835332] (marco_msgs) StdoutLine: {'line': b'-- Symlinking: /home/orangepi/marco_ws/install/marco_msgs/include/marco_msgs/marco_msgs/srv/detail/gate_permission__rosidl_typesupport_introspection_cpp.hpp\n'}
[19.871778] (marco_msgs) StdoutLine: {'line': b'-- Symlinking: /home/orangepi/marco_ws/install/marco_msgs/include/marco_msgs/marco_msgs/srv/detail/start_mission__rosidl_typesupport_introspection_cpp.hpp\n'}
[19.897732] (-) TimerEvent: {}
[19.901845] (marco_msgs) StdoutLine: {'line': b'-- Symlinking: /home/orangepi/marco_ws/install/marco_msgs/include/marco_msgs/marco_msgs/srv/detail/task_complete__rosidl_typesupport_introspection_cpp.hpp\n'}
[19.934935] (marco_msgs) StdoutLine: {'line': b'-- Up-to-date symlink: /home/orangepi/marco_ws/install/marco_msgs/share/marco_msgs/environment/pythonpath.sh\n'}
[19.935571] (marco_msgs) StdoutLine: {'line': b'-- Up-to-date symlink: /home/orangepi/marco_ws/install/marco_msgs/share/marco_msgs/environment/pythonpath.dsv\n'}
[19.936344] (marco_msgs) StdoutLine: {'line': b'-- Up-to-date symlink: /home/orangepi/marco_ws/install/marco_msgs/local/lib/python3.10/dist-packages/marco_msgs-0.1.0-py3.10.egg-info/PKG-INFO\n'}
[19.936788] (marco_msgs) StdoutLine: {'line': b'-- Up-to-date symlink: /home/orangepi/marco_ws/install/marco_msgs/local/lib/python3.10/dist-packages/marco_msgs-0.1.0-py3.10.egg-info/SOURCES.txt\n'}
[19.937510] (marco_msgs) StdoutLine: {'line': b'-- Up-to-date symlink: /home/orangepi/marco_ws/install/marco_msgs/local/lib/python3.10/dist-packages/marco_msgs-0.1.0-py3.10.egg-info/dependency_links.txt\n'}
[19.937875] (marco_msgs) StdoutLine: {'line': b'-- Up-to-date symlink: /home/orangepi/marco_ws/install/marco_msgs/local/lib/python3.10/dist-packages/marco_msgs-0.1.0-py3.10.egg-info/top_level.txt\n'}
[19.941963] (marco_msgs) StdoutLine: {'line': b'-- Up-to-date symlink: /home/orangepi/marco_ws/install/marco_msgs/local/lib/python3.10/dist-packages/marco_msgs/__init__.py\n'}
[19.942511] (marco_msgs) StdoutLine: {'line': b'-- Up-to-date symlink: /home/orangepi/marco_ws/install/marco_msgs/local/lib/python3.10/dist-packages/marco_msgs/_marco_msgs_s.ep.rosidl_typesupport_c.c\n'}
[19.942848] (marco_msgs) StdoutLine: {'line': b'-- Up-to-date symlink: /home/orangepi/marco_ws/install/marco_msgs/local/lib/python3.10/dist-packages/marco_msgs/_marco_msgs_s.ep.rosidl_typesupport_fastrtps_c.c\n'}
[19.943186] (marco_msgs) StdoutLine: {'line': b'-- Up-to-date symlink: /home/orangepi/marco_ws/install/marco_msgs/local/lib/python3.10/dist-packages/marco_msgs/_marco_msgs_s.ep.rosidl_typesupport_introspection_c.c\n'}
[19.943520] (marco_msgs) StdoutLine: {'line': b'-- Up-to-date symlink: /home/orangepi/marco_ws/install/marco_msgs/local/lib/python3.10/dist-packages/marco_msgs/action/__init__.py\n'}
[19.943907] (marco_msgs) StdoutLine: {'line': b'-- Up-to-date symlink: /home/orangepi/marco_ws/install/marco_msgs/local/lib/python3.10/dist-packages/marco_msgs/action/_dock_to_station.py\n'}
[19.944242] (marco_msgs) StdoutLine: {'line': b'-- Up-to-date symlink: /home/orangepi/marco_ws/install/marco_msgs/local/lib/python3.10/dist-packages/marco_msgs/action/_dock_to_station_s.c\n'}
[19.944574] (marco_msgs) StdoutLine: {'line': b'-- Up-to-date symlink: /home/orangepi/marco_ws/install/marco_msgs/local/lib/python3.10/dist-packages/marco_msgs/libmarco_msgs__rosidl_generator_py.so\n'}
[19.944937] (marco_msgs) StdoutLine: {'line': b'-- Up-to-date symlink: /home/orangepi/marco_ws/install/marco_msgs/local/lib/python3.10/dist-packages/marco_msgs/marco_msgs_s__rosidl_typesupport_c.cpython-310-aarch64-linux-gnu.so\n'}
[19.945270] (marco_msgs) StdoutLine: {'line': b'-- Up-to-date symlink: /home/orangepi/marco_ws/install/marco_msgs/local/lib/python3.10/dist-packages/marco_msgs/marco_msgs_s__rosidl_typesupport_fastrtps_c.cpython-310-aarch64-linux-gnu.so\n'}
[19.945609] (marco_msgs) StdoutLine: {'line': b'-- Up-to-date symlink: /home/orangepi/marco_ws/install/marco_msgs/local/lib/python3.10/dist-packages/marco_msgs/marco_msgs_s__rosidl_typesupport_introspection_c.cpython-310-aarch64-linux-gnu.so\n'}
[19.945944] (marco_msgs) StdoutLine: {'line': b'-- Up-to-date symlink: /home/orangepi/marco_ws/install/marco_msgs/local/lib/python3.10/dist-packages/marco_msgs/msg/__init__.py\n'}
[19.946301] (marco_msgs) StdoutLine: {'line': b'-- Up-to-date symlink: /home/orangepi/marco_ws/install/marco_msgs/local/lib/python3.10/dist-packages/marco_msgs/msg/_lane_offset.py\n'}
[19.946633] (marco_msgs) StdoutLine: {'line': b'-- Up-to-date symlink: /home/orangepi/marco_ws/install/marco_msgs/local/lib/python3.10/dist-packages/marco_msgs/msg/_lane_offset_s.c\n'}
[19.946964] (marco_msgs) StdoutLine: {'line': b'-- Up-to-date symlink: /home/orangepi/marco_ws/install/marco_msgs/local/lib/python3.10/dist-packages/marco_msgs/msg/_qr_detection.py\n'}
[19.947294] (marco_msgs) StdoutLine: {'line': b'-- Up-to-date symlink: /home/orangepi/marco_ws/install/marco_msgs/local/lib/python3.10/dist-packages/marco_msgs/msg/_qr_detection_s.c\n'}
[19.947625] (marco_msgs) StdoutLine: {'line': b'-- Up-to-date symlink: /home/orangepi/marco_ws/install/marco_msgs/local/lib/python3.10/dist-packages/marco_msgs/msg/_robot_status.py\n'}
[19.947971] (marco_msgs) StdoutLine: {'line': b'-- Up-to-date symlink: /home/orangepi/marco_ws/install/marco_msgs/local/lib/python3.10/dist-packages/marco_msgs/msg/_robot_status_s.c\n'}
[19.948310] (marco_msgs) StdoutLine: {'line': b'-- Symlinking: /home/orangepi/marco_ws/install/marco_msgs/local/lib/python3.10/dist-packages/marco_msgs/srv/__init__.py\n'}
[19.978909] (marco_msgs) StdoutLine: {'line': b'-- Symlinking: /home/orangepi/marco_ws/install/marco_msgs/local/lib/python3.10/dist-packages/marco_msgs/srv/_assign_task.py\n'}
[19.997944] (-) TimerEvent: {}
[20.011483] (marco_msgs) StdoutLine: {'line': b'-- Symlinking: /home/orangepi/marco_ws/install/marco_msgs/local/lib/python3.10/dist-packages/marco_msgs/srv/_assign_task_s.c\n'}
[20.034326] (marco_msgs) StdoutLine: {'line': b'-- Symlinking: /home/orangepi/marco_ws/install/marco_msgs/local/lib/python3.10/dist-packages/marco_msgs/srv/_gate_permission.py\n'}
[20.070529] (marco_msgs) StdoutLine: {'line': b'-- Symlinking: /home/orangepi/marco_ws/install/marco_msgs/local/lib/python3.10/dist-packages/marco_msgs/srv/_gate_permission_s.c\n'}
[20.098302] (-) TimerEvent: {}
[20.106458] (marco_msgs) StdoutLine: {'line': b'-- Symlinking: /home/orangepi/marco_ws/install/marco_msgs/local/lib/python3.10/dist-packages/marco_msgs/srv/_start_mission.py\n'}
[20.146869] (marco_msgs) StdoutLine: {'line': b'-- Symlinking: /home/orangepi/marco_ws/install/marco_msgs/local/lib/python3.10/dist-packages/marco_msgs/srv/_start_mission_s.c\n'}
[20.173445] (marco_msgs) StdoutLine: {'line': b'-- Symlinking: /home/orangepi/marco_ws/install/marco_msgs/local/lib/python3.10/dist-packages/marco_msgs/srv/_task_complete.py\n'}
[20.188354] (marco_msgs) StdoutLine: {'line': b'-- Symlinking: /home/orangepi/marco_ws/install/marco_msgs/local/lib/python3.10/dist-packages/marco_msgs/srv/_task_complete_s.c\n'}
[20.198425] (-) TimerEvent: {}
[20.221099] (marco_msgs) StdoutLine: {'line': b'-- Up-to-date symlink: /home/orangepi/marco_ws/install/marco_msgs/local/lib/python3.10/dist-packages/marco_msgs/marco_msgs_s__rosidl_typesupport_fastrtps_c.cpython-310-aarch64-linux-gnu.so\n'}
[20.222352] (marco_msgs) StdoutLine: {'line': b'-- Up-to-date symlink: /home/orangepi/marco_ws/install/marco_msgs/local/lib/python3.10/dist-packages/marco_msgs/marco_msgs_s__rosidl_typesupport_introspection_c.cpython-310-aarch64-linux-gnu.so\n'}
[20.223025] (marco_msgs) StdoutLine: {'line': b'-- Up-to-date symlink: /home/orangepi/marco_ws/install/marco_msgs/local/lib/python3.10/dist-packages/marco_msgs/marco_msgs_s__rosidl_typesupport_c.cpython-310-aarch64-linux-gnu.so\n'}
[20.223592] (marco_msgs) StdoutLine: {'line': b'-- Up-to-date symlink: /home/orangepi/marco_ws/install/marco_msgs/share/ament_index/resource_index/rust_packages/marco_msgs\n'}
[20.224890] (marco_msgs) StdoutLine: {'line': b'-- Up-to-date symlink: /home/orangepi/marco_ws/install/marco_msgs/share/marco_msgs/rust/Cargo.toml\n'}
[20.225392] (marco_msgs) StdoutLine: {'line': b'-- Up-to-date symlink: /home/orangepi/marco_ws/install/marco_msgs/share/marco_msgs/rust/build.rs\n'}
[20.225930] (marco_msgs) StdoutLine: {'line': b'-- Up-to-date symlink: /home/orangepi/marco_ws/install/marco_msgs/share/marco_msgs/rust/src/action.rs\n'}
[20.226532] (marco_msgs) StdoutLine: {'line': b'-- Up-to-date symlink: /home/orangepi/marco_ws/install/marco_msgs/share/marco_msgs/rust/src/action/rmw.rs\n'}
[20.227260] (marco_msgs) StdoutLine: {'line': b'-- Up-to-date symlink: /home/orangepi/marco_ws/install/marco_msgs/share/marco_msgs/rust/src/lib.rs\n'}
[20.227739] (marco_msgs) StdoutLine: {'line': b'-- Up-to-date symlink: /home/orangepi/marco_ws/install/marco_msgs/share/marco_msgs/rust/src/msg.rs\n'}
[20.228085] (marco_msgs) StdoutLine: {'line': b'-- Up-to-date symlink: /home/orangepi/marco_ws/install/marco_msgs/share/marco_msgs/rust/src/msg/rmw.rs\n'}
[20.228422] (marco_msgs) StdoutLine: {'line': b'-- Symlinking: /home/orangepi/marco_ws/install/marco_msgs/share/marco_msgs/rust/src/srv.rs\n'}
[20.259735] (marco_msgs) StdoutLine: {'line': b'-- Symlinking: /home/orangepi/marco_ws/install/marco_msgs/share/marco_msgs/rust/src/srv/rmw.rs\n'}
[20.298802] (-) TimerEvent: {}
[20.303015] (marco_msgs) StdoutLine: {'line': b'-- Up-to-date symlink: /home/orangepi/marco_ws/install/marco_msgs/share/marco_msgs/msg/LaneOffset.idl\n'}
[20.303982] (marco_msgs) StdoutLine: {'line': b'-- Up-to-date symlink: /home/orangepi/marco_ws/install/marco_msgs/share/marco_msgs/msg/QrDetection.idl\n'}
[20.304570] (marco_msgs) StdoutLine: {'line': b'-- Up-to-date symlink: /home/orangepi/marco_ws/install/marco_msgs/share/marco_msgs/msg/RobotStatus.idl\n'}
[20.305266] (marco_msgs) StdoutLine: {'line': b'-- Up-to-date symlink: /home/orangepi/marco_ws/install/marco_msgs/share/marco_msgs/action/DockToStation.idl\n'}
[20.306157] (marco_msgs) StdoutLine: {'line': b'-- Symlinking: /home/orangepi/marco_ws/install/marco_msgs/share/marco_msgs/srv/AssignTask.idl\n'}
[20.338344] (marco_msgs) StdoutLine: {'line': b'-- Symlinking: /home/orangepi/marco_ws/install/marco_msgs/share/marco_msgs/srv/GatePermission.idl\n'}
[20.365336] (marco_msgs) StdoutLine: {'line': b'-- Symlinking: /home/orangepi/marco_ws/install/marco_msgs/share/marco_msgs/srv/TaskComplete.idl\n'}
[20.392082] (marco_msgs) StdoutLine: {'line': b'-- Symlinking: /home/orangepi/marco_ws/install/marco_msgs/share/marco_msgs/srv/StartMission.idl\n'}
[20.398877] (-) TimerEvent: {}
[20.409076] (marco_msgs) StdoutLine: {'line': b'-- Up-to-date symlink: /home/orangepi/marco_ws/install/marco_msgs/share/marco_msgs/msg/LaneOffset.msg\n'}
[20.410648] (marco_msgs) StdoutLine: {'line': b'-- Up-to-date symlink: /home/orangepi/marco_ws/install/marco_msgs/share/marco_msgs/msg/QrDetection.msg\n'}
[20.411036] (marco_msgs) StdoutLine: {'line': b'-- Up-to-date symlink: /home/orangepi/marco_ws/install/marco_msgs/share/marco_msgs/msg/RobotStatus.msg\n'}
[20.411412] (marco_msgs) StdoutLine: {'line': b'-- Up-to-date symlink: /home/orangepi/marco_ws/install/marco_msgs/share/marco_msgs/action/DockToStation.action\n'}
[20.411779] (marco_msgs) StdoutLine: {'line': b'-- Symlinking: /home/orangepi/marco_ws/install/marco_msgs/share/marco_msgs/srv/AssignTask.srv\n'}
[20.439094] (marco_msgs) StdoutLine: {'line': b'-- Symlinking: /home/orangepi/marco_ws/install/marco_msgs/share/marco_msgs/srv/AssignTask_Request.msg\n'}
[20.456264] (marco_msgs) StdoutLine: {'line': b'-- Symlinking: /home/orangepi/marco_ws/install/marco_msgs/share/marco_msgs/srv/AssignTask_Response.msg\n'}
[20.488145] (marco_msgs) StdoutLine: {'line': b'-- Symlinking: /home/orangepi/marco_ws/install/marco_msgs/share/marco_msgs/srv/GatePermission.srv\n'}
[20.499081] (-) TimerEvent: {}
[20.527391] (marco_msgs) StdoutLine: {'line': b'-- Symlinking: /home/orangepi/marco_ws/install/marco_msgs/share/marco_msgs/srv/GatePermission_Request.msg\n'}
[20.545759] (marco_msgs) StdoutLine: {'line': b'-- Symlinking: /home/orangepi/marco_ws/install/marco_msgs/share/marco_msgs/srv/GatePermission_Response.msg\n'}
[20.569193] (marco_msgs) StdoutLine: {'line': b'-- Symlinking: /home/orangepi/marco_ws/install/marco_msgs/share/marco_msgs/srv/TaskComplete.srv\n'}
[20.586692] (marco_msgs) StdoutLine: {'line': b'-- Symlinking: /home/orangepi/marco_ws/install/marco_msgs/share/marco_msgs/srv/TaskComplete_Request.msg\n'}
[20.599504] (-) TimerEvent: {}
[20.603318] (marco_msgs) StdoutLine: {'line': b'-- Symlinking: /home/orangepi/marco_ws/install/marco_msgs/share/marco_msgs/srv/TaskComplete_Response.msg\n'}
[20.640688] (marco_msgs) StdoutLine: {'line': b'-- Symlinking: /home/orangepi/marco_ws/install/marco_msgs/share/marco_msgs/srv/StartMission.srv\n'}
[20.674084] (marco_msgs) StdoutLine: {'line': b'-- Symlinking: /home/orangepi/marco_ws/install/marco_msgs/share/marco_msgs/srv/StartMission_Request.msg\n'}
[20.699704] (-) TimerEvent: {}
[20.717197] (marco_msgs) StdoutLine: {'line': b'-- Symlinking: /home/orangepi/marco_ws/install/marco_msgs/share/marco_msgs/srv/StartMission_Response.msg\n'}
[20.739344] (marco_msgs) StdoutLine: {'line': b'-- Up-to-date symlink: /home/orangepi/marco_ws/install/marco_msgs/share/ament_index/resource_index/package_run_dependencies/marco_msgs\n'}
[20.740824] (marco_msgs) StdoutLine: {'line': b'-- Up-to-date symlink: /home/orangepi/marco_ws/install/marco_msgs/share/ament_index/resource_index/parent_prefix_path/marco_msgs\n'}
[20.741242] (marco_msgs) StdoutLine: {'line': b'-- Up-to-date symlink: /home/orangepi/marco_ws/install/marco_msgs/share/marco_msgs/environment/ament_prefix_path.sh\n'}
[20.741901] (marco_msgs) StdoutLine: {'line': b'-- Up-to-date symlink: /home/orangepi/marco_ws/install/marco_msgs/share/marco_msgs/environment/ament_prefix_path.dsv\n'}
[20.742421] (marco_msgs) StdoutLine: {'line': b'-- Up-to-date symlink: /home/orangepi/marco_ws/install/marco_msgs/share/marco_msgs/environment/path.sh\n'}
[20.743004] (marco_msgs) StdoutLine: {'line': b'-- Up-to-date symlink: /home/orangepi/marco_ws/install/marco_msgs/share/marco_msgs/environment/path.dsv\n'}
[20.743859] (marco_msgs) StdoutLine: {'line': b'-- Up-to-date symlink: /home/orangepi/marco_ws/install/marco_msgs/share/marco_msgs/local_setup.bash\n'}
[20.744605] (marco_msgs) StdoutLine: {'line': b'-- Up-to-date symlink: /home/orangepi/marco_ws/install/marco_msgs/share/marco_msgs/local_setup.sh\n'}
[20.745540] (marco_msgs) StdoutLine: {'line': b'-- Up-to-date symlink: /home/orangepi/marco_ws/install/marco_msgs/share/marco_msgs/local_setup.zsh\n'}
[20.746287] (marco_msgs) StdoutLine: {'line': b'-- Up-to-date symlink: /home/orangepi/marco_ws/install/marco_msgs/share/marco_msgs/local_setup.dsv\n'}
[20.746901] (marco_msgs) StdoutLine: {'line': b'-- Symlinking: /home/orangepi/marco_ws/install/marco_msgs/share/marco_msgs/package.dsv\n'}
[20.786394] (marco_msgs) StdoutLine: {'line': b'-- Up-to-date symlink: /home/orangepi/marco_ws/install/marco_msgs/share/ament_index/resource_index/packages/marco_msgs\n'}
[20.787986] (marco_msgs) StdoutLine: {'line': b'-- Up-to-date symlink: /home/orangepi/marco_ws/install/marco_msgs/share/marco_msgs/cmake/rosidl_cmake-extras.cmake\n'}
[20.789384] (marco_msgs) StdoutLine: {'line': b'-- Up-to-date symlink: /home/orangepi/marco_ws/install/marco_msgs/share/marco_msgs/cmake/ament_cmake_export_dependencies-extras.cmake\n'}
[20.790264] (marco_msgs) StdoutLine: {'line': b'-- Up-to-date symlink: /home/orangepi/marco_ws/install/marco_msgs/share/marco_msgs/cmake/ament_cmake_export_include_directories-extras.cmake\n'}
[20.790346] (marco_msgs) StdoutLine: {'line': b'-- Up-to-date symlink: /home/orangepi/marco_ws/install/marco_msgs/share/marco_msgs/cmake/ament_cmake_export_libraries-extras.cmake\n'}
[20.790477] (marco_msgs) StdoutLine: {'line': b'-- Up-to-date symlink: /home/orangepi/marco_ws/install/marco_msgs/share/marco_msgs/cmake/ament_cmake_export_targets-extras.cmake\n'}
[20.790549] (marco_msgs) StdoutLine: {'line': b'-- Up-to-date symlink: /home/orangepi/marco_ws/install/marco_msgs/share/marco_msgs/cmake/rosidl_cmake_export_typesupport_targets-extras.cmake\n'}
[20.790618] (marco_msgs) StdoutLine: {'line': b'-- Up-to-date symlink: /home/orangepi/marco_ws/install/marco_msgs/share/marco_msgs/cmake/rosidl_cmake_export_typesupport_libraries-extras.cmake\n'}
[20.790715] (marco_msgs) StdoutLine: {'line': b'-- Up-to-date symlink: /home/orangepi/marco_ws/install/marco_msgs/share/marco_msgs/cmake/rosidl_cmake_aggregate_target-extras.cmake\n'}
[20.790835] (marco_msgs) StdoutLine: {'line': b'-- Up-to-date symlink: /home/orangepi/marco_ws/install/marco_msgs/share/marco_msgs/cmake/marco_msgsConfig.cmake\n'}
[20.790906] (marco_msgs) StdoutLine: {'line': b'-- Up-to-date symlink: /home/orangepi/marco_ws/install/marco_msgs/share/marco_msgs/cmake/marco_msgsConfig-version.cmake\n'}
[20.791330] (marco_msgs) StdoutLine: {'line': b'-- Up-to-date symlink: /home/orangepi/marco_ws/install/marco_msgs/share/marco_msgs/package.xml\n'}
[20.792426] (marco_msgs) StdoutLine: {'line': b'-- Installing: /home/orangepi/marco_ws/install/marco_msgs/lib/libmarco_msgs__rosidl_generator_c.so\n'}
[20.794323] (marco_msgs) StdoutLine: {'line': b'-- Set runtime path of "/home/orangepi/marco_ws/install/marco_msgs/lib/libmarco_msgs__rosidl_generator_c.so" to ""\n'}
[20.794973] (marco_msgs) StdoutLine: {'line': b'-- Installing: /home/orangepi/marco_ws/install/marco_msgs/lib/libmarco_msgs__rosidl_typesupport_fastrtps_c.so\n'}
[20.796481] (marco_msgs) StdoutLine: {'line': b'-- Set runtime path of "/home/orangepi/marco_ws/install/marco_msgs/lib/libmarco_msgs__rosidl_typesupport_fastrtps_c.so" to ""\n'}
[20.797045] (marco_msgs) StdoutLine: {'line': b'-- Installing: /home/orangepi/marco_ws/install/marco_msgs/lib/libmarco_msgs__rosidl_typesupport_introspection_c.so\n'}
[20.798311] (marco_msgs) StdoutLine: {'line': b'-- Set runtime path of "/home/orangepi/marco_ws/install/marco_msgs/lib/libmarco_msgs__rosidl_typesupport_introspection_c.so" to ""\n'}
[20.798810] (marco_msgs) StdoutLine: {'line': b'-- Installing: /home/orangepi/marco_ws/install/marco_msgs/lib/libmarco_msgs__rosidl_typesupport_c.so\n'}
[20.799717] (-) TimerEvent: {}
[20.800047] (marco_msgs) StdoutLine: {'line': b'-- Set runtime path of "/home/orangepi/marco_ws/install/marco_msgs/lib/libmarco_msgs__rosidl_typesupport_c.so" to ""\n'}
[20.800590] (marco_msgs) StdoutLine: {'line': b'-- Installing: /home/orangepi/marco_ws/install/marco_msgs/lib/libmarco_msgs__rosidl_typesupport_fastrtps_cpp.so\n'}
[20.802288] (marco_msgs) StdoutLine: {'line': b'-- Set runtime path of "/home/orangepi/marco_ws/install/marco_msgs/lib/libmarco_msgs__rosidl_typesupport_fastrtps_cpp.so" to ""\n'}
[20.802826] (marco_msgs) StdoutLine: {'line': b'-- Installing: /home/orangepi/marco_ws/install/marco_msgs/lib/libmarco_msgs__rosidl_typesupport_introspection_cpp.so\n'}
[20.804432] (marco_msgs) StdoutLine: {'line': b'-- Set runtime path of "/home/orangepi/marco_ws/install/marco_msgs/lib/libmarco_msgs__rosidl_typesupport_introspection_cpp.so" to ""\n'}
[20.805041] (marco_msgs) StdoutLine: {'line': b'-- Installing: /home/orangepi/marco_ws/install/marco_msgs/lib/libmarco_msgs__rosidl_typesupport_cpp.so\n'}
[20.806383] (marco_msgs) StdoutLine: {'line': b'-- Set runtime path of "/home/orangepi/marco_ws/install/marco_msgs/lib/libmarco_msgs__rosidl_typesupport_cpp.so" to ""\n'}
[20.900140] (-) TimerEvent: {}
[20.923160] (marco_msgs) StdoutLine: {'line': b"Listing '/home/orangepi/marco_ws/install/marco_msgs/local/lib/python3.10/dist-packages/marco_msgs'...\n"}
[20.924213] (marco_msgs) StdoutLine: {'line': b"Compiling '/home/orangepi/marco_ws/install/marco_msgs/local/lib/python3.10/dist-packages/marco_msgs/__init__.py'...\n"}
[20.925154] (marco_msgs) StdoutLine: {'line': b"Listing '/home/orangepi/marco_ws/install/marco_msgs/local/lib/python3.10/dist-packages/marco_msgs/action'...\n"}
[20.925762] (marco_msgs) StdoutLine: {'line': b"Compiling '/home/orangepi/marco_ws/install/marco_msgs/local/lib/python3.10/dist-packages/marco_msgs/action/__init__.py'...\n"}
[20.926318] (marco_msgs) StdoutLine: {'line': b"Compiling '/home/orangepi/marco_ws/install/marco_msgs/local/lib/python3.10/dist-packages/marco_msgs/action/_dock_to_station.py'...\n"}
[20.926828] (marco_msgs) StdoutLine: {'line': b"Listing '/home/orangepi/marco_ws/install/marco_msgs/local/lib/python3.10/dist-packages/marco_msgs/msg'...\n"}
[20.927369] (marco_msgs) StdoutLine: {'line': b"Compiling '/home/orangepi/marco_ws/install/marco_msgs/local/lib/python3.10/dist-packages/marco_msgs/msg/__init__.py'...\n"}
[20.927811] (marco_msgs) StdoutLine: {'line': b"Compiling '/home/orangepi/marco_ws/install/marco_msgs/local/lib/python3.10/dist-packages/marco_msgs/msg/_lane_offset.py'...\n"}
[20.928319] (marco_msgs) StdoutLine: {'line': b"Compiling '/home/orangepi/marco_ws/install/marco_msgs/local/lib/python3.10/dist-packages/marco_msgs/msg/_qr_detection.py'...\n"}
[20.928679] (marco_msgs) StdoutLine: {'line': b"Compiling '/home/orangepi/marco_ws/install/marco_msgs/local/lib/python3.10/dist-packages/marco_msgs/msg/_robot_status.py'...\n"}
[20.929024] (marco_msgs) StdoutLine: {'line': b"Listing '/home/orangepi/marco_ws/install/marco_msgs/local/lib/python3.10/dist-packages/marco_msgs/srv'...\n"}
[20.929363] (marco_msgs) StdoutLine: {'line': b"Compiling '/home/orangepi/marco_ws/install/marco_msgs/local/lib/python3.10/dist-packages/marco_msgs/srv/__init__.py'...\n"}
[20.929709] (marco_msgs) StdoutLine: {'line': b"Compiling '/home/orangepi/marco_ws/install/marco_msgs/local/lib/python3.10/dist-packages/marco_msgs/srv/_assign_task.py'...\n"}
[20.930054] (marco_msgs) StdoutLine: {'line': b"Compiling '/home/orangepi/marco_ws/install/marco_msgs/local/lib/python3.10/dist-packages/marco_msgs/srv/_gate_permission.py'...\n"}
[20.930396] (marco_msgs) StdoutLine: {'line': b"Compiling '/home/orangepi/marco_ws/install/marco_msgs/local/lib/python3.10/dist-packages/marco_msgs/srv/_start_mission.py'...\n"}
[20.930731] (marco_msgs) StdoutLine: {'line': b"Compiling '/home/orangepi/marco_ws/install/marco_msgs/local/lib/python3.10/dist-packages/marco_msgs/srv/_task_complete.py'...\n"}
[20.941214] (marco_msgs) StdoutLine: {'line': b'-- Installing: /home/orangepi/marco_ws/install/marco_msgs/lib/libmarco_msgs__rosidl_generator_py.so\n'}
[20.942888] (marco_msgs) StdoutLine: {'line': b'-- Set runtime path of "/home/orangepi/marco_ws/install/marco_msgs/lib/libmarco_msgs__rosidl_generator_py.so" to ""\n'}
[20.943305] (marco_msgs) StdoutLine: {'line': b'-- Up-to-date: /home/orangepi/marco_ws/install/marco_msgs/share/marco_msgs/cmake/export_marco_msgs__rosidl_generator_cExport.cmake\n'}
[20.943515] (marco_msgs) StdoutLine: {'line': b'-- Up-to-date: /home/orangepi/marco_ws/install/marco_msgs/share/marco_msgs/cmake/export_marco_msgs__rosidl_generator_cExport-noconfig.cmake\n'}
[20.943872] (marco_msgs) StdoutLine: {'line': b'-- Up-to-date: /home/orangepi/marco_ws/install/marco_msgs/share/marco_msgs/cmake/export_marco_msgs__rosidl_typesupport_fastrtps_cExport.cmake\n'}
[20.944031] (marco_msgs) StdoutLine: {'line': b'-- Up-to-date: /home/orangepi/marco_ws/install/marco_msgs/share/marco_msgs/cmake/export_marco_msgs__rosidl_typesupport_fastrtps_cExport-noconfig.cmake\n'}
[20.944389] (marco_msgs) StdoutLine: {'line': b'-- Up-to-date: /home/orangepi/marco_ws/install/marco_msgs/share/marco_msgs/cmake/marco_msgs__rosidl_typesupport_introspection_cExport.cmake\n'}
[20.945306] (marco_msgs) StdoutLine: {'line': b'-- Up-to-date: /home/orangepi/marco_ws/install/marco_msgs/share/marco_msgs/cmake/marco_msgs__rosidl_typesupport_introspection_cExport-noconfig.cmake\n'}
[20.945532] (marco_msgs) StdoutLine: {'line': b'-- Up-to-date: /home/orangepi/marco_ws/install/marco_msgs/share/marco_msgs/cmake/marco_msgs__rosidl_typesupport_cExport.cmake\n'}
[20.945618] (marco_msgs) StdoutLine: {'line': b'-- Up-to-date: /home/orangepi/marco_ws/install/marco_msgs/share/marco_msgs/cmake/marco_msgs__rosidl_typesupport_cExport-noconfig.cmake\n'}
[20.945689] (marco_msgs) StdoutLine: {'line': b'-- Up-to-date: /home/orangepi/marco_ws/install/marco_msgs/share/marco_msgs/cmake/export_marco_msgs__rosidl_generator_cppExport.cmake\n'}
[20.946052] (marco_msgs) StdoutLine: {'line': b'-- Up-to-date: /home/orangepi/marco_ws/install/marco_msgs/share/marco_msgs/cmake/export_marco_msgs__rosidl_typesupport_fastrtps_cppExport.cmake\n'}
[20.946125] (marco_msgs) StdoutLine: {'line': b'-- Up-to-date: /home/orangepi/marco_ws/install/marco_msgs/share/marco_msgs/cmake/export_marco_msgs__rosidl_typesupport_fastrtps_cppExport-noconfig.cmake\n'}
[20.946399] (marco_msgs) StdoutLine: {'line': b'-- Up-to-date: /home/orangepi/marco_ws/install/marco_msgs/share/marco_msgs/cmake/marco_msgs__rosidl_typesupport_introspection_cppExport.cmake\n'}
[20.946660] (marco_msgs) StdoutLine: {'line': b'-- Up-to-date: /home/orangepi/marco_ws/install/marco_msgs/share/marco_msgs/cmake/marco_msgs__rosidl_typesupport_introspection_cppExport-noconfig.cmake\n'}
[20.946964] (marco_msgs) StdoutLine: {'line': b'-- Up-to-date: /home/orangepi/marco_ws/install/marco_msgs/share/marco_msgs/cmake/marco_msgs__rosidl_typesupport_cppExport.cmake\n'}
[20.947131] (marco_msgs) StdoutLine: {'line': b'-- Up-to-date: /home/orangepi/marco_ws/install/marco_msgs/share/marco_msgs/cmake/marco_msgs__rosidl_typesupport_cppExport-noconfig.cmake\n'}
[20.947429] (marco_msgs) StdoutLine: {'line': b'-- Up-to-date: /home/orangepi/marco_ws/install/marco_msgs/share/marco_msgs/cmake/export_marco_msgs__rosidl_generator_pyExport.cmake\n'}
[20.947592] (marco_msgs) StdoutLine: {'line': b'-- Up-to-date: /home/orangepi/marco_ws/install/marco_msgs/share/marco_msgs/cmake/export_marco_msgs__rosidl_generator_pyExport-noconfig.cmake\n'}
[20.956535] (marco_msgs) CommandEnded: {'returncode': 0}
[21.001114] (-) TimerEvent: {}
[21.085793] (marco_msgs) JobEnded: {'identifier': 'marco_msgs', 'rc': 0}
[21.094576] (marco_mission) JobStarted: {'identifier': 'marco_mission'}
[21.101288] (-) TimerEvent: {}
[21.201711] (-) TimerEvent: {}
[21.302314] (-) TimerEvent: {}
[21.402964] (-) TimerEvent: {}
[21.503636] (-) TimerEvent: {}
[21.607318] (-) TimerEvent: {}
[21.708078] (-) TimerEvent: {}
[21.808710] (-) TimerEvent: {}
[21.909372] (-) TimerEvent: {}
[22.010028] (-) TimerEvent: {}
[22.110930] (-) TimerEvent: {}
[22.211551] (-) TimerEvent: {}
[22.312124] (-) TimerEvent: {}
[22.412760] (-) TimerEvent: {}
[22.513330] (-) TimerEvent: {}
[22.614122] (-) TimerEvent: {}
[22.640464] (marco_mission) Command: {'cmd': ['/usr/bin/python3', '-W', 'ignore:setup.py install is deprecated', '-W', 'ignore:easy_install command is deprecated', 'setup.py', 'develop', '--editable', '--build-directory', '/home/orangepi/marco_ws/build/marco_mission/build', '--no-deps', 'symlink_data'], 'cwd': '/home/orangepi/marco_ws/build/marco_mission', 'env': {'LESSOPEN': '| /usr/bin/lesspipe %s', 'VSCODE_CWD': '/home/orangepi', 'UMS_MOUNTPOINT': '/mnt/ums', 'VSCODE_ESM_ENTRYPOINT': 'vs/workbench/api/node/extensionHostProcess', 'GST_V4L2_PREFERRED_FOURCC': 'NV12:YU12:NV16:YUY2', 'LANGUAGE': 'en_US.UTF-8', 'USER': 'orangepi', 'SSH_CLIENT': 'fe80::a915:eed:d97c:42ea%wlx4822541cd7c3 53828 22', 'VSCODE_NLS_CONFIG': '{"userLocale":"en","osLocale":"en","resolvedLanguage":"en","defaultMessagesFile":"/home/orangepi/.cursor-server/bin/linux-arm64/31e8d61c448c7472e371505838a0fe34083dad50/out/nls.messages.json","locale":"en","availableLanguages":{}}', 'VSCODE_HANDLES_UNCAUGHT_ERRORS': 'true', 'XDG_SESSION_TYPE': 'tty', 'CURSOR_RIPGREP_PATH': '/home/orangepi/.cursor-server/bin/linux-arm64/31e8d61c448c7472e371505838a0fe34083dad50/node_modules/@vscode/ripgrep/bin/rg', 'SHLVL': '0', 'USB_FUNCS': 'adb', 'LD_LIBRARY_PATH': '/home/orangepi/marco_ws/install/marco_msgs/lib:/opt/ros/humble/opt/rviz_ogre_vendor/lib:/opt/ros/humble/lib/aarch64-linux-gnu:/opt/ros/humble/lib', 'BROWSER': '/home/orangepi/.cursor-server/bin/linux-arm64/31e8d61c448c7472e371505838a0fe34083dad50/bin/helpers/browser.sh', 'MOTD_SHOWN': 'pam', 'HOME': '/home/orangepi', 'OLDPWD': '/home/orangepi/marco_ws', 'VSCODE_IPC_HOOK_CLI': '/run/user/1000/vscode-ipc-0eae5caf-301b-4724-a9a1-6e0880f85816.sock', 'GST_INSPECT_NO_COLORS': '1', 'GST_MPP_NO_RGA': '1', 'ROS_PYTHON_VERSION': '3', 'COGL_DRIVER': 'gles2', 'NO_COLOR': '1', 'DBUS_SESSION_BUS_ADDRESS': 'unix:path=/run/user/1000/bus', 'VSCODE_L10N_BUNDLE_LOCATION': '', 'COLCON_PREFIX_PATH': '/home/orangepi/marco_ws/install:/home/orangepi/ydlidar_ros2_ws/install', 'GST_V4L2SRC_MAX_RESOLUTION': '3840x2160', 'ROS_DISTRO': 'humble', 'OVSX_REGISTRY_URL': 'https://open-vsx.org', 'LOGNAME': 'orangepi', 'FORCE_COLOR': '0', 'VSCODE_HANDLES_SIGPIPE': 'true', '_': '/usr/bin/colcon', 'ROS_VERSION': '2', 'CURSOR_LAYOUT': 'unifiedAgent', 'XDG_SESSION_CLASS': 'user', 'TERM': 'dumb', 'GST_GL_API': 'gles2', 'XDG_SESSION_ID': '5', 'GST_VIDEO_CONVERT_PREFERRED_FORMAT': 'NV12:NV16:I420:YUY2', 'GST_V4L2SRC_RK_DEVICES': '_mainpath:_selfpath:_bypass:_scale', 'ROS_LOCALHOST_ONLY': '0', 'PATH': '/home/orangepi/.cursor-server/bin/linux-arm64/31e8d61c448c7472e371505838a0fe34083dad50/node_modules/@vscode/ripgrep/bin:/home/orangepi/.cursor-server/bin/linux-arm64/31e8d61c448c7472e371505838a0fe34083dad50/bin/remote-cli:/opt/ros/humble/bin:/home/orangepi/.cursor-server/bin/linux-arm64/31e8d61c448c7472e371505838a0fe34083dad50/bin/remote-cli:/usr/local/sbin:/usr/local/bin:/usr/sbin:/usr/bin:/sbin:/bin:/usr/games:/usr/local/games:/snap/bin', 'VSCODE_AGENT_FOLDER': '/home/orangepi/.cursor-server', 'XDG_RUNTIME_DIR': '/run/user/1000', 'AGENT_TRANSCRIPTS': '/home/orangepi/.cursor/projects/home-orangepi/agent-transcripts', 'GST_GL_PLATFORM': 'egl', 'GST_DEBUG_NO_COLOR': '1', 'GST_V4L2SRC_DEFAULT_DEVICE': '/dev/video-camera0', 'CURSOR_AGENT': '1', 'DISPLAY': ':0', 'LANG': 'en_US.UTF-8', 'LS_COLORS': '', 'GST_V4L2_USE_LIBV4L2': '1', 'UMS_SIZE': '256M', 'AMENT_PREFIX_PATH': '/home/orangepi/marco_ws/install/marco_simulation:/home/orangepi/marco_ws/install/marco_safety:/home/orangepi/marco_ws/install/marco_perception:/home/orangepi/marco_ws/install/marco_localization:/home/orangepi/marco_ws/install/marco_navigation:/home/orangepi/marco_ws/install/marco_msgs:/home/orangepi/marco_ws/install/marco_mission:/home/orangepi/marco_ws/install/marco_docking:/home/orangepi/marco_ws/install/marco_bringup:/home/orangepi/marco_ws/install/marco_description:/home/orangepi/marco_ws/install/marco_base:/home/orangepi/marco_ws/install/lane_tracking:/home/orangepi/ydlidar_ros2_ws/install/ydlidar_ros2_driver:/opt/ros/humble', 'LC_MESSAGES': 'en_US.UTF-8', 'SHELL': '/bin/bash', 'VSCODE_SERVER_SHUTDOWN_TIMEOUT': '300', 'UMS_RO': '0', 'LESSCLOSE': '/usr/bin/lesspipe %s %s', 'UMS_FSTYPE': 'vfat', 'PWD': '/home/orangepi/marco_ws/build/marco_mission', 'LC_ALL': 'en_US.UTF-8', 'SSH_CONNECTION': 'fe80::a915:eed:d97c:42ea%wlx4822541cd7c3 53828 fe80::a73f:80ee:42ac:eebb%wlx4822541cd7c3 22', 'CURSOR_CONVERSATION_ID': '1ca3b929-f989-4c58-9e95-8b5ab2ce584e', 'PYTHONPATH': '/home/orangepi/marco_ws/build/marco_mission/prefix_override:/usr/lib/python3/dist-packages/colcon_core/task/python/colcon_distutils_commands:/home/orangepi/marco_ws/install/marco_mission/lib/python3.10/site-packages:/home/orangepi/marco_ws/build/marco_docking:/home/orangepi/marco_ws/build/marco_perception:/home/orangepi/marco_ws/install/marco_perception/lib/python3.10/site-packages:/home/orangepi/marco_ws/install/marco_msgs/local/lib/python3.10/dist-packages:/home/orangepi/marco_ws/install/marco_mission/lib/python3.10/site-packages:/home/orangepi/marco_ws/install/marco_docking/lib/python3.10/site-packages:/home/orangepi/marco_ws/build/marco_base:/home/orangepi/marco_ws/install/marco_base/lib/python3.10/site-packages:/home/orangepi/marco_ws/install/lane_tracking/lib/python3.10/site-packages:/opt/ros/humble/lib/python3.10/site-packages:/opt/ros/humble/local/lib/python3.10/dist-packages', 'UMS_MOUNT': '0', 'COLCON': '1', '__CURSOR_SANDBOX_ENV_RESTORE': "builtin unset CURSOR_CONVERSATION_ID CURSOR_AGENT_STORE_FILES_DIR CURSOR_AGENT_STORE_SHARED_PATHS 2>/dev/null || true; builtin export CURSOR_CONVERSATION_ID='1ca3b929-f989-4c58-9e95-8b5ab2ce584e'", '_ZO_DOCTOR': '0', 'CMAKE_PREFIX_PATH': '/home/orangepi/marco_ws/install/marco_msgs:/home/orangepi/marco_ws/install/marco_simulation:/home/orangepi/marco_ws/install/marco_safety:/home/orangepi/marco_ws/install/marco_localization:/home/orangepi/marco_ws/install/marco_navigation:/home/orangepi/marco_ws/install/marco_bringup:/home/orangepi/marco_ws/install/marco_description:/home/orangepi/ydlidar_ros2_ws/install/ydlidar_ros2_driver', 'UMS_FILE': '/userdata/ums_shared.img'}, 'shell': False}
[22.714365] (-) TimerEvent: {}
[22.814979] (-) TimerEvent: {}
[22.915827] (-) TimerEvent: {}
[22.984484] (marco_mission) StdoutLine: {'line': b'running develop\n'}
[23.015836] (-) TimerEvent: {}
[23.116387] (-) TimerEvent: {}
[23.156381] (marco_mission) StdoutLine: {'line': b'running egg_info\n'}
[23.157495] (marco_mission) StdoutLine: {'line': b'creating marco_mission.egg-info\n'}
[23.158121] (marco_mission) StdoutLine: {'line': b'writing marco_mission.egg-info/PKG-INFO\n'}
[23.158462] (marco_mission) StdoutLine: {'line': b'writing dependency_links to marco_mission.egg-info/dependency_links.txt\n'}
[23.158791] (marco_mission) StdoutLine: {'line': b'writing entry points to marco_mission.egg-info/entry_points.txt\n'}
[23.159123] (marco_mission) StdoutLine: {'line': b'writing requirements to marco_mission.egg-info/requires.txt\n'}
[23.159461] (marco_mission) StdoutLine: {'line': b'writing top-level names to marco_mission.egg-info/top_level.txt\n'}
[23.159786] (marco_mission) StdoutLine: {'line': b"writing manifest file 'marco_mission.egg-info/SOURCES.txt'\n"}
[23.160442] (marco_mission) StdoutLine: {'line': b"reading manifest file 'marco_mission.egg-info/SOURCES.txt'\n"}
[23.161357] (marco_mission) StdoutLine: {'line': b"writing manifest file 'marco_mission.egg-info/SOURCES.txt'\n"}
[23.163737] (marco_mission) StdoutLine: {'line': b'running build_ext\n'}
[23.164351] (marco_mission) StdoutLine: {'line': b'Creating /home/orangepi/marco_ws/install/marco_mission/lib/python3.10/site-packages/marco-mission.egg-link (link to .)\n'}
[23.165568] (marco_mission) StdoutLine: {'line': b'Installing mission_manager script to /home/orangepi/marco_ws/install/marco_mission/lib/marco_mission\n'}
[23.166701] (marco_mission) StdoutLine: {'line': b'Installing mock_plc script to /home/orangepi/marco_ws/install/marco_mission/lib/marco_mission\n'}
[23.167249] (marco_mission) StdoutLine: {'line': b'\n'}
[23.167593] (marco_mission) StdoutLine: {'line': b'Installed /home/orangepi/marco_ws/build/marco_mission\n'}
[23.167930] (marco_mission) StdoutLine: {'line': b'running symlink_data\n'}
[23.168288] (marco_mission) StdoutLine: {'line': b'creating /home/orangepi/marco_ws/install/marco_mission/share/ament_index\n'}
[23.168621] (marco_mission) StdoutLine: {'line': b'creating /home/orangepi/marco_ws/install/marco_mission/share/ament_index/resource_index\n'}
[23.168954] (marco_mission) StdoutLine: {'line': b'creating /home/orangepi/marco_ws/install/marco_mission/share/ament_index/resource_index/packages\n'}
[23.169283] (marco_mission) StdoutLine: {'line': b'symbolically linking /home/orangepi/marco_ws/build/marco_mission/resource/marco_mission -> /home/orangepi/marco_ws/install/marco_mission/share/ament_index/resource_index/packages\n'}
[23.169622] (marco_mission) StdoutLine: {'line': b'symbolically linking /home/orangepi/marco_ws/build/marco_mission/package.xml -> /home/orangepi/marco_ws/install/marco_mission/share/marco_mission\n'}
[23.169960] (marco_mission) StdoutLine: {'line': b'creating /home/orangepi/marco_ws/install/marco_mission/share/marco_mission/launch\n'}
[23.170292] (marco_mission) StdoutLine: {'line': b'symbolically linking /home/orangepi/marco_ws/build/marco_mission/launch/mission.launch.py -> /home/orangepi/marco_ws/install/marco_mission/share/marco_mission/launch\n'}
[23.170631] (marco_mission) StdoutLine: {'line': b'creating /home/orangepi/marco_ws/install/marco_mission/share/marco_mission/config\n'}
[23.216987] (-) TimerEvent: {}
[23.278260] (marco_mission) CommandEnded: {'returncode': 0}
[23.310789] (marco_mission) JobEnded: {'identifier': 'marco_mission', 'rc': 0}
[23.312630] (-) EventReactorShutdown: {}
