[0.292s] DEBUG:colcon:Command line arguments: ['/usr/bin/colcon', 'build', '--symlink-install']
[0.292s] DEBUG:colcon:Parsed command line arguments: Namespace(log_base=None, log_level=None, verb_name='build', build_base='build', install_base='install', merge_install=False, symlink_install=True, test_result_base=None, continue_on_error=False, executor='parallel', parallel_workers=8, event_handlers=None, ignore_user_meta=False, metas=['./colcon.meta'], base_paths=['.'], packages_ignore=None, packages_ignore_regex=None, paths=None, packages_up_to=None, packages_up_to_regex=None, packages_above=None, packages_above_and_dependencies=None, packages_above_depth=None, packages_select_by_dep=None, packages_skip_by_dep=None, packages_skip_up_to=None, packages_select_build_failed=False, packages_skip_build_finished=False, packages_select_test_failures=False, packages_skip_test_passed=False, packages_select=None, packages_skip=None, packages_select_regex=None, packages_skip_regex=None, packages_start=None, packages_end=None, cmake_args=None, cmake_target=None, cmake_target_skip_unavailable=False, cmake_clean_cache=False, cmake_clean_first=False, cmake_force_configure=False, ament_cmake_args=None, catkin_cmake_args=None, catkin_skip_building_tests=False, verb_parser=<colcon_defaults.argument_parser.defaults.DefaultArgumentsDecorator object at 0x7f9689b2b0>, verb_extension=<colcon_core.verb.build.BuildVerb object at 0x7f96a009d0>, main=<bound method BuildVerb.main of <colcon_core.verb.build.BuildVerb object at 0x7f96a009d0>>)
[0.799s] Level 1:colcon.colcon_core.package_discovery:discover_packages(colcon_meta) check parameters
[0.799s] Level 1:colcon.colcon_core.package_discovery:discover_packages(recursive) check parameters
[0.799s] Level 1:colcon.colcon_core.package_discovery:discover_packages(ignore) check parameters
[0.799s] Level 1:colcon.colcon_core.package_discovery:discover_packages(path) check parameters
[0.799s] Level 1:colcon.colcon_core.package_discovery:discover_packages(colcon_meta) discover
[0.799s] Level 1:colcon.colcon_core.package_discovery:discover_packages(recursive) discover
[0.799s] INFO:colcon.colcon_core.package_discovery:Crawling recursively for packages in '/home/orangepi/marco_ws'
[0.800s] Level 1:colcon.colcon_core.package_identification:_identify(.) by extensions ['ignore', 'ignore_ament_install']
[0.800s] Level 1:colcon.colcon_core.package_identification:_identify(.) by extension 'ignore'
[0.800s] Level 1:colcon.colcon_core.package_identification:_identify(.) by extension 'ignore_ament_install'
[0.800s] Level 1:colcon.colcon_core.package_identification:_identify(.) by extensions ['colcon_pkg']
[0.800s] Level 1:colcon.colcon_core.package_identification:_identify(.) by extension 'colcon_pkg'
[0.800s] Level 1:colcon.colcon_core.package_identification:_identify(.) by extensions ['colcon_meta']
[0.800s] Level 1:colcon.colcon_core.package_identification:_identify(.) by extension 'colcon_meta'
[0.800s] Level 1:colcon.colcon_core.package_identification:_identify(.) by extensions ['ros']
[0.800s] Level 1:colcon.colcon_core.package_identification:_identify(.) by extension 'ros'
[0.822s] Level 1:colcon.colcon_core.package_identification:_identify(.) by extensions ['cmake', 'python']
[0.823s] Level 1:colcon.colcon_core.package_identification:_identify(.) by extension 'cmake'
[0.823s] Level 1:colcon.colcon_core.package_identification:_identify(.) by extension 'python'
[0.823s] Level 1:colcon.colcon_core.package_identification:_identify(.) by extensions ['python_setup_py']
[0.823s] Level 1:colcon.colcon_core.package_identification:_identify(.) by extension 'python_setup_py'
[0.823s] Level 1:colcon.colcon_core.package_identification:_identify(build) by extensions ['ignore', 'ignore_ament_install']
[0.823s] Level 1:colcon.colcon_core.package_identification:_identify(build) by extension 'ignore'
[0.823s] Level 1:colcon.colcon_core.package_identification:_identify(build) ignored
[0.824s] Level 1:colcon.colcon_core.package_identification:_identify(install) by extensions ['ignore', 'ignore_ament_install']
[0.824s] Level 1:colcon.colcon_core.package_identification:_identify(install) by extension 'ignore'
[0.824s] Level 1:colcon.colcon_core.package_identification:_identify(install) ignored
[0.824s] Level 1:colcon.colcon_core.package_identification:_identify(log) by extensions ['ignore', 'ignore_ament_install']
[0.824s] Level 1:colcon.colcon_core.package_identification:_identify(log) by extension 'ignore'
[0.824s] Level 1:colcon.colcon_core.package_identification:_identify(log) ignored
[0.824s] Level 1:colcon.colcon_core.package_identification:_identify(src) by extensions ['ignore', 'ignore_ament_install']
[0.824s] Level 1:colcon.colcon_core.package_identification:_identify(src) by extension 'ignore'
[0.824s] Level 1:colcon.colcon_core.package_identification:_identify(src) by extension 'ignore_ament_install'
[0.824s] Level 1:colcon.colcon_core.package_identification:_identify(src) by extensions ['colcon_pkg']
[0.824s] Level 1:colcon.colcon_core.package_identification:_identify(src) by extension 'colcon_pkg'
[0.824s] Level 1:colcon.colcon_core.package_identification:_identify(src) by extensions ['colcon_meta']
[0.824s] Level 1:colcon.colcon_core.package_identification:_identify(src) by extension 'colcon_meta'
[0.824s] Level 1:colcon.colcon_core.package_identification:_identify(src) by extensions ['ros']
[0.824s] Level 1:colcon.colcon_core.package_identification:_identify(src) by extension 'ros'
[0.825s] Level 1:colcon.colcon_core.package_identification:_identify(src) by extensions ['cmake', 'python']
[0.825s] Level 1:colcon.colcon_core.package_identification:_identify(src) by extension 'cmake'
[0.825s] Level 1:colcon.colcon_core.package_identification:_identify(src) by extension 'python'
[0.825s] Level 1:colcon.colcon_core.package_identification:_identify(src) by extensions ['python_setup_py']
[0.825s] Level 1:colcon.colcon_core.package_identification:_identify(src) by extension 'python_setup_py'
[0.825s] Level 1:colcon.colcon_core.package_identification:_identify(src/marco_base) by extensions ['ignore', 'ignore_ament_install']
[0.825s] Level 1:colcon.colcon_core.package_identification:_identify(src/marco_base) by extension 'ignore'
[0.825s] Level 1:colcon.colcon_core.package_identification:_identify(src/marco_base) by extension 'ignore_ament_install'
[0.825s] Level 1:colcon.colcon_core.package_identification:_identify(src/marco_base) by extensions ['colcon_pkg']
[0.825s] Level 1:colcon.colcon_core.package_identification:_identify(src/marco_base) by extension 'colcon_pkg'
[0.825s] Level 1:colcon.colcon_core.package_identification:_identify(src/marco_base) by extensions ['colcon_meta']
[0.825s] Level 1:colcon.colcon_core.package_identification:_identify(src/marco_base) by extension 'colcon_meta'
[0.825s] Level 1:colcon.colcon_core.package_identification:_identify(src/marco_base) by extensions ['ros']
[0.825s] Level 1:colcon.colcon_core.package_identification:_identify(src/marco_base) by extension 'ros'
[0.832s] DEBUG:colcon.colcon_core.package_identification:Package 'src/marco_base' with type 'ros.ament_python' and name 'marco_base'
[0.833s] Level 1:colcon.colcon_core.package_identification:_identify(src/marco_bringup) by extensions ['ignore', 'ignore_ament_install']
[0.833s] Level 1:colcon.colcon_core.package_identification:_identify(src/marco_bringup) by extension 'ignore'
[0.833s] Level 1:colcon.colcon_core.package_identification:_identify(src/marco_bringup) by extension 'ignore_ament_install'
[0.833s] Level 1:colcon.colcon_core.package_identification:_identify(src/marco_bringup) by extensions ['colcon_pkg']
[0.833s] Level 1:colcon.colcon_core.package_identification:_identify(src/marco_bringup) by extension 'colcon_pkg'
[0.833s] Level 1:colcon.colcon_core.package_identification:_identify(src/marco_bringup) by extensions ['colcon_meta']
[0.833s] Level 1:colcon.colcon_core.package_identification:_identify(src/marco_bringup) by extension 'colcon_meta'
[0.833s] Level 1:colcon.colcon_core.package_identification:_identify(src/marco_bringup) by extensions ['ros']
[0.833s] Level 1:colcon.colcon_core.package_identification:_identify(src/marco_bringup) by extension 'ros'
[0.834s] DEBUG:colcon.colcon_core.package_identification:Package 'src/marco_bringup' with type 'ros.ament_cmake' and name 'marco_bringup'
[0.834s] Level 1:colcon.colcon_core.package_identification:_identify(src/marco_description) by extensions ['ignore', 'ignore_ament_install']
[0.834s] Level 1:colcon.colcon_core.package_identification:_identify(src/marco_description) by extension 'ignore'
[0.834s] Level 1:colcon.colcon_core.package_identification:_identify(src/marco_description) by extension 'ignore_ament_install'
[0.834s] Level 1:colcon.colcon_core.package_identification:_identify(src/marco_description) by extensions ['colcon_pkg']
[0.834s] Level 1:colcon.colcon_core.package_identification:_identify(src/marco_description) by extension 'colcon_pkg'
[0.834s] Level 1:colcon.colcon_core.package_identification:_identify(src/marco_description) by extensions ['colcon_meta']
[0.835s] Level 1:colcon.colcon_core.package_identification:_identify(src/marco_description) by extension 'colcon_meta'
[0.835s] Level 1:colcon.colcon_core.package_identification:_identify(src/marco_description) by extensions ['ros']
[0.835s] Level 1:colcon.colcon_core.package_identification:_identify(src/marco_description) by extension 'ros'
[0.835s] DEBUG:colcon.colcon_core.package_identification:Package 'src/marco_description' with type 'ros.ament_cmake' and name 'marco_description'
[0.835s] Level 1:colcon.colcon_core.package_identification:_identify(src/marco_docking) by extensions ['ignore', 'ignore_ament_install']
[0.835s] Level 1:colcon.colcon_core.package_identification:_identify(src/marco_docking) by extension 'ignore'
[0.836s] Level 1:colcon.colcon_core.package_identification:_identify(src/marco_docking) by extension 'ignore_ament_install'
[0.836s] Level 1:colcon.colcon_core.package_identification:_identify(src/marco_docking) by extensions ['colcon_pkg']
[0.836s] Level 1:colcon.colcon_core.package_identification:_identify(src/marco_docking) by extension 'colcon_pkg'
[0.836s] Level 1:colcon.colcon_core.package_identification:_identify(src/marco_docking) by extensions ['colcon_meta']
[0.836s] Level 1:colcon.colcon_core.package_identification:_identify(src/marco_docking) by extension 'colcon_meta'
[0.836s] Level 1:colcon.colcon_core.package_identification:_identify(src/marco_docking) by extensions ['ros']
[0.836s] Level 1:colcon.colcon_core.package_identification:_identify(src/marco_docking) by extension 'ros'
[0.836s] DEBUG:colcon.colcon_core.package_identification:Package 'src/marco_docking' with type 'ros.ament_python' and name 'marco_docking'
[0.836s] Level 1:colcon.colcon_core.package_identification:_identify(src/marco_localization) by extensions ['ignore', 'ignore_ament_install']
[0.837s] Level 1:colcon.colcon_core.package_identification:_identify(src/marco_localization) by extension 'ignore'
[0.837s] Level 1:colcon.colcon_core.package_identification:_identify(src/marco_localization) by extension 'ignore_ament_install'
[0.837s] Level 1:colcon.colcon_core.package_identification:_identify(src/marco_localization) by extensions ['colcon_pkg']
[0.837s] Level 1:colcon.colcon_core.package_identification:_identify(src/marco_localization) by extension 'colcon_pkg'
[0.837s] Level 1:colcon.colcon_core.package_identification:_identify(src/marco_localization) by extensions ['colcon_meta']
[0.837s] Level 1:colcon.colcon_core.package_identification:_identify(src/marco_localization) by extension 'colcon_meta'
[0.837s] Level 1:colcon.colcon_core.package_identification:_identify(src/marco_localization) by extensions ['ros']
[0.837s] Level 1:colcon.colcon_core.package_identification:_identify(src/marco_localization) by extension 'ros'
[0.838s] DEBUG:colcon.colcon_core.package_identification:Package 'src/marco_localization' with type 'ros.ament_cmake' and name 'marco_localization'
[0.838s] Level 1:colcon.colcon_core.package_identification:_identify(src/marco_mission) by extensions ['ignore', 'ignore_ament_install']
[0.838s] Level 1:colcon.colcon_core.package_identification:_identify(src/marco_mission) by extension 'ignore'
[0.838s] Level 1:colcon.colcon_core.package_identification:_identify(src/marco_mission) by extension 'ignore_ament_install'
[0.838s] Level 1:colcon.colcon_core.package_identification:_identify(src/marco_mission) by extensions ['colcon_pkg']
[0.838s] Level 1:colcon.colcon_core.package_identification:_identify(src/marco_mission) by extension 'colcon_pkg'
[0.838s] Level 1:colcon.colcon_core.package_identification:_identify(src/marco_mission) by extensions ['colcon_meta']
[0.838s] Level 1:colcon.colcon_core.package_identification:_identify(src/marco_mission) by extension 'colcon_meta'
[0.838s] Level 1:colcon.colcon_core.package_identification:_identify(src/marco_mission) by extensions ['ros']
[0.838s] Level 1:colcon.colcon_core.package_identification:_identify(src/marco_mission) by extension 'ros'
[0.839s] DEBUG:colcon.colcon_core.package_identification:Package 'src/marco_mission' with type 'ros.ament_python' and name 'marco_mission'
[0.839s] Level 1:colcon.colcon_core.package_identification:_identify(src/marco_msgs) by extensions ['ignore', 'ignore_ament_install']
[0.839s] Level 1:colcon.colcon_core.package_identification:_identify(src/marco_msgs) by extension 'ignore'
[0.839s] Level 1:colcon.colcon_core.package_identification:_identify(src/marco_msgs) by extension 'ignore_ament_install'
[0.839s] Level 1:colcon.colcon_core.package_identification:_identify(src/marco_msgs) by extensions ['colcon_pkg']
[0.839s] Level 1:colcon.colcon_core.package_identification:_identify(src/marco_msgs) by extension 'colcon_pkg'
[0.839s] Level 1:colcon.colcon_core.package_identification:_identify(src/marco_msgs) by extensions ['colcon_meta']
[0.839s] Level 1:colcon.colcon_core.package_identification:_identify(src/marco_msgs) by extension 'colcon_meta'
[0.839s] Level 1:colcon.colcon_core.package_identification:_identify(src/marco_msgs) by extensions ['ros']
[0.839s] Level 1:colcon.colcon_core.package_identification:_identify(src/marco_msgs) by extension 'ros'
[0.840s] DEBUG:colcon.colcon_core.package_identification:Package 'src/marco_msgs' with type 'ros.ament_cmake' and name 'marco_msgs'
[0.840s] Level 1:colcon.colcon_core.package_identification:_identify(src/marco_navigation) by extensions ['ignore', 'ignore_ament_install']
[0.840s] Level 1:colcon.colcon_core.package_identification:_identify(src/marco_navigation) by extension 'ignore'
[0.840s] Level 1:colcon.colcon_core.package_identification:_identify(src/marco_navigation) by extension 'ignore_ament_install'
[0.840s] Level 1:colcon.colcon_core.package_identification:_identify(src/marco_navigation) by extensions ['colcon_pkg']
[0.840s] Level 1:colcon.colcon_core.package_identification:_identify(src/marco_navigation) by extension 'colcon_pkg'
[0.841s] Level 1:colcon.colcon_core.package_identification:_identify(src/marco_navigation) by extensions ['colcon_meta']
[0.841s] Level 1:colcon.colcon_core.package_identification:_identify(src/marco_navigation) by extension 'colcon_meta'
[0.841s] Level 1:colcon.colcon_core.package_identification:_identify(src/marco_navigation) by extensions ['ros']
[0.841s] Level 1:colcon.colcon_core.package_identification:_identify(src/marco_navigation) by extension 'ros'
[0.841s] DEBUG:colcon.colcon_core.package_identification:Package 'src/marco_navigation' with type 'ros.ament_cmake' and name 'marco_navigation'
[0.841s] Level 1:colcon.colcon_core.package_identification:_identify(src/marco_perception) by extensions ['ignore', 'ignore_ament_install']
[0.841s] Level 1:colcon.colcon_core.package_identification:_identify(src/marco_perception) by extension 'ignore'
[0.842s] Level 1:colcon.colcon_core.package_identification:_identify(src/marco_perception) by extension 'ignore_ament_install'
[0.842s] Level 1:colcon.colcon_core.package_identification:_identify(src/marco_perception) by extensions ['colcon_pkg']
[0.842s] Level 1:colcon.colcon_core.package_identification:_identify(src/marco_perception) by extension 'colcon_pkg'
[0.842s] Level 1:colcon.colcon_core.package_identification:_identify(src/marco_perception) by extensions ['colcon_meta']
[0.842s] Level 1:colcon.colcon_core.package_identification:_identify(src/marco_perception) by extension 'colcon_meta'
[0.842s] Level 1:colcon.colcon_core.package_identification:_identify(src/marco_perception) by extensions ['ros']
[0.842s] Level 1:colcon.colcon_core.package_identification:_identify(src/marco_perception) by extension 'ros'
[0.842s] DEBUG:colcon.colcon_core.package_identification:Package 'src/marco_perception' with type 'ros.ament_python' and name 'marco_perception'
[0.843s] Level 1:colcon.colcon_core.package_identification:_identify(src/marco_safety) by extensions ['ignore', 'ignore_ament_install']
[0.843s] Level 1:colcon.colcon_core.package_identification:_identify(src/marco_safety) by extension 'ignore'
[0.843s] Level 1:colcon.colcon_core.package_identification:_identify(src/marco_safety) by extension 'ignore_ament_install'
[0.843s] Level 1:colcon.colcon_core.package_identification:_identify(src/marco_safety) by extensions ['colcon_pkg']
[0.843s] Level 1:colcon.colcon_core.package_identification:_identify(src/marco_safety) by extension 'colcon_pkg'
[0.843s] Level 1:colcon.colcon_core.package_identification:_identify(src/marco_safety) by extensions ['colcon_meta']
[0.843s] Level 1:colcon.colcon_core.package_identification:_identify(src/marco_safety) by extension 'colcon_meta'
[0.843s] Level 1:colcon.colcon_core.package_identification:_identify(src/marco_safety) by extensions ['ros']
[0.843s] Level 1:colcon.colcon_core.package_identification:_identify(src/marco_safety) by extension 'ros'
[0.844s] DEBUG:colcon.colcon_core.package_identification:Package 'src/marco_safety' with type 'ros.ament_cmake' and name 'marco_safety'
[0.844s] Level 1:colcon.colcon_core.package_identification:_identify(src/marco_simulation) by extensions ['ignore', 'ignore_ament_install']
[0.844s] Level 1:colcon.colcon_core.package_identification:_identify(src/marco_simulation) by extension 'ignore'
[0.844s] Level 1:colcon.colcon_core.package_identification:_identify(src/marco_simulation) by extension 'ignore_ament_install'
[0.844s] Level 1:colcon.colcon_core.package_identification:_identify(src/marco_simulation) by extensions ['colcon_pkg']
[0.844s] Level 1:colcon.colcon_core.package_identification:_identify(src/marco_simulation) by extension 'colcon_pkg'
[0.844s] Level 1:colcon.colcon_core.package_identification:_identify(src/marco_simulation) by extensions ['colcon_meta']
[0.844s] Level 1:colcon.colcon_core.package_identification:_identify(src/marco_simulation) by extension 'colcon_meta'
[0.844s] Level 1:colcon.colcon_core.package_identification:_identify(src/marco_simulation) by extensions ['ros']
[0.844s] Level 1:colcon.colcon_core.package_identification:_identify(src/marco_simulation) by extension 'ros'
[0.845s] DEBUG:colcon.colcon_core.package_identification:Package 'src/marco_simulation' with type 'ros.ament_cmake' and name 'marco_simulation'
[0.845s] Level 1:colcon.colcon_core.package_discovery:discover_packages(recursive) using defaults
[0.845s] Level 1:colcon.colcon_core.package_discovery:discover_packages(ignore) discover
[0.845s] Level 1:colcon.colcon_core.package_discovery:discover_packages(ignore) using defaults
[0.845s] Level 1:colcon.colcon_core.package_discovery:discover_packages(path) discover
[0.845s] Level 1:colcon.colcon_core.package_discovery:discover_packages(path) using defaults
[0.908s] Level 5:colcon.colcon_core.verb:set package 'marco_base' build argument 'cmake_args' from command line to 'None'
[0.908s] Level 5:colcon.colcon_core.verb:set package 'marco_base' build argument 'cmake_target' from command line to 'None'
[0.908s] Level 5:colcon.colcon_core.verb:set package 'marco_base' build argument 'cmake_target_skip_unavailable' from command line to 'False'
[0.908s] Level 5:colcon.colcon_core.verb:set package 'marco_base' build argument 'cmake_clean_cache' from command line to 'False'
[0.908s] Level 5:colcon.colcon_core.verb:set package 'marco_base' build argument 'cmake_clean_first' from command line to 'False'
[0.908s] Level 5:colcon.colcon_core.verb:set package 'marco_base' build argument 'cmake_force_configure' from command line to 'False'
[0.908s] Level 5:colcon.colcon_core.verb:set package 'marco_base' build argument 'ament_cmake_args' from command line to 'None'
[0.908s] Level 5:colcon.colcon_core.verb:set package 'marco_base' build argument 'catkin_cmake_args' from command line to 'None'
[0.908s] Level 5:colcon.colcon_core.verb:set package 'marco_base' build argument 'catkin_skip_building_tests' from command line to 'False'
[0.908s] DEBUG:colcon.colcon_core.verb:Building package 'marco_base' with the following arguments: {'ament_cmake_args': None, 'build_base': '/home/orangepi/marco_ws/build/marco_base', 'catkin_cmake_args': None, 'catkin_skip_building_tests': False, 'cmake_args': None, 'cmake_clean_cache': False, 'cmake_clean_first': False, 'cmake_force_configure': False, 'cmake_target': None, 'cmake_target_skip_unavailable': False, 'install_base': '/home/orangepi/marco_ws/install/marco_base', 'merge_install': False, 'path': '/home/orangepi/marco_ws/src/marco_base', 'symlink_install': True, 'test_result_base': None}
[0.909s] Level 5:colcon.colcon_core.verb:set package 'marco_bringup' build argument 'cmake_args' from command line to 'None'
[0.909s] Level 5:colcon.colcon_core.verb:set package 'marco_bringup' build argument 'cmake_target' from command line to 'None'
[0.909s] Level 5:colcon.colcon_core.verb:set package 'marco_bringup' build argument 'cmake_target_skip_unavailable' from command line to 'False'
[0.909s] Level 5:colcon.colcon_core.verb:set package 'marco_bringup' build argument 'cmake_clean_cache' from command line to 'False'
[0.909s] Level 5:colcon.colcon_core.verb:set package 'marco_bringup' build argument 'cmake_clean_first' from command line to 'False'
[0.909s] Level 5:colcon.colcon_core.verb:set package 'marco_bringup' build argument 'cmake_force_configure' from command line to 'False'
[0.909s] Level 5:colcon.colcon_core.verb:set package 'marco_bringup' build argument 'ament_cmake_args' from command line to 'None'
[0.909s] Level 5:colcon.colcon_core.verb:set package 'marco_bringup' build argument 'catkin_cmake_args' from command line to 'None'
[0.909s] Level 5:colcon.colcon_core.verb:set package 'marco_bringup' build argument 'catkin_skip_building_tests' from command line to 'False'
[0.909s] DEBUG:colcon.colcon_core.verb:Building package 'marco_bringup' with the following arguments: {'ament_cmake_args': None, 'build_base': '/home/orangepi/marco_ws/build/marco_bringup', 'catkin_cmake_args': None, 'catkin_skip_building_tests': False, 'cmake_args': None, 'cmake_clean_cache': False, 'cmake_clean_first': False, 'cmake_force_configure': False, 'cmake_target': None, 'cmake_target_skip_unavailable': False, 'install_base': '/home/orangepi/marco_ws/install/marco_bringup', 'merge_install': False, 'path': '/home/orangepi/marco_ws/src/marco_bringup', 'symlink_install': True, 'test_result_base': None}
[0.910s] Level 5:colcon.colcon_core.verb:set package 'marco_description' build argument 'cmake_args' from command line to 'None'
[0.910s] Level 5:colcon.colcon_core.verb:set package 'marco_description' build argument 'cmake_target' from command line to 'None'
[0.910s] Level 5:colcon.colcon_core.verb:set package 'marco_description' build argument 'cmake_target_skip_unavailable' from command line to 'False'
[0.910s] Level 5:colcon.colcon_core.verb:set package 'marco_description' build argument 'cmake_clean_cache' from command line to 'False'
[0.910s] Level 5:colcon.colcon_core.verb:set package 'marco_description' build argument 'cmake_clean_first' from command line to 'False'
[0.910s] Level 5:colcon.colcon_core.verb:set package 'marco_description' build argument 'cmake_force_configure' from command line to 'False'
[0.910s] Level 5:colcon.colcon_core.verb:set package 'marco_description' build argument 'ament_cmake_args' from command line to 'None'
[0.910s] Level 5:colcon.colcon_core.verb:set package 'marco_description' build argument 'catkin_cmake_args' from command line to 'None'
[0.910s] Level 5:colcon.colcon_core.verb:set package 'marco_description' build argument 'catkin_skip_building_tests' from command line to 'False'
[0.910s] DEBUG:colcon.colcon_core.verb:Building package 'marco_description' with the following arguments: {'ament_cmake_args': None, 'build_base': '/home/orangepi/marco_ws/build/marco_description', 'catkin_cmake_args': None, 'catkin_skip_building_tests': False, 'cmake_args': None, 'cmake_clean_cache': False, 'cmake_clean_first': False, 'cmake_force_configure': False, 'cmake_target': None, 'cmake_target_skip_unavailable': False, 'install_base': '/home/orangepi/marco_ws/install/marco_description', 'merge_install': False, 'path': '/home/orangepi/marco_ws/src/marco_description', 'symlink_install': True, 'test_result_base': None}
[0.910s] Level 5:colcon.colcon_core.verb:set package 'marco_docking' build argument 'cmake_args' from command line to 'None'
[0.911s] Level 5:colcon.colcon_core.verb:set package 'marco_docking' build argument 'cmake_target' from command line to 'None'
[0.911s] Level 5:colcon.colcon_core.verb:set package 'marco_docking' build argument 'cmake_target_skip_unavailable' from command line to 'False'
[0.911s] Level 5:colcon.colcon_core.verb:set package 'marco_docking' build argument 'cmake_clean_cache' from command line to 'False'
[0.911s] Level 5:colcon.colcon_core.verb:set package 'marco_docking' build argument 'cmake_clean_first' from command line to 'False'
[0.911s] Level 5:colcon.colcon_core.verb:set package 'marco_docking' build argument 'cmake_force_configure' from command line to 'False'
[0.911s] Level 5:colcon.colcon_core.verb:set package 'marco_docking' build argument 'ament_cmake_args' from command line to 'None'
[0.911s] Level 5:colcon.colcon_core.verb:set package 'marco_docking' build argument 'catkin_cmake_args' from command line to 'None'
[0.911s] Level 5:colcon.colcon_core.verb:set package 'marco_docking' build argument 'catkin_skip_building_tests' from command line to 'False'
[0.911s] DEBUG:colcon.colcon_core.verb:Building package 'marco_docking' with the following arguments: {'ament_cmake_args': None, 'build_base': '/home/orangepi/marco_ws/build/marco_docking', 'catkin_cmake_args': None, 'catkin_skip_building_tests': False, 'cmake_args': None, 'cmake_clean_cache': False, 'cmake_clean_first': False, 'cmake_force_configure': False, 'cmake_target': None, 'cmake_target_skip_unavailable': False, 'install_base': '/home/orangepi/marco_ws/install/marco_docking', 'merge_install': False, 'path': '/home/orangepi/marco_ws/src/marco_docking', 'symlink_install': True, 'test_result_base': None}
[0.911s] Level 5:colcon.colcon_core.verb:set package 'marco_localization' build argument 'cmake_args' from command line to 'None'
[0.911s] Level 5:colcon.colcon_core.verb:set package 'marco_localization' build argument 'cmake_target' from command line to 'None'
[0.911s] Level 5:colcon.colcon_core.verb:set package 'marco_localization' build argument 'cmake_target_skip_unavailable' from command line to 'False'
[0.911s] Level 5:colcon.colcon_core.verb:set package 'marco_localization' build argument 'cmake_clean_cache' from command line to 'False'
[0.911s] Level 5:colcon.colcon_core.verb:set package 'marco_localization' build argument 'cmake_clean_first' from command line to 'False'
[0.911s] Level 5:colcon.colcon_core.verb:set package 'marco_localization' build argument 'cmake_force_configure' from command line to 'False'
[0.911s] Level 5:colcon.colcon_core.verb:set package 'marco_localization' build argument 'ament_cmake_args' from command line to 'None'
[0.912s] Level 5:colcon.colcon_core.verb:set package 'marco_localization' build argument 'catkin_cmake_args' from command line to 'None'
[0.912s] Level 5:colcon.colcon_core.verb:set package 'marco_localization' build argument 'catkin_skip_building_tests' from command line to 'False'
[0.912s] DEBUG:colcon.colcon_core.verb:Building package 'marco_localization' with the following arguments: {'ament_cmake_args': None, 'build_base': '/home/orangepi/marco_ws/build/marco_localization', 'catkin_cmake_args': None, 'catkin_skip_building_tests': False, 'cmake_args': None, 'cmake_clean_cache': False, 'cmake_clean_first': False, 'cmake_force_configure': False, 'cmake_target': None, 'cmake_target_skip_unavailable': False, 'install_base': '/home/orangepi/marco_ws/install/marco_localization', 'merge_install': False, 'path': '/home/orangepi/marco_ws/src/marco_localization', 'symlink_install': True, 'test_result_base': None}
[0.912s] Level 5:colcon.colcon_core.verb:set package 'marco_mission' build argument 'cmake_args' from command line to 'None'
[0.912s] Level 5:colcon.colcon_core.verb:set package 'marco_mission' build argument 'cmake_target' from command line to 'None'
[0.912s] Level 5:colcon.colcon_core.verb:set package 'marco_mission' build argument 'cmake_target_skip_unavailable' from command line to 'False'
[0.912s] Level 5:colcon.colcon_core.verb:set package 'marco_mission' build argument 'cmake_clean_cache' from command line to 'False'
[0.912s] Level 5:colcon.colcon_core.verb:set package 'marco_mission' build argument 'cmake_clean_first' from command line to 'False'
[0.912s] Level 5:colcon.colcon_core.verb:set package 'marco_mission' build argument 'cmake_force_configure' from command line to 'False'
[0.912s] Level 5:colcon.colcon_core.verb:set package 'marco_mission' build argument 'ament_cmake_args' from command line to 'None'
[0.912s] Level 5:colcon.colcon_core.verb:set package 'marco_mission' build argument 'catkin_cmake_args' from command line to 'None'
[0.912s] Level 5:colcon.colcon_core.verb:set package 'marco_mission' build argument 'catkin_skip_building_tests' from command line to 'False'
[0.912s] DEBUG:colcon.colcon_core.verb:Building package 'marco_mission' with the following arguments: {'ament_cmake_args': None, 'build_base': '/home/orangepi/marco_ws/build/marco_mission', 'catkin_cmake_args': None, 'catkin_skip_building_tests': False, 'cmake_args': None, 'cmake_clean_cache': False, 'cmake_clean_first': False, 'cmake_force_configure': False, 'cmake_target': None, 'cmake_target_skip_unavailable': False, 'install_base': '/home/orangepi/marco_ws/install/marco_mission', 'merge_install': False, 'path': '/home/orangepi/marco_ws/src/marco_mission', 'symlink_install': True, 'test_result_base': None}
[0.913s] Level 5:colcon.colcon_core.verb:set package 'marco_msgs' build argument 'cmake_args' from command line to 'None'
[0.913s] Level 5:colcon.colcon_core.verb:set package 'marco_msgs' build argument 'cmake_target' from command line to 'None'
[0.913s] Level 5:colcon.colcon_core.verb:set package 'marco_msgs' build argument 'cmake_target_skip_unavailable' from command line to 'False'
[0.913s] Level 5:colcon.colcon_core.verb:set package 'marco_msgs' build argument 'cmake_clean_cache' from command line to 'False'
[0.913s] Level 5:colcon.colcon_core.verb:set package 'marco_msgs' build argument 'cmake_clean_first' from command line to 'False'
[0.913s] Level 5:colcon.colcon_core.verb:set package 'marco_msgs' build argument 'cmake_force_configure' from command line to 'False'
[0.913s] Level 5:colcon.colcon_core.verb:set package 'marco_msgs' build argument 'ament_cmake_args' from command line to 'None'
[0.913s] Level 5:colcon.colcon_core.verb:set package 'marco_msgs' build argument 'catkin_cmake_args' from command line to 'None'
[0.913s] Level 5:colcon.colcon_core.verb:set package 'marco_msgs' build argument 'catkin_skip_building_tests' from command line to 'False'
[0.913s] DEBUG:colcon.colcon_core.verb:Building package 'marco_msgs' with the following arguments: {'ament_cmake_args': None, 'build_base': '/home/orangepi/marco_ws/build/marco_msgs', 'catkin_cmake_args': None, 'catkin_skip_building_tests': False, 'cmake_args': None, 'cmake_clean_cache': False, 'cmake_clean_first': False, 'cmake_force_configure': False, 'cmake_target': None, 'cmake_target_skip_unavailable': False, 'install_base': '/home/orangepi/marco_ws/install/marco_msgs', 'merge_install': False, 'path': '/home/orangepi/marco_ws/src/marco_msgs', 'symlink_install': True, 'test_result_base': None}
[0.914s] Level 5:colcon.colcon_core.verb:set package 'marco_navigation' build argument 'cmake_args' from command line to 'None'
[0.914s] Level 5:colcon.colcon_core.verb:set package 'marco_navigation' build argument 'cmake_target' from command line to 'None'
[0.914s] Level 5:colcon.colcon_core.verb:set package 'marco_navigation' build argument 'cmake_target_skip_unavailable' from command line to 'False'
[0.914s] Level 5:colcon.colcon_core.verb:set package 'marco_navigation' build argument 'cmake_clean_cache' from command line to 'False'
[0.914s] Level 5:colcon.colcon_core.verb:set package 'marco_navigation' build argument 'cmake_clean_first' from command line to 'False'
[0.914s] Level 5:colcon.colcon_core.verb:set package 'marco_navigation' build argument 'cmake_force_configure' from command line to 'False'
[0.914s] Level 5:colcon.colcon_core.verb:set package 'marco_navigation' build argument 'ament_cmake_args' from command line to 'None'
[0.914s] Level 5:colcon.colcon_core.verb:set package 'marco_navigation' build argument 'catkin_cmake_args' from command line to 'None'
[0.914s] Level 5:colcon.colcon_core.verb:set package 'marco_navigation' build argument 'catkin_skip_building_tests' from command line to 'False'
[0.914s] DEBUG:colcon.colcon_core.verb:Building package 'marco_navigation' with the following arguments: {'ament_cmake_args': None, 'build_base': '/home/orangepi/marco_ws/build/marco_navigation', 'catkin_cmake_args': None, 'catkin_skip_building_tests': False, 'cmake_args': None, 'cmake_clean_cache': False, 'cmake_clean_first': False, 'cmake_force_configure': False, 'cmake_target': None, 'cmake_target_skip_unavailable': False, 'install_base': '/home/orangepi/marco_ws/install/marco_navigation', 'merge_install': False, 'path': '/home/orangepi/marco_ws/src/marco_navigation', 'symlink_install': True, 'test_result_base': None}
[0.914s] Level 5:colcon.colcon_core.verb:set package 'marco_perception' build argument 'cmake_args' from command line to 'None'
[0.915s] Level 5:colcon.colcon_core.verb:set package 'marco_perception' build argument 'cmake_target' from command line to 'None'
[0.915s] Level 5:colcon.colcon_core.verb:set package 'marco_perception' build argument 'cmake_target_skip_unavailable' from command line to 'False'
[0.915s] Level 5:colcon.colcon_core.verb:set package 'marco_perception' build argument 'cmake_clean_cache' from command line to 'False'
[0.915s] Level 5:colcon.colcon_core.verb:set package 'marco_perception' build argument 'cmake_clean_first' from command line to 'False'
[0.915s] Level 5:colcon.colcon_core.verb:set package 'marco_perception' build argument 'cmake_force_configure' from command line to 'False'
[0.915s] Level 5:colcon.colcon_core.verb:set package 'marco_perception' build argument 'ament_cmake_args' from command line to 'None'
[0.915s] Level 5:colcon.colcon_core.verb:set package 'marco_perception' build argument 'catkin_cmake_args' from command line to 'None'
[0.915s] Level 5:colcon.colcon_core.verb:set package 'marco_perception' build argument 'catkin_skip_building_tests' from command line to 'False'
[0.915s] DEBUG:colcon.colcon_core.verb:Building package 'marco_perception' with the following arguments: {'ament_cmake_args': None, 'build_base': '/home/orangepi/marco_ws/build/marco_perception', 'catkin_cmake_args': None, 'catkin_skip_building_tests': False, 'cmake_args': None, 'cmake_clean_cache': False, 'cmake_clean_first': False, 'cmake_force_configure': False, 'cmake_target': None, 'cmake_target_skip_unavailable': False, 'install_base': '/home/orangepi/marco_ws/install/marco_perception', 'merge_install': False, 'path': '/home/orangepi/marco_ws/src/marco_perception', 'symlink_install': True, 'test_result_base': None}
[0.915s] Level 5:colcon.colcon_core.verb:set package 'marco_safety' build argument 'cmake_args' from command line to 'None'
[0.915s] Level 5:colcon.colcon_core.verb:set package 'marco_safety' build argument 'cmake_target' from command line to 'None'
[0.915s] Level 5:colcon.colcon_core.verb:set package 'marco_safety' build argument 'cmake_target_skip_unavailable' from command line to 'False'
[0.915s] Level 5:colcon.colcon_core.verb:set package 'marco_safety' build argument 'cmake_clean_cache' from command line to 'False'
[0.915s] Level 5:colcon.colcon_core.verb:set package 'marco_safety' build argument 'cmake_clean_first' from command line to 'False'
[0.915s] Level 5:colcon.colcon_core.verb:set package 'marco_safety' build argument 'cmake_force_configure' from command line to 'False'
[0.915s] Level 5:colcon.colcon_core.verb:set package 'marco_safety' build argument 'ament_cmake_args' from command line to 'None'
[0.915s] Level 5:colcon.colcon_core.verb:set package 'marco_safety' build argument 'catkin_cmake_args' from command line to 'None'
[0.916s] Level 5:colcon.colcon_core.verb:set package 'marco_safety' build argument 'catkin_skip_building_tests' from command line to 'False'
[0.916s] DEBUG:colcon.colcon_core.verb:Building package 'marco_safety' with the following arguments: {'ament_cmake_args': None, 'build_base': '/home/orangepi/marco_ws/build/marco_safety', 'catkin_cmake_args': None, 'catkin_skip_building_tests': False, 'cmake_args': None, 'cmake_clean_cache': False, 'cmake_clean_first': False, 'cmake_force_configure': False, 'cmake_target': None, 'cmake_target_skip_unavailable': False, 'install_base': '/home/orangepi/marco_ws/install/marco_safety', 'merge_install': False, 'path': '/home/orangepi/marco_ws/src/marco_safety', 'symlink_install': True, 'test_result_base': None}
[0.916s] Level 5:colcon.colcon_core.verb:set package 'marco_simulation' build argument 'cmake_args' from command line to 'None'
[0.916s] Level 5:colcon.colcon_core.verb:set package 'marco_simulation' build argument 'cmake_target' from command line to 'None'
[0.916s] Level 5:colcon.colcon_core.verb:set package 'marco_simulation' build argument 'cmake_target_skip_unavailable' from command line to 'False'
[0.916s] Level 5:colcon.colcon_core.verb:set package 'marco_simulation' build argument 'cmake_clean_cache' from command line to 'False'
[0.916s] Level 5:colcon.colcon_core.verb:set package 'marco_simulation' build argument 'cmake_clean_first' from command line to 'False'
[0.916s] Level 5:colcon.colcon_core.verb:set package 'marco_simulation' build argument 'cmake_force_configure' from command line to 'False'
[0.916s] Level 5:colcon.colcon_core.verb:set package 'marco_simulation' build argument 'ament_cmake_args' from command line to 'None'
[0.916s] Level 5:colcon.colcon_core.verb:set package 'marco_simulation' build argument 'catkin_cmake_args' from command line to 'None'
[0.916s] Level 5:colcon.colcon_core.verb:set package 'marco_simulation' build argument 'catkin_skip_building_tests' from command line to 'False'
[0.916s] DEBUG:colcon.colcon_core.verb:Building package 'marco_simulation' with the following arguments: {'ament_cmake_args': None, 'build_base': '/home/orangepi/marco_ws/build/marco_simulation', 'catkin_cmake_args': None, 'catkin_skip_building_tests': False, 'cmake_args': None, 'cmake_clean_cache': False, 'cmake_clean_first': False, 'cmake_force_configure': False, 'cmake_target': None, 'cmake_target_skip_unavailable': False, 'install_base': '/home/orangepi/marco_ws/install/marco_simulation', 'merge_install': False, 'path': '/home/orangepi/marco_ws/src/marco_simulation', 'symlink_install': True, 'test_result_base': None}
[0.917s] INFO:colcon.colcon_core.executor:Executing jobs using 'parallel' executor
[0.919s] DEBUG:colcon.colcon_parallel_executor.executor.parallel:run_until_complete
[0.964s] INFO:colcon.colcon_ros.task.ament_python.build:Building ROS package in '/home/orangepi/marco_ws/src/marco_base' with build type 'ament_python'
[0.964s] Level 1:colcon.colcon_core.shell:create_environment_hook('marco_base', 'ament_prefix_path')
[0.971s] INFO:colcon.colcon_core.plugin_system:Skipping extension 'colcon_core.shell.bat': Not used on non-Windows systems
[0.972s] INFO:colcon.colcon_core.shell:Creating environment hook '/home/orangepi/marco_ws/install/marco_base/share/marco_base/hook/ament_prefix_path.ps1'
[0.974s] INFO:colcon.colcon_core.shell:Creating environment descriptor '/home/orangepi/marco_ws/install/marco_base/share/marco_base/hook/ament_prefix_path.dsv'
[0.975s] INFO:colcon.colcon_core.shell:Creating environment hook '/home/orangepi/marco_ws/install/marco_base/share/marco_base/hook/ament_prefix_path.sh'
[0.976s] INFO:colcon.colcon_core.shell:Skip shell extension 'powershell' for command environment: Not usable outside of PowerShell
[0.976s] DEBUG:colcon.colcon_core.shell:Skip shell extension 'dsv' for command environment
[0.988s] INFO:colcon.colcon_ros.task.ament_cmake.build:Building ROS package in '/home/orangepi/marco_ws/src/marco_bringup' with build type 'ament_cmake'
[0.988s] INFO:colcon.colcon_cmake.task.cmake.build:Building CMake package in '/home/orangepi/marco_ws/src/marco_bringup'
[0.989s] INFO:colcon.colcon_core.shell:Skip shell extension 'powershell' for command environment: Not usable outside of PowerShell
[0.989s] DEBUG:colcon.colcon_core.shell:Skip shell extension 'dsv' for command environment
[0.994s] INFO:colcon.colcon_ros.task.ament_cmake.build:Building ROS package in '/home/orangepi/marco_ws/src/marco_description' with build type 'ament_cmake'
[0.994s] INFO:colcon.colcon_cmake.task.cmake.build:Building CMake package in '/home/orangepi/marco_ws/src/marco_description'
[0.994s] INFO:colcon.colcon_core.shell:Skip shell extension 'powershell' for command environment: Not usable outside of PowerShell
[0.995s] DEBUG:colcon.colcon_core.shell:Skip shell extension 'dsv' for command environment
[1.000s] INFO:colcon.colcon_ros.task.ament_python.build:Building ROS package in '/home/orangepi/marco_ws/src/marco_docking' with build type 'ament_python'
[1.000s] Level 1:colcon.colcon_core.shell:create_environment_hook('marco_docking', 'ament_prefix_path')
[1.001s] INFO:colcon.colcon_core.shell:Creating environment hook '/home/orangepi/marco_ws/install/marco_docking/share/marco_docking/hook/ament_prefix_path.ps1'
[1.002s] INFO:colcon.colcon_core.shell:Creating environment descriptor '/home/orangepi/marco_ws/install/marco_docking/share/marco_docking/hook/ament_prefix_path.dsv'
[1.002s] INFO:colcon.colcon_core.shell:Creating environment hook '/home/orangepi/marco_ws/install/marco_docking/share/marco_docking/hook/ament_prefix_path.sh'
[1.003s] INFO:colcon.colcon_core.shell:Skip shell extension 'powershell' for command environment: Not usable outside of PowerShell
[1.003s] DEBUG:colcon.colcon_core.shell:Skip shell extension 'dsv' for command environment
[1.007s] INFO:colcon.colcon_ros.task.ament_cmake.build:Building ROS package in '/home/orangepi/marco_ws/src/marco_localization' with build type 'ament_cmake'
[1.007s] INFO:colcon.colcon_cmake.task.cmake.build:Building CMake package in '/home/orangepi/marco_ws/src/marco_localization'
[1.008s] INFO:colcon.colcon_core.shell:Skip shell extension 'powershell' for command environment: Not usable outside of PowerShell
[1.008s] DEBUG:colcon.colcon_core.shell:Skip shell extension 'dsv' for command environment
[1.012s] INFO:colcon.colcon_ros.task.ament_python.build:Building ROS package in '/home/orangepi/marco_ws/src/marco_mission' with build type 'ament_python'
[1.012s] Level 1:colcon.colcon_core.shell:create_environment_hook('marco_mission', 'ament_prefix_path')
[1.013s] INFO:colcon.colcon_core.shell:Creating environment hook '/home/orangepi/marco_ws/install/marco_mission/share/marco_mission/hook/ament_prefix_path.ps1'
[1.014s] INFO:colcon.colcon_core.shell:Creating environment descriptor '/home/orangepi/marco_ws/install/marco_mission/share/marco_mission/hook/ament_prefix_path.dsv'
[1.014s] INFO:colcon.colcon_core.shell:Creating environment hook '/home/orangepi/marco_ws/install/marco_mission/share/marco_mission/hook/ament_prefix_path.sh'
[1.015s] INFO:colcon.colcon_core.shell:Skip shell extension 'powershell' for command environment: Not usable outside of PowerShell
[1.015s] DEBUG:colcon.colcon_core.shell:Skip shell extension 'dsv' for command environment
[1.019s] INFO:colcon.colcon_ros.task.ament_cmake.build:Building ROS package in '/home/orangepi/marco_ws/src/marco_msgs' with build type 'ament_cmake'
[1.019s] INFO:colcon.colcon_cmake.task.cmake.build:Building CMake package in '/home/orangepi/marco_ws/src/marco_msgs'
[1.019s] INFO:colcon.colcon_core.shell:Skip shell extension 'powershell' for command environment: Not usable outside of PowerShell
[1.019s] DEBUG:colcon.colcon_core.shell:Skip shell extension 'dsv' for command environment
[1.023s] INFO:colcon.colcon_ros.task.ament_cmake.build:Building ROS package in '/home/orangepi/marco_ws/src/marco_navigation' with build type 'ament_cmake'
[1.024s] INFO:colcon.colcon_cmake.task.cmake.build:Building CMake package in '/home/orangepi/marco_ws/src/marco_navigation'
[1.024s] INFO:colcon.colcon_core.shell:Skip shell extension 'powershell' for command environment: Not usable outside of PowerShell
[1.024s] DEBUG:colcon.colcon_core.shell:Skip shell extension 'dsv' for command environment
[1.452s] INFO:colcon.colcon_core.task.python.build:Building Python package in '/home/orangepi/marco_ws/src/marco_base'
[1.453s] INFO:colcon.colcon_core.shell:Skip shell extension 'powershell' for command environment: Not usable outside of PowerShell
[1.453s] DEBUG:colcon.colcon_core.shell:Skip shell extension 'dsv' for command environment
[1.466s] DEBUG:colcon.colcon_core.event_handler.log_command:Invoking command in '/home/orangepi/marco_ws/build/marco_bringup': CMAKE_PREFIX_PATH=/opt/ros/humble /usr/bin/cmake /home/orangepi/marco_ws/src/marco_bringup -DAMENT_CMAKE_SYMLINK_INSTALL=1 -DCMAKE_INSTALL_PREFIX=/home/orangepi/marco_ws/install/marco_bringup
[1.469s] DEBUG:colcon.colcon_core.event_handler.log_command:Invoking command in '/home/orangepi/marco_ws/build/marco_description': CMAKE_PREFIX_PATH=/opt/ros/humble /usr/bin/cmake /home/orangepi/marco_ws/src/marco_description -DAMENT_CMAKE_SYMLINK_INSTALL=1 -DCMAKE_INSTALL_PREFIX=/home/orangepi/marco_ws/install/marco_description
[1.882s] INFO:colcon.colcon_core.task.python.build:Building Python package in '/home/orangepi/marco_ws/src/marco_docking'
[1.883s] INFO:colcon.colcon_core.shell:Skip shell extension 'powershell' for command environment: Not usable outside of PowerShell
[1.883s] DEBUG:colcon.colcon_core.shell:Skip shell extension 'dsv' for command environment
[1.904s] DEBUG:colcon.colcon_core.event_handler.log_command:Invoking command in '/home/orangepi/marco_ws/build/marco_localization': CMAKE_PREFIX_PATH=/opt/ros/humble /usr/bin/cmake /home/orangepi/marco_ws/src/marco_localization -DAMENT_CMAKE_SYMLINK_INSTALL=1 -DCMAKE_INSTALL_PREFIX=/home/orangepi/marco_ws/install/marco_localization
[2.332s] INFO:colcon.colcon_core.task.python.build:Building Python package in '/home/orangepi/marco_ws/src/marco_mission'
[2.333s] INFO:colcon.colcon_core.shell:Skip shell extension 'powershell' for command environment: Not usable outside of PowerShell
[2.333s] DEBUG:colcon.colcon_core.shell:Skip shell extension 'dsv' for command environment
[2.342s] DEBUG:colcon.colcon_core.event_handler.log_command:Invoking command in '/home/orangepi/marco_ws/build/marco_msgs': CMAKE_PREFIX_PATH=/opt/ros/humble /usr/bin/cmake /home/orangepi/marco_ws/src/marco_msgs -DAMENT_CMAKE_SYMLINK_INSTALL=1 -DCMAKE_INSTALL_PREFIX=/home/orangepi/marco_ws/install/marco_msgs
[2.353s] DEBUG:colcon.colcon_core.event_handler.log_command:Invoking command in '/home/orangepi/marco_ws/build/marco_navigation': CMAKE_PREFIX_PATH=/opt/ros/humble /usr/bin/cmake /home/orangepi/marco_ws/src/marco_navigation -DAMENT_CMAKE_SYMLINK_INSTALL=1 -DCMAKE_INSTALL_PREFIX=/home/orangepi/marco_ws/install/marco_navigation
[3.130s] DEBUG:colcon.colcon_core.task.python.build:Available setuptools commands: bdist, saveopts, bdist_rpm, alias, test, install_data, egg_info, bdist_wheel, install, install_egg_info, install_headers, clean, bdist_egg, develop, bdist_dumb, sdist, install_lib, check, symlink_data, rotate, build, build_clib, easy_install, build_py, build_scripts, setopt, upload_docs, install_scripts, upload, dist_info, build_ext, register
[3.146s] DEBUG:colcon.colcon_core.task.python.build:Available setuptools commands: bdist, saveopts, bdist_rpm, alias, test, install_data, egg_info, bdist_wheel, install, install_egg_info, install_headers, clean, bdist_egg, develop, bdist_dumb, sdist, install_lib, check, symlink_data, rotate, build, build_clib, easy_install, build_py, build_scripts, setopt, upload_docs, install_scripts, upload, dist_info, build_ext, register
[3.167s] DEBUG:colcon.colcon_core.task.python.build:Available setuptools commands: bdist, saveopts, bdist_rpm, alias, test, install_data, egg_info, bdist_wheel, install, install_egg_info, install_headers, clean, bdist_egg, develop, bdist_dumb, sdist, install_lib, check, symlink_data, rotate, build, build_clib, easy_install, build_py, build_scripts, setopt, upload_docs, install_scripts, upload, dist_info, build_ext, register
[3.598s] DEBUG:colcon.colcon_core.task.python.build:Available setuptools 'develop' options: --no-deps, --prefix, --allow-hosts, --always-unzip, --install-layout, --record, --verbose, --local-snapshots-ok, --force-installation-into-system-dir, --no-user-cfg, --dry-run, --site-dirs, --build-directory, --install-dir, --zip-ok, --editable, --exclude-scripts, --index-url, --help, --multi-version, --always-copy, --uninstall, --script-dir, --optimize, --no-find-links, --user, --find-links, --upgrade, --quiet, --version, --egg-path
[3.611s] DEBUG:colcon.colcon_core.event_handler.log_command:Invoking command in '/home/orangepi/marco_ws/build/marco_docking': PYTHONPATH=/home/orangepi/marco_ws/build/marco_docking/prefix_override:/usr/lib/python3/dist-packages/colcon_core/task/python/colcon_distutils_commands:/home/orangepi/marco_ws/install/marco_docking/lib/python3.10/site-packages:${PYTHONPATH} /usr/bin/python3 -W ignore:setup.py install is deprecated -W ignore:easy_install command is deprecated setup.py develop --editable --build-directory /home/orangepi/marco_ws/build/marco_docking/build --no-deps symlink_data
[3.633s] DEBUG:colcon.colcon_core.task.python.build:Available setuptools 'develop' options: --no-deps, --prefix, --allow-hosts, --always-unzip, --install-layout, --record, --verbose, --local-snapshots-ok, --force-installation-into-system-dir, --no-user-cfg, --dry-run, --site-dirs, --build-directory, --install-dir, --zip-ok, --editable, --exclude-scripts, --index-url, --help, --multi-version, --always-copy, --uninstall, --script-dir, --optimize, --no-find-links, --user, --find-links, --upgrade, --quiet, --version, --egg-path
[3.636s] DEBUG:colcon.colcon_core.event_handler.log_command:Invoking command in '/home/orangepi/marco_ws/build/marco_mission': PYTHONPATH=/home/orangepi/marco_ws/build/marco_mission/prefix_override:/usr/lib/python3/dist-packages/colcon_core/task/python/colcon_distutils_commands:/home/orangepi/marco_ws/install/marco_mission/lib/python3.10/site-packages:${PYTHONPATH} /usr/bin/python3 -W ignore:setup.py install is deprecated -W ignore:easy_install command is deprecated setup.py develop --editable --build-directory /home/orangepi/marco_ws/build/marco_mission/build --no-deps symlink_data
[3.717s] DEBUG:colcon.colcon_core.task.python.build:Available setuptools 'develop' options: --no-deps, --prefix, --allow-hosts, --always-unzip, --install-layout, --record, --verbose, --local-snapshots-ok, --force-installation-into-system-dir, --no-user-cfg, --dry-run, --site-dirs, --build-directory, --install-dir, --zip-ok, --editable, --exclude-scripts, --index-url, --help, --multi-version, --always-copy, --uninstall, --script-dir, --optimize, --no-find-links, --user, --find-links, --upgrade, --quiet, --version, --egg-path
[3.720s] DEBUG:colcon.colcon_core.event_handler.log_command:Invoking command in '/home/orangepi/marco_ws/build/marco_base': PYTHONPATH=/home/orangepi/marco_ws/build/marco_base/prefix_override:/usr/lib/python3/dist-packages/colcon_core/task/python/colcon_distutils_commands:/home/orangepi/marco_ws/install/marco_base/lib/python3.10/site-packages:${PYTHONPATH} /usr/bin/python3 -W ignore:setup.py install is deprecated -W ignore:easy_install command is deprecated setup.py develop --editable --build-directory /home/orangepi/marco_ws/build/marco_base/build --no-deps symlink_data
[4.253s] DEBUG:colcon.colcon_core.event_handler.log_command:Invoked command in '/home/orangepi/marco_ws/build/marco_localization' returned '0': CMAKE_PREFIX_PATH=/opt/ros/humble /usr/bin/cmake /home/orangepi/marco_ws/src/marco_localization -DAMENT_CMAKE_SYMLINK_INSTALL=1 -DCMAKE_INSTALL_PREFIX=/home/orangepi/marco_ws/install/marco_localization
[4.256s] DEBUG:colcon.colcon_core.event_handler.log_command:Invoking command in '/home/orangepi/marco_ws/build/marco_localization': CMAKE_PREFIX_PATH=/opt/ros/humble /usr/bin/cmake --build /home/orangepi/marco_ws/build/marco_localization -- -j8 -l8
[4.280s] DEBUG:colcon.colcon_core.event_handler.log_command:Invoked command in '/home/orangepi/marco_ws/build/marco_bringup' returned '0': CMAKE_PREFIX_PATH=/opt/ros/humble /usr/bin/cmake /home/orangepi/marco_ws/src/marco_bringup -DAMENT_CMAKE_SYMLINK_INSTALL=1 -DCMAKE_INSTALL_PREFIX=/home/orangepi/marco_ws/install/marco_bringup
[4.282s] DEBUG:colcon.colcon_core.event_handler.log_command:Invoking command in '/home/orangepi/marco_ws/build/marco_bringup': CMAKE_PREFIX_PATH=/opt/ros/humble /usr/bin/cmake --build /home/orangepi/marco_ws/build/marco_bringup -- -j8 -l8
[4.303s] DEBUG:colcon.colcon_core.event_handler.log_command:Invoked command in '/home/orangepi/marco_ws/build/marco_description' returned '0': CMAKE_PREFIX_PATH=/opt/ros/humble /usr/bin/cmake /home/orangepi/marco_ws/src/marco_description -DAMENT_CMAKE_SYMLINK_INSTALL=1 -DCMAKE_INSTALL_PREFIX=/home/orangepi/marco_ws/install/marco_description
[4.306s] DEBUG:colcon.colcon_core.event_handler.log_command:Invoking command in '/home/orangepi/marco_ws/build/marco_description': CMAKE_PREFIX_PATH=/opt/ros/humble /usr/bin/cmake --build /home/orangepi/marco_ws/build/marco_description -- -j8 -l8
[4.312s] Level 1:colcon.colcon_core.shell:create_environment_hook('marco_mission', 'pythonpath_develop')
[4.314s] INFO:colcon.colcon_core.shell:Creating environment hook '/home/orangepi/marco_ws/build/marco_mission/share/marco_mission/hook/pythonpath_develop.ps1'
[4.321s] INFO:colcon.colcon_core.shell:Creating environment descriptor '/home/orangepi/marco_ws/build/marco_mission/share/marco_mission/hook/pythonpath_develop.dsv'
[4.328s] INFO:colcon.colcon_core.shell:Creating environment hook '/home/orangepi/marco_ws/build/marco_mission/share/marco_mission/hook/pythonpath_develop.sh'
[4.337s] DEBUG:colcon.colcon_core.event_handler.log_command:Invoked command in '/home/orangepi/marco_ws/build/marco_mission' returned '0': PYTHONPATH=/home/orangepi/marco_ws/build/marco_mission/prefix_override:/usr/lib/python3/dist-packages/colcon_core/task/python/colcon_distutils_commands:/home/orangepi/marco_ws/install/marco_mission/lib/python3.10/site-packages:${PYTHONPATH} /usr/bin/python3 -W ignore:setup.py install is deprecated -W ignore:easy_install command is deprecated setup.py develop --editable --build-directory /home/orangepi/marco_ws/build/marco_mission/build --no-deps symlink_data
[4.365s] Level 1:colcon.colcon_core.environment:checking '/home/orangepi/marco_ws/install/marco_mission' for CMake module files
[4.367s] Level 1:colcon.colcon_core.environment:checking '/home/orangepi/marco_ws/install/marco_mission' for CMake config files
[4.370s] Level 1:colcon.colcon_core.environment:checking '/home/orangepi/marco_ws/install/marco_mission/lib'
[4.372s] Level 1:colcon.colcon_core.environment:checking '/home/orangepi/marco_ws/install/marco_mission/bin'
[4.373s] Level 1:colcon.colcon_core.environment:checking '/home/orangepi/marco_ws/install/marco_mission/lib/pkgconfig/marco_mission.pc'
[4.374s] Level 1:colcon.colcon_core.environment:checking '/home/orangepi/marco_ws/install/marco_mission/lib/python3.10/site-packages'
[4.375s] Level 1:colcon.colcon_core.shell:create_environment_hook('marco_mission', 'pythonpath')
[4.377s] INFO:colcon.colcon_core.shell:Creating environment hook '/home/orangepi/marco_ws/install/marco_mission/share/marco_mission/hook/pythonpath.ps1'
[4.379s] INFO:colcon.colcon_core.shell:Creating environment descriptor '/home/orangepi/marco_ws/install/marco_mission/share/marco_mission/hook/pythonpath.dsv'
[4.381s] INFO:colcon.colcon_core.shell:Creating environment hook '/home/orangepi/marco_ws/install/marco_mission/share/marco_mission/hook/pythonpath.sh'
[4.385s] Level 1:colcon.colcon_core.environment:checking '/home/orangepi/marco_ws/install/marco_mission/bin'
[4.385s] Level 1:colcon.colcon_core.environment:create_environment_scripts_only(marco_mission)
[4.387s] INFO:colcon.colcon_core.shell:Creating package script '/home/orangepi/marco_ws/install/marco_mission/share/marco_mission/package.ps1'
[4.390s] INFO:colcon.colcon_core.shell:Creating package descriptor '/home/orangepi/marco_ws/install/marco_mission/share/marco_mission/package.dsv'
[4.393s] INFO:colcon.colcon_core.shell:Creating package script '/home/orangepi/marco_ws/install/marco_mission/share/marco_mission/package.sh'
[4.395s] INFO:colcon.colcon_core.shell:Creating package script '/home/orangepi/marco_ws/install/marco_mission/share/marco_mission/package.bash'
[4.397s] INFO:colcon.colcon_core.shell:Creating package script '/home/orangepi/marco_ws/install/marco_mission/share/marco_mission/package.zsh'
[4.400s] Level 1:colcon.colcon_core.environment:create_file_with_runtime_dependencies(/home/orangepi/marco_ws/install/marco_mission/share/colcon-core/packages/marco_mission)
[4.403s] INFO:colcon.colcon_ros.task.ament_python.build:Building ROS package in '/home/orangepi/marco_ws/src/marco_perception' with build type 'ament_python'
[4.404s] Level 1:colcon.colcon_core.shell:create_environment_hook('marco_perception', 'ament_prefix_path')
[4.404s] INFO:colcon.colcon_core.shell:Creating environment hook '/home/orangepi/marco_ws/install/marco_perception/share/marco_perception/hook/ament_prefix_path.ps1'
[4.406s] INFO:colcon.colcon_core.shell:Creating environment descriptor '/home/orangepi/marco_ws/install/marco_perception/share/marco_perception/hook/ament_prefix_path.dsv'
[4.406s] INFO:colcon.colcon_core.shell:Creating environment hook '/home/orangepi/marco_ws/install/marco_perception/share/marco_perception/hook/ament_prefix_path.sh'
[4.407s] INFO:colcon.colcon_core.shell:Skip shell extension 'powershell' for command environment: Not usable outside of PowerShell
[4.407s] DEBUG:colcon.colcon_core.shell:Skip shell extension 'dsv' for command environment
[4.413s] Level 1:colcon.colcon_core.shell:create_environment_hook('marco_base', 'pythonpath_develop')
[4.413s] INFO:colcon.colcon_core.shell:Creating environment hook '/home/orangepi/marco_ws/build/marco_base/share/marco_base/hook/pythonpath_develop.ps1'
[4.415s] INFO:colcon.colcon_core.shell:Creating environment descriptor '/home/orangepi/marco_ws/build/marco_base/share/marco_base/hook/pythonpath_develop.dsv'
[4.416s] DEBUG:colcon.colcon_core.event_handler.log_command:Invoked command in '/home/orangepi/marco_ws/build/marco_base' returned '0': PYTHONPATH=/home/orangepi/marco_ws/build/marco_base/prefix_override:/usr/lib/python3/dist-packages/colcon_core/task/python/colcon_distutils_commands:/home/orangepi/marco_ws/install/marco_base/lib/python3.10/site-packages:${PYTHONPATH} /usr/bin/python3 -W ignore:setup.py install is deprecated -W ignore:easy_install command is deprecated setup.py develop --editable --build-directory /home/orangepi/marco_ws/build/marco_base/build --no-deps symlink_data
[4.416s] INFO:colcon.colcon_core.shell:Creating environment hook '/home/orangepi/marco_ws/build/marco_base/share/marco_base/hook/pythonpath_develop.sh'
[4.417s] Level 1:colcon.colcon_core.environment:checking '/home/orangepi/marco_ws/install/marco_base' for CMake module files
[4.418s] Level 1:colcon.colcon_core.environment:checking '/home/orangepi/marco_ws/install/marco_base' for CMake config files
[4.418s] Level 1:colcon.colcon_core.environment:checking '/home/orangepi/marco_ws/install/marco_base/lib'
[4.418s] Level 1:colcon.colcon_core.environment:checking '/home/orangepi/marco_ws/install/marco_base/bin'
[4.418s] Level 1:colcon.colcon_core.environment:checking '/home/orangepi/marco_ws/install/marco_base/lib/pkgconfig/marco_base.pc'
[4.419s] Level 1:colcon.colcon_core.environment:checking '/home/orangepi/marco_ws/install/marco_base/lib/python3.10/site-packages'
[4.419s] Level 1:colcon.colcon_core.shell:create_environment_hook('marco_base', 'pythonpath')
[4.419s] INFO:colcon.colcon_core.shell:Creating environment hook '/home/orangepi/marco_ws/install/marco_base/share/marco_base/hook/pythonpath.ps1'
[4.420s] INFO:colcon.colcon_core.shell:Creating environment descriptor '/home/orangepi/marco_ws/install/marco_base/share/marco_base/hook/pythonpath.dsv'
[4.420s] INFO:colcon.colcon_core.shell:Creating environment hook '/home/orangepi/marco_ws/install/marco_base/share/marco_base/hook/pythonpath.sh'
[4.421s] Level 1:colcon.colcon_core.environment:checking '/home/orangepi/marco_ws/install/marco_base/bin'
[4.421s] Level 1:colcon.colcon_core.environment:create_environment_scripts_only(marco_base)
[4.422s] INFO:colcon.colcon_core.shell:Creating package script '/home/orangepi/marco_ws/install/marco_base/share/marco_base/package.ps1'
[4.423s] INFO:colcon.colcon_core.shell:Creating package descriptor '/home/orangepi/marco_ws/install/marco_base/share/marco_base/package.dsv'
[4.424s] INFO:colcon.colcon_core.shell:Creating package script '/home/orangepi/marco_ws/install/marco_base/share/marco_base/package.sh'
[4.424s] INFO:colcon.colcon_core.shell:Creating package script '/home/orangepi/marco_ws/install/marco_base/share/marco_base/package.bash'
[4.425s] INFO:colcon.colcon_core.shell:Creating package script '/home/orangepi/marco_ws/install/marco_base/share/marco_base/package.zsh'
[4.425s] Level 1:colcon.colcon_core.environment:create_file_with_runtime_dependencies(/home/orangepi/marco_ws/install/marco_base/share/colcon-core/packages/marco_base)
[4.427s] DEBUG:colcon.colcon_core.event_handler.log_command:Invoked command in '/home/orangepi/marco_ws/build/marco_localization' returned '0': CMAKE_PREFIX_PATH=/opt/ros/humble /usr/bin/cmake --build /home/orangepi/marco_ws/build/marco_localization -- -j8 -l8
[4.460s] Level 1:colcon.colcon_core.shell:create_environment_hook('marco_docking', 'pythonpath_develop')
[4.461s] INFO:colcon.colcon_core.shell:Creating environment hook '/home/orangepi/marco_ws/build/marco_docking/share/marco_docking/hook/pythonpath_develop.ps1'
[4.462s] DEBUG:colcon.colcon_core.event_handler.log_command:Invoking command in '/home/orangepi/marco_ws/build/marco_localization': CMAKE_PREFIX_PATH=/opt/ros/humble /usr/bin/cmake --install /home/orangepi/marco_ws/build/marco_localization
[4.464s] DEBUG:colcon.colcon_core.event_handler.log_command:Invoked command in '/home/orangepi/marco_ws/build/marco_docking' returned '0': PYTHONPATH=/home/orangepi/marco_ws/build/marco_docking/prefix_override:/usr/lib/python3/dist-packages/colcon_core/task/python/colcon_distutils_commands:/home/orangepi/marco_ws/install/marco_docking/lib/python3.10/site-packages:${PYTHONPATH} /usr/bin/python3 -W ignore:setup.py install is deprecated -W ignore:easy_install command is deprecated setup.py develop --editable --build-directory /home/orangepi/marco_ws/build/marco_docking/build --no-deps symlink_data
[4.464s] INFO:colcon.colcon_core.shell:Creating environment descriptor '/home/orangepi/marco_ws/build/marco_docking/share/marco_docking/hook/pythonpath_develop.dsv'
[4.465s] INFO:colcon.colcon_core.shell:Creating environment hook '/home/orangepi/marco_ws/build/marco_docking/share/marco_docking/hook/pythonpath_develop.sh'
[4.466s] Level 1:colcon.colcon_core.environment:checking '/home/orangepi/marco_ws/install/marco_docking' for CMake module files
[4.467s] Level 1:colcon.colcon_core.environment:checking '/home/orangepi/marco_ws/install/marco_docking' for CMake config files
[4.468s] Level 1:colcon.colcon_core.environment:checking '/home/orangepi/marco_ws/install/marco_docking/lib'
[4.468s] Level 1:colcon.colcon_core.environment:checking '/home/orangepi/marco_ws/install/marco_docking/bin'
[4.468s] Level 1:colcon.colcon_core.environment:checking '/home/orangepi/marco_ws/install/marco_docking/lib/pkgconfig/marco_docking.pc'
[4.469s] Level 1:colcon.colcon_core.environment:checking '/home/orangepi/marco_ws/install/marco_docking/lib/python3.10/site-packages'
[4.469s] Level 1:colcon.colcon_core.shell:create_environment_hook('marco_docking', 'pythonpath')
[4.470s] INFO:colcon.colcon_core.shell:Creating environment hook '/home/orangepi/marco_ws/install/marco_docking/share/marco_docking/hook/pythonpath.ps1'
[4.470s] INFO:colcon.colcon_core.shell:Creating environment descriptor '/home/orangepi/marco_ws/install/marco_docking/share/marco_docking/hook/pythonpath.dsv'
[4.471s] INFO:colcon.colcon_core.shell:Creating environment hook '/home/orangepi/marco_ws/install/marco_docking/share/marco_docking/hook/pythonpath.sh'
[4.472s] Level 1:colcon.colcon_core.environment:checking '/home/orangepi/marco_ws/install/marco_docking/bin'
[4.472s] Level 1:colcon.colcon_core.environment:create_environment_scripts_only(marco_docking)
[4.473s] INFO:colcon.colcon_core.shell:Creating package script '/home/orangepi/marco_ws/install/marco_docking/share/marco_docking/package.ps1'
[4.474s] INFO:colcon.colcon_core.shell:Creating package descriptor '/home/orangepi/marco_ws/install/marco_docking/share/marco_docking/package.dsv'
[4.475s] INFO:colcon.colcon_core.shell:Creating package script '/home/orangepi/marco_ws/install/marco_docking/share/marco_docking/package.sh'
[4.475s] INFO:colcon.colcon_core.shell:Creating package script '/home/orangepi/marco_ws/install/marco_docking/share/marco_docking/package.bash'
[4.476s] INFO:colcon.colcon_core.shell:Creating package script '/home/orangepi/marco_ws/install/marco_docking/share/marco_docking/package.zsh'
[4.476s] Level 1:colcon.colcon_core.environment:create_file_with_runtime_dependencies(/home/orangepi/marco_ws/install/marco_docking/share/colcon-core/packages/marco_docking)
[4.479s] DEBUG:colcon.colcon_core.event_handler.log_command:Invoked command in '/home/orangepi/marco_ws/build/marco_description' returned '0': CMAKE_PREFIX_PATH=/opt/ros/humble /usr/bin/cmake --build /home/orangepi/marco_ws/build/marco_description -- -j8 -l8
[4.480s] DEBUG:colcon.colcon_core.event_handler.log_command:Invoking command in '/home/orangepi/marco_ws/build/marco_description': CMAKE_PREFIX_PATH=/opt/ros/humble /usr/bin/cmake --install /home/orangepi/marco_ws/build/marco_description
[4.481s] DEBUG:colcon.colcon_core.event_handler.log_command:Invoked command in '/home/orangepi/marco_ws/build/marco_bringup' returned '0': CMAKE_PREFIX_PATH=/opt/ros/humble /usr/bin/cmake --build /home/orangepi/marco_ws/build/marco_bringup -- -j8 -l8
[4.485s] DEBUG:colcon.colcon_core.event_handler.log_command:Invoking command in '/home/orangepi/marco_ws/build/marco_bringup': CMAKE_PREFIX_PATH=/opt/ros/humble /usr/bin/cmake --install /home/orangepi/marco_ws/build/marco_bringup
[4.486s] DEBUG:colcon.colcon_core.event_handler.log_command:Invoked command in '/home/orangepi/marco_ws/build/marco_navigation' returned '0': CMAKE_PREFIX_PATH=/opt/ros/humble /usr/bin/cmake /home/orangepi/marco_ws/src/marco_navigation -DAMENT_CMAKE_SYMLINK_INSTALL=1 -DCMAKE_INSTALL_PREFIX=/home/orangepi/marco_ws/install/marco_navigation
[4.489s] DEBUG:colcon.colcon_core.event_handler.log_command:Invoking command in '/home/orangepi/marco_ws/build/marco_navigation': CMAKE_PREFIX_PATH=/opt/ros/humble /usr/bin/cmake --build /home/orangepi/marco_ws/build/marco_navigation -- -j8 -l8
[4.490s] INFO:colcon.colcon_ros.task.ament_cmake.build:Building ROS package in '/home/orangepi/marco_ws/src/marco_safety' with build type 'ament_cmake'
[4.490s] INFO:colcon.colcon_cmake.task.cmake.build:Building CMake package in '/home/orangepi/marco_ws/src/marco_safety'
[4.491s] INFO:colcon.colcon_core.shell:Skip shell extension 'powershell' for command environment: Not usable outside of PowerShell
[4.491s] DEBUG:colcon.colcon_core.shell:Skip shell extension 'dsv' for command environment
[4.499s] INFO:colcon.colcon_ros.task.ament_cmake.build:Building ROS package in '/home/orangepi/marco_ws/src/marco_simulation' with build type 'ament_cmake'
[4.500s] INFO:colcon.colcon_cmake.task.cmake.build:Building CMake package in '/home/orangepi/marco_ws/src/marco_simulation'
[4.501s] INFO:colcon.colcon_core.shell:Skip shell extension 'powershell' for command environment: Not usable outside of PowerShell
[4.501s] DEBUG:colcon.colcon_core.shell:Skip shell extension 'dsv' for command environment
[4.955s] INFO:colcon.colcon_core.task.python.build:Building Python package in '/home/orangepi/marco_ws/src/marco_perception'
[4.955s] INFO:colcon.colcon_core.shell:Skip shell extension 'powershell' for command environment: Not usable outside of PowerShell
[4.955s] DEBUG:colcon.colcon_core.shell:Skip shell extension 'dsv' for command environment
[4.978s] Level 1:colcon.colcon_core.environment:create_environment_scripts_only(marco_bringup)
[4.979s] Level 1:colcon.colcon_core.environment:checking '/home/orangepi/marco_ws/install/marco_bringup' for CMake module files
[4.983s] Level 1:colcon.colcon_core.environment:checking '/home/orangepi/marco_ws/install/marco_bringup' for CMake config files
[4.983s] Level 1:colcon.colcon_core.shell:create_environment_hook('marco_bringup', 'cmake_prefix_path')
[4.984s] INFO:colcon.colcon_core.shell:Creating environment hook '/home/orangepi/marco_ws/install/marco_bringup/share/marco_bringup/hook/cmake_prefix_path.ps1'
[4.985s] INFO:colcon.colcon_core.shell:Creating environment descriptor '/home/orangepi/marco_ws/install/marco_bringup/share/marco_bringup/hook/cmake_prefix_path.dsv'
[4.986s] INFO:colcon.colcon_core.shell:Creating environment hook '/home/orangepi/marco_ws/install/marco_bringup/share/marco_bringup/hook/cmake_prefix_path.sh'
[4.988s] Level 1:colcon.colcon_core.environment:checking '/home/orangepi/marco_ws/install/marco_bringup/bin'
[4.989s] Level 1:colcon.colcon_core.environment:checking '/home/orangepi/marco_ws/install/marco_bringup/lib/pkgconfig/marco_bringup.pc'
[4.989s] Level 1:colcon.colcon_core.environment:checking '/home/orangepi/marco_ws/install/marco_bringup/lib/python3.10/site-packages'
[4.990s] Level 1:colcon.colcon_core.environment:checking '/home/orangepi/marco_ws/install/marco_bringup/bin'
[4.990s] INFO:colcon.colcon_core.shell:Creating package script '/home/orangepi/marco_ws/install/marco_bringup/share/marco_bringup/package.ps1'
[4.992s] INFO:colcon.colcon_core.shell:Creating package descriptor '/home/orangepi/marco_ws/install/marco_bringup/share/marco_bringup/package.dsv'
[4.993s] INFO:colcon.colcon_core.shell:Creating package script '/home/orangepi/marco_ws/install/marco_bringup/share/marco_bringup/package.sh'
[4.995s] INFO:colcon.colcon_core.shell:Creating package script '/home/orangepi/marco_ws/install/marco_bringup/share/marco_bringup/package.bash'
[4.996s] INFO:colcon.colcon_core.shell:Creating package script '/home/orangepi/marco_ws/install/marco_bringup/share/marco_bringup/package.zsh'
[4.997s] Level 1:colcon.colcon_core.environment:create_file_with_runtime_dependencies(/home/orangepi/marco_ws/install/marco_bringup/share/colcon-core/packages/marco_bringup)
[4.998s] DEBUG:colcon.colcon_core.event_handler.log_command:Invoking command in '/home/orangepi/marco_ws/build/marco_safety': CMAKE_PREFIX_PATH=/opt/ros/humble /usr/bin/cmake /home/orangepi/marco_ws/src/marco_safety -DAMENT_CMAKE_SYMLINK_INSTALL=1 -DCMAKE_INSTALL_PREFIX=/home/orangepi/marco_ws/install/marco_safety
[5.000s] Level 1:colcon.colcon_core.environment:create_environment_scripts_only(marco_bringup)
[5.001s] Level 1:colcon.colcon_core.environment:checking '/home/orangepi/marco_ws/install/marco_bringup' for CMake module files
[5.002s] Level 1:colcon.colcon_core.environment:checking '/home/orangepi/marco_ws/install/marco_bringup' for CMake config files
[5.003s] DEBUG:colcon.colcon_core.event_handler.log_command:Invoking command in '/home/orangepi/marco_ws/build/marco_simulation': CMAKE_PREFIX_PATH=/opt/ros/humble /usr/bin/cmake /home/orangepi/marco_ws/src/marco_simulation -DAMENT_CMAKE_SYMLINK_INSTALL=1 -DCMAKE_INSTALL_PREFIX=/home/orangepi/marco_ws/install/marco_simulation
[5.005s] DEBUG:colcon.colcon_core.event_handler.log_command:Invoked command in '/home/orangepi/marco_ws/build/marco_navigation' returned '0': CMAKE_PREFIX_PATH=/opt/ros/humble /usr/bin/cmake --build /home/orangepi/marco_ws/build/marco_navigation -- -j8 -l8
[5.005s] Level 1:colcon.colcon_core.shell:create_environment_hook('marco_bringup', 'cmake_prefix_path')
[5.007s] INFO:colcon.colcon_core.shell:Creating environment hook '/home/orangepi/marco_ws/install/marco_bringup/share/marco_bringup/hook/cmake_prefix_path.ps1'
[5.008s] DEBUG:colcon.colcon_core.event_handler.log_command:Invoking command in '/home/orangepi/marco_ws/build/marco_navigation': CMAKE_PREFIX_PATH=/opt/ros/humble /usr/bin/cmake --install /home/orangepi/marco_ws/build/marco_navigation
[5.010s] DEBUG:colcon.colcon_core.event_handler.log_command:Invoked command in '/home/orangepi/marco_ws/build/marco_bringup' returned '0': CMAKE_PREFIX_PATH=/opt/ros/humble /usr/bin/cmake --install /home/orangepi/marco_ws/build/marco_bringup
[5.010s] INFO:colcon.colcon_core.shell:Creating environment descriptor '/home/orangepi/marco_ws/install/marco_bringup/share/marco_bringup/hook/cmake_prefix_path.dsv'
[5.012s] INFO:colcon.colcon_core.shell:Creating environment hook '/home/orangepi/marco_ws/install/marco_bringup/share/marco_bringup/hook/cmake_prefix_path.sh'
[5.014s] Level 1:colcon.colcon_core.environment:checking '/home/orangepi/marco_ws/install/marco_bringup/bin'
[5.014s] Level 1:colcon.colcon_core.environment:checking '/home/orangepi/marco_ws/install/marco_bringup/lib/pkgconfig/marco_bringup.pc'
[5.016s] Level 1:colcon.colcon_core.environment:checking '/home/orangepi/marco_ws/install/marco_bringup/lib/python3.10/site-packages'
[5.018s] Level 1:colcon.colcon_core.environment:checking '/home/orangepi/marco_ws/install/marco_bringup/bin'
[5.019s] INFO:colcon.colcon_core.shell:Creating package script '/home/orangepi/marco_ws/install/marco_bringup/share/marco_bringup/package.ps1'
[5.023s] INFO:colcon.colcon_core.shell:Creating package descriptor '/home/orangepi/marco_ws/install/marco_bringup/share/marco_bringup/package.dsv'
[5.025s] INFO:colcon.colcon_core.shell:Creating package script '/home/orangepi/marco_ws/install/marco_bringup/share/marco_bringup/package.sh'
[5.029s] INFO:colcon.colcon_core.shell:Creating package script '/home/orangepi/marco_ws/install/marco_bringup/share/marco_bringup/package.bash'
[5.031s] INFO:colcon.colcon_core.shell:Creating package script '/home/orangepi/marco_ws/install/marco_bringup/share/marco_bringup/package.zsh'
[5.032s] Level 1:colcon.colcon_core.environment:create_file_with_runtime_dependencies(/home/orangepi/marco_ws/install/marco_bringup/share/colcon-core/packages/marco_bringup)
[5.033s] Level 1:colcon.colcon_core.environment:create_environment_scripts_only(marco_description)
[5.034s] Level 1:colcon.colcon_core.environment:checking '/home/orangepi/marco_ws/install/marco_description' for CMake module files
[5.037s] Level 1:colcon.colcon_core.environment:checking '/home/orangepi/marco_ws/install/marco_description' for CMake config files
[5.037s] DEBUG:colcon.colcon_core.event_handler.log_command:Invoked command in '/home/orangepi/marco_ws/build/marco_description' returned '0': CMAKE_PREFIX_PATH=/opt/ros/humble /usr/bin/cmake --install /home/orangepi/marco_ws/build/marco_description
[5.038s] Level 1:colcon.colcon_core.shell:create_environment_hook('marco_description', 'cmake_prefix_path')
[5.039s] INFO:colcon.colcon_core.shell:Creating environment hook '/home/orangepi/marco_ws/install/marco_description/share/marco_description/hook/cmake_prefix_path.ps1'
[5.040s] INFO:colcon.colcon_core.shell:Creating environment descriptor '/home/orangepi/marco_ws/install/marco_description/share/marco_description/hook/cmake_prefix_path.dsv'
[5.041s] INFO:colcon.colcon_core.shell:Creating environment hook '/home/orangepi/marco_ws/install/marco_description/share/marco_description/hook/cmake_prefix_path.sh'
[5.042s] Level 1:colcon.colcon_core.environment:checking '/home/orangepi/marco_ws/install/marco_description/bin'
[5.043s] Level 1:colcon.colcon_core.environment:checking '/home/orangepi/marco_ws/install/marco_description/lib/pkgconfig/marco_description.pc'
[5.043s] Level 1:colcon.colcon_core.environment:checking '/home/orangepi/marco_ws/install/marco_description/lib/python3.10/site-packages'
[5.044s] Level 1:colcon.colcon_core.environment:checking '/home/orangepi/marco_ws/install/marco_description/bin'
[5.044s] INFO:colcon.colcon_core.shell:Creating package script '/home/orangepi/marco_ws/install/marco_description/share/marco_description/package.ps1'
[5.046s] INFO:colcon.colcon_core.shell:Creating package descriptor '/home/orangepi/marco_ws/install/marco_description/share/marco_description/package.dsv'
[5.047s] INFO:colcon.colcon_core.shell:Creating package script '/home/orangepi/marco_ws/install/marco_description/share/marco_description/package.sh'
[5.047s] INFO:colcon.colcon_core.shell:Creating package script '/home/orangepi/marco_ws/install/marco_description/share/marco_description/package.bash'
[5.048s] INFO:colcon.colcon_core.shell:Creating package script '/home/orangepi/marco_ws/install/marco_description/share/marco_description/package.zsh'
[5.048s] Level 1:colcon.colcon_core.environment:create_file_with_runtime_dependencies(/home/orangepi/marco_ws/install/marco_description/share/colcon-core/packages/marco_description)
[5.049s] Level 1:colcon.colcon_core.environment:create_environment_scripts_only(marco_description)
[5.050s] Level 1:colcon.colcon_core.environment:checking '/home/orangepi/marco_ws/install/marco_description' for CMake module files
[5.050s] Level 1:colcon.colcon_core.environment:checking '/home/orangepi/marco_ws/install/marco_description' for CMake config files
[5.051s] Level 1:colcon.colcon_core.shell:create_environment_hook('marco_description', 'cmake_prefix_path')
[5.051s] INFO:colcon.colcon_core.shell:Creating environment hook '/home/orangepi/marco_ws/install/marco_description/share/marco_description/hook/cmake_prefix_path.ps1'
[5.052s] INFO:colcon.colcon_core.shell:Creating environment descriptor '/home/orangepi/marco_ws/install/marco_description/share/marco_description/hook/cmake_prefix_path.dsv'
[5.053s] INFO:colcon.colcon_core.shell:Creating environment hook '/home/orangepi/marco_ws/install/marco_description/share/marco_description/hook/cmake_prefix_path.sh'
[5.054s] Level 1:colcon.colcon_core.environment:checking '/home/orangepi/marco_ws/install/marco_description/bin'
[5.055s] Level 1:colcon.colcon_core.environment:checking '/home/orangepi/marco_ws/install/marco_description/lib/pkgconfig/marco_description.pc'
[5.055s] Level 1:colcon.colcon_core.environment:checking '/home/orangepi/marco_ws/install/marco_description/lib/python3.10/site-packages'
[5.055s] Level 1:colcon.colcon_core.environment:checking '/home/orangepi/marco_ws/install/marco_description/bin'
[5.056s] INFO:colcon.colcon_core.shell:Creating package script '/home/orangepi/marco_ws/install/marco_description/share/marco_description/package.ps1'
[5.057s] INFO:colcon.colcon_core.shell:Creating package descriptor '/home/orangepi/marco_ws/install/marco_description/share/marco_description/package.dsv'
[5.058s] INFO:colcon.colcon_core.shell:Creating package script '/home/orangepi/marco_ws/install/marco_description/share/marco_description/package.sh'
[5.059s] INFO:colcon.colcon_core.shell:Creating package script '/home/orangepi/marco_ws/install/marco_description/share/marco_description/package.bash'
[5.060s] INFO:colcon.colcon_core.shell:Creating package script '/home/orangepi/marco_ws/install/marco_description/share/marco_description/package.zsh'
[5.060s] Level 1:colcon.colcon_core.environment:create_file_with_runtime_dependencies(/home/orangepi/marco_ws/install/marco_description/share/colcon-core/packages/marco_description)
[5.061s] Level 1:colcon.colcon_core.environment:create_environment_scripts_only(marco_localization)
[5.061s] Level 1:colcon.colcon_core.environment:checking '/home/orangepi/marco_ws/install/marco_localization' for CMake module files
[5.063s] DEBUG:colcon.colcon_core.event_handler.log_command:Invoked command in '/home/orangepi/marco_ws/build/marco_localization' returned '0': CMAKE_PREFIX_PATH=/opt/ros/humble /usr/bin/cmake --install /home/orangepi/marco_ws/build/marco_localization
[5.063s] Level 1:colcon.colcon_core.environment:checking '/home/orangepi/marco_ws/install/marco_localization' for CMake config files
[5.063s] Level 1:colcon.colcon_core.shell:create_environment_hook('marco_localization', 'cmake_prefix_path')
[5.064s] INFO:colcon.colcon_core.shell:Creating environment hook '/home/orangepi/marco_ws/install/marco_localization/share/marco_localization/hook/cmake_prefix_path.ps1'
[5.064s] INFO:colcon.colcon_core.shell:Creating environment descriptor '/home/orangepi/marco_ws/install/marco_localization/share/marco_localization/hook/cmake_prefix_path.dsv'
[5.065s] INFO:colcon.colcon_core.shell:Creating environment hook '/home/orangepi/marco_ws/install/marco_localization/share/marco_localization/hook/cmake_prefix_path.sh'
[5.066s] Level 1:colcon.colcon_core.environment:checking '/home/orangepi/marco_ws/install/marco_localization/bin'
[5.066s] Level 1:colcon.colcon_core.environment:checking '/home/orangepi/marco_ws/install/marco_localization/lib/pkgconfig/marco_localization.pc'
[5.066s] Level 1:colcon.colcon_core.environment:checking '/home/orangepi/marco_ws/install/marco_localization/lib/python3.10/site-packages'
[5.067s] Level 1:colcon.colcon_core.environment:checking '/home/orangepi/marco_ws/install/marco_localization/bin'
[5.067s] INFO:colcon.colcon_core.shell:Creating package script '/home/orangepi/marco_ws/install/marco_localization/share/marco_localization/package.ps1'
[5.068s] INFO:colcon.colcon_core.shell:Creating package descriptor '/home/orangepi/marco_ws/install/marco_localization/share/marco_localization/package.dsv'
[5.069s] INFO:colcon.colcon_core.shell:Creating package script '/home/orangepi/marco_ws/install/marco_localization/share/marco_localization/package.sh'
[5.069s] INFO:colcon.colcon_core.shell:Creating package script '/home/orangepi/marco_ws/install/marco_localization/share/marco_localization/package.bash'
[5.070s] INFO:colcon.colcon_core.shell:Creating package script '/home/orangepi/marco_ws/install/marco_localization/share/marco_localization/package.zsh'
[5.070s] Level 1:colcon.colcon_core.environment:create_file_with_runtime_dependencies(/home/orangepi/marco_ws/install/marco_localization/share/colcon-core/packages/marco_localization)
[5.071s] Level 1:colcon.colcon_core.environment:create_environment_scripts_only(marco_localization)
[5.071s] Level 1:colcon.colcon_core.environment:checking '/home/orangepi/marco_ws/install/marco_localization' for CMake module files
[5.072s] Level 1:colcon.colcon_core.environment:checking '/home/orangepi/marco_ws/install/marco_localization' for CMake config files
[5.072s] Level 1:colcon.colcon_core.shell:create_environment_hook('marco_localization', 'cmake_prefix_path')
[5.072s] INFO:colcon.colcon_core.shell:Creating environment hook '/home/orangepi/marco_ws/install/marco_localization/share/marco_localization/hook/cmake_prefix_path.ps1'
[5.073s] INFO:colcon.colcon_core.shell:Creating environment descriptor '/home/orangepi/marco_ws/install/marco_localization/share/marco_localization/hook/cmake_prefix_path.dsv'
[5.074s] INFO:colcon.colcon_core.shell:Creating environment hook '/home/orangepi/marco_ws/install/marco_localization/share/marco_localization/hook/cmake_prefix_path.sh'
[5.075s] Level 1:colcon.colcon_core.environment:checking '/home/orangepi/marco_ws/install/marco_localization/bin'
[5.075s] Level 1:colcon.colcon_core.environment:checking '/home/orangepi/marco_ws/install/marco_localization/lib/pkgconfig/marco_localization.pc'
[5.076s] Level 1:colcon.colcon_core.environment:checking '/home/orangepi/marco_ws/install/marco_localization/lib/python3.10/site-packages'
[5.076s] Level 1:colcon.colcon_core.environment:checking '/home/orangepi/marco_ws/install/marco_localization/bin'
[5.077s] INFO:colcon.colcon_core.shell:Creating package script '/home/orangepi/marco_ws/install/marco_localization/share/marco_localization/package.ps1'
[5.078s] INFO:colcon.colcon_core.shell:Creating package descriptor '/home/orangepi/marco_ws/install/marco_localization/share/marco_localization/package.dsv'
[5.079s] INFO:colcon.colcon_core.shell:Creating package script '/home/orangepi/marco_ws/install/marco_localization/share/marco_localization/package.sh'
[5.081s] INFO:colcon.colcon_core.shell:Creating package script '/home/orangepi/marco_ws/install/marco_localization/share/marco_localization/package.bash'
[5.082s] INFO:colcon.colcon_core.shell:Creating package script '/home/orangepi/marco_ws/install/marco_localization/share/marco_localization/package.zsh'
[5.083s] Level 1:colcon.colcon_core.environment:create_file_with_runtime_dependencies(/home/orangepi/marco_ws/install/marco_localization/share/colcon-core/packages/marco_localization)
[5.448s] Level 1:colcon.colcon_core.environment:create_environment_scripts_only(marco_navigation)
[5.449s] Level 1:colcon.colcon_core.environment:checking '/home/orangepi/marco_ws/install/marco_navigation' for CMake module files
[5.450s] DEBUG:colcon.colcon_core.event_handler.log_command:Invoked command in '/home/orangepi/marco_ws/build/marco_navigation' returned '0': CMAKE_PREFIX_PATH=/opt/ros/humble /usr/bin/cmake --install /home/orangepi/marco_ws/build/marco_navigation
[5.450s] Level 1:colcon.colcon_core.environment:checking '/home/orangepi/marco_ws/install/marco_navigation' for CMake config files
[5.451s] Level 1:colcon.colcon_core.shell:create_environment_hook('marco_navigation', 'cmake_prefix_path')
[5.451s] INFO:colcon.colcon_core.shell:Creating environment hook '/home/orangepi/marco_ws/install/marco_navigation/share/marco_navigation/hook/cmake_prefix_path.ps1'
[5.452s] INFO:colcon.colcon_core.shell:Creating environment descriptor '/home/orangepi/marco_ws/install/marco_navigation/share/marco_navigation/hook/cmake_prefix_path.dsv'
[5.453s] INFO:colcon.colcon_core.shell:Creating environment hook '/home/orangepi/marco_ws/install/marco_navigation/share/marco_navigation/hook/cmake_prefix_path.sh'
[5.454s] Level 1:colcon.colcon_core.environment:checking '/home/orangepi/marco_ws/install/marco_navigation/bin'
[5.454s] Level 1:colcon.colcon_core.environment:checking '/home/orangepi/marco_ws/install/marco_navigation/lib/pkgconfig/marco_navigation.pc'
[5.454s] Level 1:colcon.colcon_core.environment:checking '/home/orangepi/marco_ws/install/marco_navigation/lib/python3.10/site-packages'
[5.455s] Level 1:colcon.colcon_core.environment:checking '/home/orangepi/marco_ws/install/marco_navigation/bin'
[5.455s] INFO:colcon.colcon_core.shell:Creating package script '/home/orangepi/marco_ws/install/marco_navigation/share/marco_navigation/package.ps1'
[5.457s] INFO:colcon.colcon_core.shell:Creating package descriptor '/home/orangepi/marco_ws/install/marco_navigation/share/marco_navigation/package.dsv'
[5.457s] INFO:colcon.colcon_core.shell:Creating package script '/home/orangepi/marco_ws/install/marco_navigation/share/marco_navigation/package.sh'
[5.458s] INFO:colcon.colcon_core.shell:Creating package script '/home/orangepi/marco_ws/install/marco_navigation/share/marco_navigation/package.bash'
[5.459s] INFO:colcon.colcon_core.shell:Creating package script '/home/orangepi/marco_ws/install/marco_navigation/share/marco_navigation/package.zsh'
[5.460s] Level 1:colcon.colcon_core.environment:create_file_with_runtime_dependencies(/home/orangepi/marco_ws/install/marco_navigation/share/colcon-core/packages/marco_navigation)
[5.461s] Level 1:colcon.colcon_core.environment:create_environment_scripts_only(marco_navigation)
[5.462s] Level 1:colcon.colcon_core.environment:checking '/home/orangepi/marco_ws/install/marco_navigation' for CMake module files
[5.462s] Level 1:colcon.colcon_core.environment:checking '/home/orangepi/marco_ws/install/marco_navigation' for CMake config files
[5.463s] Level 1:colcon.colcon_core.shell:create_environment_hook('marco_navigation', 'cmake_prefix_path')
[5.464s] INFO:colcon.colcon_core.shell:Creating environment hook '/home/orangepi/marco_ws/install/marco_navigation/share/marco_navigation/hook/cmake_prefix_path.ps1'
[5.465s] INFO:colcon.colcon_core.shell:Creating environment descriptor '/home/orangepi/marco_ws/install/marco_navigation/share/marco_navigation/hook/cmake_prefix_path.dsv'
[5.466s] INFO:colcon.colcon_core.shell:Creating environment hook '/home/orangepi/marco_ws/install/marco_navigation/share/marco_navigation/hook/cmake_prefix_path.sh'
[5.467s] Level 1:colcon.colcon_core.environment:checking '/home/orangepi/marco_ws/install/marco_navigation/bin'
[5.467s] Level 1:colcon.colcon_core.environment:checking '/home/orangepi/marco_ws/install/marco_navigation/lib/pkgconfig/marco_navigation.pc'
[5.467s] Level 1:colcon.colcon_core.environment:checking '/home/orangepi/marco_ws/install/marco_navigation/lib/python3.10/site-packages'
[5.468s] Level 1:colcon.colcon_core.environment:checking '/home/orangepi/marco_ws/install/marco_navigation/bin'
[5.468s] INFO:colcon.colcon_core.shell:Creating package script '/home/orangepi/marco_ws/install/marco_navigation/share/marco_navigation/package.ps1'
[5.470s] INFO:colcon.colcon_core.shell:Creating package descriptor '/home/orangepi/marco_ws/install/marco_navigation/share/marco_navigation/package.dsv'
[5.470s] INFO:colcon.colcon_core.shell:Creating package script '/home/orangepi/marco_ws/install/marco_navigation/share/marco_navigation/package.sh'
[5.471s] INFO:colcon.colcon_core.shell:Creating package script '/home/orangepi/marco_ws/install/marco_navigation/share/marco_navigation/package.bash'
[5.474s] INFO:colcon.colcon_core.shell:Creating package script '/home/orangepi/marco_ws/install/marco_navigation/share/marco_navigation/package.zsh'
[5.477s] Level 1:colcon.colcon_core.environment:create_file_with_runtime_dependencies(/home/orangepi/marco_ws/install/marco_navigation/share/colcon-core/packages/marco_navigation)
[5.565s] DEBUG:colcon.colcon_core.task.python.build:Available setuptools commands: bdist, saveopts, bdist_rpm, alias, test, install_data, egg_info, bdist_wheel, install, install_egg_info, install_headers, clean, bdist_egg, develop, bdist_dumb, sdist, install_lib, check, symlink_data, rotate, build, build_clib, easy_install, build_py, build_scripts, setopt, upload_docs, install_scripts, upload, dist_info, build_ext, register
[5.969s] DEBUG:colcon.colcon_core.task.python.build:Available setuptools 'develop' options: --no-deps, --prefix, --allow-hosts, --always-unzip, --install-layout, --record, --verbose, --local-snapshots-ok, --force-installation-into-system-dir, --no-user-cfg, --dry-run, --site-dirs, --build-directory, --install-dir, --zip-ok, --editable, --exclude-scripts, --index-url, --help, --multi-version, --always-copy, --uninstall, --script-dir, --optimize, --no-find-links, --user, --find-links, --upgrade, --quiet, --version, --egg-path
[5.973s] DEBUG:colcon.colcon_core.event_handler.log_command:Invoking command in '/home/orangepi/marco_ws/build/marco_perception': PYTHONPATH=/home/orangepi/marco_ws/build/marco_perception/prefix_override:/usr/lib/python3/dist-packages/colcon_core/task/python/colcon_distutils_commands:/home/orangepi/marco_ws/install/marco_perception/lib/python3.10/site-packages:${PYTHONPATH} /usr/bin/python3 -W ignore:setup.py install is deprecated -W ignore:easy_install command is deprecated setup.py develop --editable --build-directory /home/orangepi/marco_ws/build/marco_perception/build --no-deps symlink_data
[6.233s] DEBUG:colcon.colcon_core.event_handler.log_command:Invoked command in '/home/orangepi/marco_ws/build/marco_simulation' returned '0': CMAKE_PREFIX_PATH=/opt/ros/humble /usr/bin/cmake /home/orangepi/marco_ws/src/marco_simulation -DAMENT_CMAKE_SYMLINK_INSTALL=1 -DCMAKE_INSTALL_PREFIX=/home/orangepi/marco_ws/install/marco_simulation
[6.237s] DEBUG:colcon.colcon_core.event_handler.log_command:Invoking command in '/home/orangepi/marco_ws/build/marco_simulation': CMAKE_PREFIX_PATH=/opt/ros/humble /usr/bin/cmake --build /home/orangepi/marco_ws/build/marco_simulation -- -j8 -l8
[6.354s] DEBUG:colcon.colcon_core.event_handler.log_command:Invoked command in '/home/orangepi/marco_ws/build/marco_simulation' returned '0': CMAKE_PREFIX_PATH=/opt/ros/humble /usr/bin/cmake --build /home/orangepi/marco_ws/build/marco_simulation -- -j8 -l8
[6.360s] DEBUG:colcon.colcon_core.event_handler.log_command:Invoking command in '/home/orangepi/marco_ws/build/marco_simulation': CMAKE_PREFIX_PATH=/opt/ros/humble /usr/bin/cmake --install /home/orangepi/marco_ws/build/marco_simulation
[6.375s] DEBUG:colcon.colcon_core.event_handler.log_command:Invoked command in '/home/orangepi/marco_ws/build/marco_safety' returned '0': CMAKE_PREFIX_PATH=/opt/ros/humble /usr/bin/cmake /home/orangepi/marco_ws/src/marco_safety -DAMENT_CMAKE_SYMLINK_INSTALL=1 -DCMAKE_INSTALL_PREFIX=/home/orangepi/marco_ws/install/marco_safety
[6.379s] DEBUG:colcon.colcon_core.event_handler.log_command:Invoking command in '/home/orangepi/marco_ws/build/marco_safety': CMAKE_PREFIX_PATH=/opt/ros/humble /usr/bin/cmake --build /home/orangepi/marco_ws/build/marco_safety -- -j8 -l8
[6.481s] DEBUG:colcon.colcon_core.event_handler.log_command:Invoked command in '/home/orangepi/marco_ws/build/marco_safety' returned '0': CMAKE_PREFIX_PATH=/opt/ros/humble /usr/bin/cmake --build /home/orangepi/marco_ws/build/marco_safety -- -j8 -l8
[6.486s] DEBUG:colcon.colcon_core.event_handler.log_command:Invoking command in '/home/orangepi/marco_ws/build/marco_safety': CMAKE_PREFIX_PATH=/opt/ros/humble /usr/bin/cmake --install /home/orangepi/marco_ws/build/marco_safety
[6.548s] Level 1:colcon.colcon_core.shell:create_environment_hook('marco_perception', 'pythonpath_develop')
[6.549s] INFO:colcon.colcon_core.shell:Creating environment hook '/home/orangepi/marco_ws/build/marco_perception/share/marco_perception/hook/pythonpath_develop.ps1'
[6.550s] DEBUG:colcon.colcon_core.event_handler.log_command:Invoked command in '/home/orangepi/marco_ws/build/marco_perception' returned '0': PYTHONPATH=/home/orangepi/marco_ws/build/marco_perception/prefix_override:/usr/lib/python3/dist-packages/colcon_core/task/python/colcon_distutils_commands:/home/orangepi/marco_ws/install/marco_perception/lib/python3.10/site-packages:${PYTHONPATH} /usr/bin/python3 -W ignore:setup.py install is deprecated -W ignore:easy_install command is deprecated setup.py develop --editable --build-directory /home/orangepi/marco_ws/build/marco_perception/build --no-deps symlink_data
[6.551s] INFO:colcon.colcon_core.shell:Creating environment descriptor '/home/orangepi/marco_ws/build/marco_perception/share/marco_perception/hook/pythonpath_develop.dsv'
[6.552s] INFO:colcon.colcon_core.shell:Creating environment hook '/home/orangepi/marco_ws/build/marco_perception/share/marco_perception/hook/pythonpath_develop.sh'
[6.553s] Level 1:colcon.colcon_core.environment:checking '/home/orangepi/marco_ws/install/marco_perception' for CMake module files
[6.554s] Level 1:colcon.colcon_core.environment:checking '/home/orangepi/marco_ws/install/marco_perception' for CMake config files
[6.555s] Level 1:colcon.colcon_core.environment:checking '/home/orangepi/marco_ws/install/marco_perception/lib'
[6.555s] Level 1:colcon.colcon_core.environment:checking '/home/orangepi/marco_ws/install/marco_perception/bin'
[6.555s] Level 1:colcon.colcon_core.environment:checking '/home/orangepi/marco_ws/install/marco_perception/lib/pkgconfig/marco_perception.pc'
[6.556s] Level 1:colcon.colcon_core.environment:checking '/home/orangepi/marco_ws/install/marco_perception/lib/python3.10/site-packages'
[6.556s] Level 1:colcon.colcon_core.shell:create_environment_hook('marco_perception', 'pythonpath')
[6.557s] INFO:colcon.colcon_core.shell:Creating environment hook '/home/orangepi/marco_ws/install/marco_perception/share/marco_perception/hook/pythonpath.ps1'
[6.558s] INFO:colcon.colcon_core.shell:Creating environment descriptor '/home/orangepi/marco_ws/install/marco_perception/share/marco_perception/hook/pythonpath.dsv'
[6.558s] INFO:colcon.colcon_core.shell:Creating environment hook '/home/orangepi/marco_ws/install/marco_perception/share/marco_perception/hook/pythonpath.sh'
[6.560s] Level 1:colcon.colcon_core.environment:checking '/home/orangepi/marco_ws/install/marco_perception/bin'
[6.560s] Level 1:colcon.colcon_core.environment:create_environment_scripts_only(marco_perception)
[6.561s] INFO:colcon.colcon_core.shell:Creating package script '/home/orangepi/marco_ws/install/marco_perception/share/marco_perception/package.ps1'
[6.562s] INFO:colcon.colcon_core.shell:Creating package descriptor '/home/orangepi/marco_ws/install/marco_perception/share/marco_perception/package.dsv'
[6.562s] INFO:colcon.colcon_core.shell:Creating package script '/home/orangepi/marco_ws/install/marco_perception/share/marco_perception/package.sh'
[6.563s] INFO:colcon.colcon_core.shell:Creating package script '/home/orangepi/marco_ws/install/marco_perception/share/marco_perception/package.bash'
[6.564s] INFO:colcon.colcon_core.shell:Creating package script '/home/orangepi/marco_ws/install/marco_perception/share/marco_perception/package.zsh'
[6.564s] Level 1:colcon.colcon_core.environment:create_file_with_runtime_dependencies(/home/orangepi/marco_ws/install/marco_perception/share/colcon-core/packages/marco_perception)
[6.869s] Level 1:colcon.colcon_core.environment:create_environment_scripts_only(marco_simulation)
[6.870s] Level 1:colcon.colcon_core.environment:checking '/home/orangepi/marco_ws/install/marco_simulation' for CMake module files
[6.871s] DEBUG:colcon.colcon_core.event_handler.log_command:Invoked command in '/home/orangepi/marco_ws/build/marco_simulation' returned '0': CMAKE_PREFIX_PATH=/opt/ros/humble /usr/bin/cmake --install /home/orangepi/marco_ws/build/marco_simulation
[6.872s] Level 1:colcon.colcon_core.environment:checking '/home/orangepi/marco_ws/install/marco_simulation' for CMake config files
[6.872s] Level 1:colcon.colcon_core.shell:create_environment_hook('marco_simulation', 'cmake_prefix_path')
[6.873s] INFO:colcon.colcon_core.shell:Creating environment hook '/home/orangepi/marco_ws/install/marco_simulation/share/marco_simulation/hook/cmake_prefix_path.ps1'
[6.874s] INFO:colcon.colcon_core.shell:Creating environment descriptor '/home/orangepi/marco_ws/install/marco_simulation/share/marco_simulation/hook/cmake_prefix_path.dsv'
[6.874s] INFO:colcon.colcon_core.shell:Creating environment hook '/home/orangepi/marco_ws/install/marco_simulation/share/marco_simulation/hook/cmake_prefix_path.sh'
[6.875s] Level 1:colcon.colcon_core.environment:checking '/home/orangepi/marco_ws/install/marco_simulation/bin'
[6.875s] Level 1:colcon.colcon_core.environment:checking '/home/orangepi/marco_ws/install/marco_simulation/lib/pkgconfig/marco_simulation.pc'
[6.876s] Level 1:colcon.colcon_core.environment:checking '/home/orangepi/marco_ws/install/marco_simulation/lib/python3.10/site-packages'
[6.876s] Level 1:colcon.colcon_core.environment:checking '/home/orangepi/marco_ws/install/marco_simulation/bin'
[6.877s] INFO:colcon.colcon_core.shell:Creating package script '/home/orangepi/marco_ws/install/marco_simulation/share/marco_simulation/package.ps1'
[6.877s] INFO:colcon.colcon_core.shell:Creating package descriptor '/home/orangepi/marco_ws/install/marco_simulation/share/marco_simulation/package.dsv'
[6.878s] INFO:colcon.colcon_core.shell:Creating package script '/home/orangepi/marco_ws/install/marco_simulation/share/marco_simulation/package.sh'
[6.878s] INFO:colcon.colcon_core.shell:Creating package script '/home/orangepi/marco_ws/install/marco_simulation/share/marco_simulation/package.bash'
[6.879s] INFO:colcon.colcon_core.shell:Creating package script '/home/orangepi/marco_ws/install/marco_simulation/share/marco_simulation/package.zsh'
[6.879s] Level 1:colcon.colcon_core.environment:create_file_with_runtime_dependencies(/home/orangepi/marco_ws/install/marco_simulation/share/colcon-core/packages/marco_simulation)
[6.880s] Level 1:colcon.colcon_core.environment:create_environment_scripts_only(marco_simulation)
[6.880s] Level 1:colcon.colcon_core.environment:checking '/home/orangepi/marco_ws/install/marco_simulation' for CMake module files
[6.881s] Level 1:colcon.colcon_core.environment:checking '/home/orangepi/marco_ws/install/marco_simulation' for CMake config files
[6.881s] Level 1:colcon.colcon_core.shell:create_environment_hook('marco_simulation', 'cmake_prefix_path')
[6.882s] INFO:colcon.colcon_core.shell:Creating environment hook '/home/orangepi/marco_ws/install/marco_simulation/share/marco_simulation/hook/cmake_prefix_path.ps1'
[6.882s] INFO:colcon.colcon_core.shell:Creating environment descriptor '/home/orangepi/marco_ws/install/marco_simulation/share/marco_simulation/hook/cmake_prefix_path.dsv'
[6.883s] INFO:colcon.colcon_core.shell:Creating environment hook '/home/orangepi/marco_ws/install/marco_simulation/share/marco_simulation/hook/cmake_prefix_path.sh'
[6.883s] Level 1:colcon.colcon_core.environment:checking '/home/orangepi/marco_ws/install/marco_simulation/bin'
[6.884s] Level 1:colcon.colcon_core.environment:checking '/home/orangepi/marco_ws/install/marco_simulation/lib/pkgconfig/marco_simulation.pc'
[6.884s] Level 1:colcon.colcon_core.environment:checking '/home/orangepi/marco_ws/install/marco_simulation/lib/python3.10/site-packages'
[6.884s] Level 1:colcon.colcon_core.environment:checking '/home/orangepi/marco_ws/install/marco_simulation/bin'
[6.885s] INFO:colcon.colcon_core.shell:Creating package script '/home/orangepi/marco_ws/install/marco_simulation/share/marco_simulation/package.ps1'
[6.886s] INFO:colcon.colcon_core.shell:Creating package descriptor '/home/orangepi/marco_ws/install/marco_simulation/share/marco_simulation/package.dsv'
[6.886s] INFO:colcon.colcon_core.shell:Creating package script '/home/orangepi/marco_ws/install/marco_simulation/share/marco_simulation/package.sh'
[6.887s] INFO:colcon.colcon_core.shell:Creating package script '/home/orangepi/marco_ws/install/marco_simulation/share/marco_simulation/package.bash'
[6.887s] INFO:colcon.colcon_core.shell:Creating package script '/home/orangepi/marco_ws/install/marco_simulation/share/marco_simulation/package.zsh'
[6.888s] Level 1:colcon.colcon_core.environment:create_file_with_runtime_dependencies(/home/orangepi/marco_ws/install/marco_simulation/share/colcon-core/packages/marco_simulation)
[6.889s] Level 1:colcon.colcon_core.environment:create_environment_scripts_only(marco_safety)
[6.890s] Level 1:colcon.colcon_core.environment:checking '/home/orangepi/marco_ws/install/marco_safety' for CMake module files
[6.891s] Level 1:colcon.colcon_core.environment:checking '/home/orangepi/marco_ws/install/marco_safety' for CMake config files
[6.893s] DEBUG:colcon.colcon_core.event_handler.log_command:Invoked command in '/home/orangepi/marco_ws/build/marco_safety' returned '0': CMAKE_PREFIX_PATH=/opt/ros/humble /usr/bin/cmake --install /home/orangepi/marco_ws/build/marco_safety
[6.893s] Level 1:colcon.colcon_core.shell:create_environment_hook('marco_safety', 'cmake_prefix_path')
[6.894s] INFO:colcon.colcon_core.shell:Creating environment hook '/home/orangepi/marco_ws/install/marco_safety/share/marco_safety/hook/cmake_prefix_path.ps1'
[6.895s] INFO:colcon.colcon_core.shell:Creating environment descriptor '/home/orangepi/marco_ws/install/marco_safety/share/marco_safety/hook/cmake_prefix_path.dsv'
[6.895s] INFO:colcon.colcon_core.shell:Creating environment hook '/home/orangepi/marco_ws/install/marco_safety/share/marco_safety/hook/cmake_prefix_path.sh'
[6.896s] Level 1:colcon.colcon_core.environment:checking '/home/orangepi/marco_ws/install/marco_safety/bin'
[6.896s] Level 1:colcon.colcon_core.environment:checking '/home/orangepi/marco_ws/install/marco_safety/lib/pkgconfig/marco_safety.pc'
[6.896s] Level 1:colcon.colcon_core.environment:checking '/home/orangepi/marco_ws/install/marco_safety/lib/python3.10/site-packages'
[6.897s] Level 1:colcon.colcon_core.environment:checking '/home/orangepi/marco_ws/install/marco_safety/bin'
[6.898s] INFO:colcon.colcon_core.shell:Creating package script '/home/orangepi/marco_ws/install/marco_safety/share/marco_safety/package.ps1'
[6.898s] INFO:colcon.colcon_core.shell:Creating package descriptor '/home/orangepi/marco_ws/install/marco_safety/share/marco_safety/package.dsv'
[6.899s] INFO:colcon.colcon_core.shell:Creating package script '/home/orangepi/marco_ws/install/marco_safety/share/marco_safety/package.sh'
[6.899s] INFO:colcon.colcon_core.shell:Creating package script '/home/orangepi/marco_ws/install/marco_safety/share/marco_safety/package.bash'
[6.900s] INFO:colcon.colcon_core.shell:Creating package script '/home/orangepi/marco_ws/install/marco_safety/share/marco_safety/package.zsh'
[6.900s] Level 1:colcon.colcon_core.environment:create_file_with_runtime_dependencies(/home/orangepi/marco_ws/install/marco_safety/share/colcon-core/packages/marco_safety)
[6.901s] Level 1:colcon.colcon_core.environment:create_environment_scripts_only(marco_safety)
[6.901s] Level 1:colcon.colcon_core.environment:checking '/home/orangepi/marco_ws/install/marco_safety' for CMake module files
[6.902s] Level 1:colcon.colcon_core.environment:checking '/home/orangepi/marco_ws/install/marco_safety' for CMake config files
[6.902s] Level 1:colcon.colcon_core.shell:create_environment_hook('marco_safety', 'cmake_prefix_path')
[6.903s] INFO:colcon.colcon_core.shell:Creating environment hook '/home/orangepi/marco_ws/install/marco_safety/share/marco_safety/hook/cmake_prefix_path.ps1'
[6.903s] INFO:colcon.colcon_core.shell:Creating environment descriptor '/home/orangepi/marco_ws/install/marco_safety/share/marco_safety/hook/cmake_prefix_path.dsv'
[6.904s] INFO:colcon.colcon_core.shell:Creating environment hook '/home/orangepi/marco_ws/install/marco_safety/share/marco_safety/hook/cmake_prefix_path.sh'
[6.906s] Level 1:colcon.colcon_core.environment:checking '/home/orangepi/marco_ws/install/marco_safety/bin'
[6.906s] Level 1:colcon.colcon_core.environment:checking '/home/orangepi/marco_ws/install/marco_safety/lib/pkgconfig/marco_safety.pc'
[6.906s] Level 1:colcon.colcon_core.environment:checking '/home/orangepi/marco_ws/install/marco_safety/lib/python3.10/site-packages'
[6.907s] Level 1:colcon.colcon_core.environment:checking '/home/orangepi/marco_ws/install/marco_safety/bin'
[6.908s] INFO:colcon.colcon_core.shell:Creating package script '/home/orangepi/marco_ws/install/marco_safety/share/marco_safety/package.ps1'
[6.910s] INFO:colcon.colcon_core.shell:Creating package descriptor '/home/orangepi/marco_ws/install/marco_safety/share/marco_safety/package.dsv'
[6.911s] INFO:colcon.colcon_core.shell:Creating package script '/home/orangepi/marco_ws/install/marco_safety/share/marco_safety/package.sh'
[6.911s] INFO:colcon.colcon_core.shell:Creating package script '/home/orangepi/marco_ws/install/marco_safety/share/marco_safety/package.bash'
[6.912s] INFO:colcon.colcon_core.shell:Creating package script '/home/orangepi/marco_ws/install/marco_safety/share/marco_safety/package.zsh'
[6.913s] Level 1:colcon.colcon_core.environment:create_file_with_runtime_dependencies(/home/orangepi/marco_ws/install/marco_safety/share/colcon-core/packages/marco_safety)
[7.019s] DEBUG:colcon.colcon_core.event_handler.log_command:Invoked command in '/home/orangepi/marco_ws/build/marco_msgs' returned '0': CMAKE_PREFIX_PATH=/opt/ros/humble /usr/bin/cmake /home/orangepi/marco_ws/src/marco_msgs -DAMENT_CMAKE_SYMLINK_INSTALL=1 -DCMAKE_INSTALL_PREFIX=/home/orangepi/marco_ws/install/marco_msgs
[7.022s] DEBUG:colcon.colcon_core.event_handler.log_command:Invoking command in '/home/orangepi/marco_ws/build/marco_msgs': CMAKE_PREFIX_PATH=/opt/ros/humble /usr/bin/cmake --build /home/orangepi/marco_ws/build/marco_msgs -- -j8 -l8
[18.064s] DEBUG:colcon.colcon_core.event_handler.log_command:Invoked command in '/home/orangepi/marco_ws/build/marco_msgs' returned '0': CMAKE_PREFIX_PATH=/opt/ros/humble /usr/bin/cmake --build /home/orangepi/marco_ws/build/marco_msgs -- -j8 -l8
[18.068s] DEBUG:colcon.colcon_core.event_handler.log_command:Invoking command in '/home/orangepi/marco_ws/build/marco_msgs': CMAKE_PREFIX_PATH=/opt/ros/humble /usr/bin/cmake --install /home/orangepi/marco_ws/build/marco_msgs
[21.387s] Level 1:colcon.colcon_core.environment:create_environment_scripts_only(marco_msgs)
[21.389s] Level 1:colcon.colcon_core.environment:checking '/home/orangepi/marco_ws/install/marco_msgs' for CMake module files
[21.391s] DEBUG:colcon.colcon_core.event_handler.log_command:Invoked command in '/home/orangepi/marco_ws/build/marco_msgs' returned '0': CMAKE_PREFIX_PATH=/opt/ros/humble /usr/bin/cmake --install /home/orangepi/marco_ws/build/marco_msgs
[21.394s] Level 1:colcon.colcon_core.environment:checking '/home/orangepi/marco_ws/install/marco_msgs' for CMake config files
[21.399s] Level 1:colcon.colcon_core.shell:create_environment_hook('marco_msgs', 'cmake_prefix_path')
[21.400s] INFO:colcon.colcon_core.shell:Creating environment hook '/home/orangepi/marco_ws/install/marco_msgs/share/marco_msgs/hook/cmake_prefix_path.ps1'
[21.402s] INFO:colcon.colcon_core.shell:Creating environment descriptor '/home/orangepi/marco_ws/install/marco_msgs/share/marco_msgs/hook/cmake_prefix_path.dsv'
[21.404s] INFO:colcon.colcon_core.shell:Creating environment hook '/home/orangepi/marco_ws/install/marco_msgs/share/marco_msgs/hook/cmake_prefix_path.sh'
[21.406s] Level 1:colcon.colcon_core.environment:checking '/home/orangepi/marco_ws/install/marco_msgs/lib'
[21.406s] Level 1:colcon.colcon_core.shell:create_environment_hook('marco_msgs', 'ld_library_path_lib')
[21.407s] INFO:colcon.colcon_core.shell:Creating environment hook '/home/orangepi/marco_ws/install/marco_msgs/share/marco_msgs/hook/ld_library_path_lib.ps1'
[21.409s] INFO:colcon.colcon_core.shell:Creating environment descriptor '/home/orangepi/marco_ws/install/marco_msgs/share/marco_msgs/hook/ld_library_path_lib.dsv'
[21.410s] INFO:colcon.colcon_core.shell:Creating environment hook '/home/orangepi/marco_ws/install/marco_msgs/share/marco_msgs/hook/ld_library_path_lib.sh'
[21.411s] Level 1:colcon.colcon_core.environment:checking '/home/orangepi/marco_ws/install/marco_msgs/bin'
[21.411s] Level 1:colcon.colcon_core.environment:checking '/home/orangepi/marco_ws/install/marco_msgs/lib/pkgconfig/marco_msgs.pc'
[21.412s] Level 1:colcon.colcon_core.environment:checking '/home/orangepi/marco_ws/install/marco_msgs/lib/python3.10/site-packages'
[21.414s] Level 1:colcon.colcon_core.environment:checking '/home/orangepi/marco_ws/install/marco_msgs/bin'
[21.416s] INFO:colcon.colcon_core.shell:Creating package script '/home/orangepi/marco_ws/install/marco_msgs/share/marco_msgs/package.ps1'
[21.418s] INFO:colcon.colcon_core.shell:Creating package descriptor '/home/orangepi/marco_ws/install/marco_msgs/share/marco_msgs/package.dsv'
[21.420s] INFO:colcon.colcon_core.shell:Creating package script '/home/orangepi/marco_ws/install/marco_msgs/share/marco_msgs/package.sh'
[21.423s] INFO:colcon.colcon_core.shell:Creating package script '/home/orangepi/marco_ws/install/marco_msgs/share/marco_msgs/package.bash'
[21.424s] INFO:colcon.colcon_core.shell:Creating package script '/home/orangepi/marco_ws/install/marco_msgs/share/marco_msgs/package.zsh'
[21.425s] Level 1:colcon.colcon_core.environment:create_file_with_runtime_dependencies(/home/orangepi/marco_ws/install/marco_msgs/share/colcon-core/packages/marco_msgs)
[21.428s] Level 1:colcon.colcon_core.environment:create_environment_scripts_only(marco_msgs)
[21.429s] Level 1:colcon.colcon_core.environment:checking '/home/orangepi/marco_ws/install/marco_msgs' for CMake module files
[21.433s] Level 1:colcon.colcon_core.environment:checking '/home/orangepi/marco_ws/install/marco_msgs' for CMake config files
[21.438s] Level 1:colcon.colcon_core.shell:create_environment_hook('marco_msgs', 'cmake_prefix_path')
[21.439s] INFO:colcon.colcon_core.shell:Creating environment hook '/home/orangepi/marco_ws/install/marco_msgs/share/marco_msgs/hook/cmake_prefix_path.ps1'
[21.441s] INFO:colcon.colcon_core.shell:Creating environment descriptor '/home/orangepi/marco_ws/install/marco_msgs/share/marco_msgs/hook/cmake_prefix_path.dsv'
[21.442s] INFO:colcon.colcon_core.shell:Creating environment hook '/home/orangepi/marco_ws/install/marco_msgs/share/marco_msgs/hook/cmake_prefix_path.sh'
[21.445s] Level 1:colcon.colcon_core.environment:checking '/home/orangepi/marco_ws/install/marco_msgs/lib'
[21.445s] Level 1:colcon.colcon_core.shell:create_environment_hook('marco_msgs', 'ld_library_path_lib')
[21.446s] INFO:colcon.colcon_core.shell:Creating environment hook '/home/orangepi/marco_ws/install/marco_msgs/share/marco_msgs/hook/ld_library_path_lib.ps1'
[21.447s] INFO:colcon.colcon_core.shell:Creating environment descriptor '/home/orangepi/marco_ws/install/marco_msgs/share/marco_msgs/hook/ld_library_path_lib.dsv'
[21.447s] INFO:colcon.colcon_core.shell:Creating environment hook '/home/orangepi/marco_ws/install/marco_msgs/share/marco_msgs/hook/ld_library_path_lib.sh'
[21.448s] Level 1:colcon.colcon_core.environment:checking '/home/orangepi/marco_ws/install/marco_msgs/bin'
[21.448s] Level 1:colcon.colcon_core.environment:checking '/home/orangepi/marco_ws/install/marco_msgs/lib/pkgconfig/marco_msgs.pc'
[21.449s] Level 1:colcon.colcon_core.environment:checking '/home/orangepi/marco_ws/install/marco_msgs/lib/python3.10/site-packages'
[21.449s] Level 1:colcon.colcon_core.environment:checking '/home/orangepi/marco_ws/install/marco_msgs/bin'
[21.450s] INFO:colcon.colcon_core.shell:Creating package script '/home/orangepi/marco_ws/install/marco_msgs/share/marco_msgs/package.ps1'
[21.451s] INFO:colcon.colcon_core.shell:Creating package descriptor '/home/orangepi/marco_ws/install/marco_msgs/share/marco_msgs/package.dsv'
[21.452s] INFO:colcon.colcon_core.shell:Creating package script '/home/orangepi/marco_ws/install/marco_msgs/share/marco_msgs/package.sh'
[21.453s] INFO:colcon.colcon_core.shell:Creating package script '/home/orangepi/marco_ws/install/marco_msgs/share/marco_msgs/package.bash'
[21.454s] INFO:colcon.colcon_core.shell:Creating package script '/home/orangepi/marco_ws/install/marco_msgs/share/marco_msgs/package.zsh'
[21.454s] Level 1:colcon.colcon_core.environment:create_file_with_runtime_dependencies(/home/orangepi/marco_ws/install/marco_msgs/share/colcon-core/packages/marco_msgs)
[21.456s] DEBUG:colcon.colcon_parallel_executor.executor.parallel:closing loop
[21.456s] DEBUG:colcon.colcon_parallel_executor.executor.parallel:loop closed
[21.456s] DEBUG:colcon.colcon_parallel_executor.executor.parallel:run_until_complete finished with '0'
[21.456s] DEBUG:colcon.colcon_core.event_reactor:joining thread
[21.459s] DEBUG:colcon.colcon_core.event_reactor:joined thread
[21.460s] INFO:colcon.colcon_core.shell:Creating prefix script '/home/orangepi/marco_ws/install/local_setup.ps1'
[21.462s] INFO:colcon.colcon_core.shell:Creating prefix util module '/home/orangepi/marco_ws/install/_local_setup_util_ps1.py'
[21.465s] INFO:colcon.colcon_core.shell:Creating prefix chain script '/home/orangepi/marco_ws/install/setup.ps1'
[21.468s] INFO:colcon.colcon_core.shell:Creating prefix script '/home/orangepi/marco_ws/install/local_setup.sh'
[21.470s] INFO:colcon.colcon_core.shell:Creating prefix util module '/home/orangepi/marco_ws/install/_local_setup_util_sh.py'
[21.471s] INFO:colcon.colcon_core.shell:Creating prefix chain script '/home/orangepi/marco_ws/install/setup.sh'
[21.474s] INFO:colcon.colcon_core.shell:Creating prefix script '/home/orangepi/marco_ws/install/local_setup.bash'
[21.476s] INFO:colcon.colcon_core.shell:Creating prefix chain script '/home/orangepi/marco_ws/install/setup.bash'
[21.478s] INFO:colcon.colcon_core.shell:Creating prefix script '/home/orangepi/marco_ws/install/local_setup.zsh'
[21.480s] INFO:colcon.colcon_core.shell:Creating prefix chain script '/home/orangepi/marco_ws/install/setup.zsh'
